theater_id,name,alternate_names,address,borough,latitude,longitude,image_url,image_path,opening_year,closing_year,reopening_year,status,screen_count,source,source_url,source_date,date_source,date_source_url,date_source_date,date_research_status,confidence,notes,geocode_status,geocode_match_type,geocoded_address,geocoded_latitude,geocoded_longitude,current_place_name,current_place_category,current_place_type,closure_audit_result,closure_audit_confidence,closure_audit_source,closure_audit_date,closure_audit_note
1297,116th Street Theatre,Loew's 116th Street Theatre,"132 W. 116th Street, New York, NY 10026",Manhattan,40.8026401,-73.9514698,https://photos.cinematreasures.org/production/photos/37347/1330703229/large.jpeg?1330703229,theater_images/1297.jpeg,1926,unknown,,Closed,1,Cinema Treasures,https://cinematreasures.org/theaters/1297,9/15/26,,,,,low,"Opening year is an upper bound ('prior to/before 1926'). Not stated on source page: closing year. Current-address audit found no confirmed continuation of this theater; it is closed, but the closing year is unknown.",Match,Exact,"132 W 116TH ST, NEW YORK, NY, 10026",40.80226591,-73.95041563,108,building,yes,closed_unknown_date,medium,U.S. Census Geocoder; OpenStreetMap via Photon and Overpass,9/16/26,No matching current theater was found at the geocoded address. Closing date remains unknown.
8732,16th Street Theatre,Universal Theatre,"166 16th Street, Brooklyn, NY 11215",Brooklyn,40.664951,-73.990818,https://photos.cinematreasures.org/production/photos/146121/1448497107/large.jpg?1448497107,theater_images/8732.jpg,1914,1956,,Closed,1,Cinema Treasures,https://cinematreasures.org/theaters/8732,9/15/26,,,,,low,Closing year is approximate (1956).,,,,,,,,,,,,,
22028,2nd Avenue Theatre,"Kessler's Theatre, Molly Picon Theatre","35 - 37 2nd Avenue, New York, NY 10003",Manhattan,40.724885,-73.990543,https://photos.cinematreasures.org/production/photos/110529/1413256016/large.jpg?1413256016,theater_images/22028.jpg,1911,unknown,,Closed,1,Cinema Treasures,https://cinematreasures.org/theaters/22028,9/15/26,,,,,medium,"Not stated on source page: closing year. Current-address audit found no confirmed continuation of this theater; it is closed, but the closing year is unknown.",Match,Non_Exact,"37 2ND AVE, NEW YORK, NY, 10003",40.72490616,-73.99044674,2nd Avenue,highway,primary,closed_unknown_date,medium,U.S. Census Geocoder; OpenStreetMap via Photon and Overpass,9/16/26,No matching current theater was found at the geocoded address. Closing date remains unknown.
10459,34th Street East Theatre,,"241 E. 34th Street, New York, NY 10016",Manhattan,40.7449794,-73.9763445,https://photos.cinematreasures.org/production/photos/45406/1338049665/large.jpg?1338049665,theater_images/10459.jpg,1963,1997,,Closed,1,Cinema Treasures,https://cinematreasures.org/theaters/10459,9/15/26,,,,,high,,,,,,,,,,,,,,
17385,42nd St. Cinema,,"422 W. 42nd Street, New York, NY 10036",Manhattan,40.7588656,-73.9937269,https://photos.cinematreasures.org/production/photos/120211/1426787301/large.jpg?1426787301,theater_images/17385.jpg,1967,1972,,Closed,1,Cinema Treasures,https://cinematreasures.org/theaters/17385,9/15/26,,,,,high,,,,,,,,,,,,,,
6201,43rd Street Theatre,,"42-16 Greenpoint Avenue, Sunnyside, NY 11104",Queens,40.7405818,-73.9225037,https://photos.cinematreasures.org/production/photos/50750/1343827646/large.jpg?1343827646,theater_images/6201.jpg,1938,unknown,,Closed,1,Cinema Treasures,https://cinematreasures.org/theaters/6201,9/15/26,,,,,medium,"Not stated on source page: closing year. Current-address audit found no confirmed continuation of this theater; it is closed, but the closing year is unknown.",Match,Exact,"42-16 GREENPOINT AVE, SUNNYSIDE, NY, 11104",40.7404786,-73.92279063,El Molino Carniceria,shop,convenience,closed_unknown_date,medium,U.S. Census Geocoder; OpenStreetMap via Photon and Overpass,9/16/26,No matching current theater was found at the geocoded address. Closing date remains unknown.
12564,44th Street Theatre,Weber & Fields' Music Hall,"216 W. 44th Street, New York, NY 10036",Manhattan,40.7578767,-73.9873373,https://photos.cinematreasures.org/production/photos/45117/1337748291/large.jpg?1337748291,theater_images/12564.jpg,,1945,,Closed,1,Cinema Treasures,https://cinematreasures.org/theaters/12564,9/15/26,,,,,low,Most recent stated closing year retained. Not stated on source page: opening year.,,,,,,,,,,,,,
56992,48th Street Theatre,Windsor Theatre,"157 W. 48th Street, New York, NY 10036",Manhattan,40.7595748,-73.9835643,https://photos.cinematreasures.org/production/photos/265129/1549842889/large.jpg?1549842889,theater_images/56992.jpg,1912,unknown,,Closed,1,Cinema Treasures,https://cinematreasures.org/theaters/56992,9/15/26,,,,,medium,"Not stated on source page: closing year. Current-address audit found no confirmed continuation of this theater; it is closed, but the closing year is unknown.",Match,Exact,"157 W 48TH ST, NEW YORK, NY, 10036",40.75937279,-73.98291329,137,place,house,closed_unknown_date,medium,U.S. Census Geocoder; OpenStreetMap via Photon and Overpass,9/16/26,No matching current theater was found at the geocoded address. Closing date remains unknown.
63525,49th St. Playhouse,,"W. 49th Street and Broadway, New York, NY 10019",Manhattan,,,,,1970,unknown,,Closed,1,Cinema Treasures,https://cinematreasures.org/theaters/63525,9/15/26,,,,,medium,"Not stated on source page: closing year, coordinates, image. Current-address audit found no confirmed continuation of this theater; it is closed, but the closing year is unknown.",Match,Non_Exact,"W 49TH ST & BROADWAY, NEW YORK, NY, 10019",40.76077573,-73.98446256,Broadway,highway,tertiary,closed_unknown_date,medium,U.S. Census Geocoder; OpenStreetMap via Photon and Overpass,9/16/26,No matching current theater was found at the geocoded address. Closing date remains unknown.
6376,55th Street Playhouse,"55th Street Cinema, Europa Theatre","154 W. 55th Street, New York, NY 10019",Manhattan,40.7636274,-73.980294,https://photos.cinematreasures.org/production/photos/45120/1337748603/large.jpg?1337748603,theater_images/6376.jpg,1927,unknown,,Closed,1,Cinema Treasures,https://cinematreasures.org/theaters/6376,9/15/26,,,,,medium,"Not stated on source page: closing year. Current-address audit found no confirmed continuation of this theater; it is closed, but the closing year is unknown.",Match,Exact,"154 W 55TH ST, NEW YORK, NY, 10019",40.7636324,-73.97973472,PL,amenity,money_transfer,closed_unknown_date,medium,U.S. Census Geocoder; OpenStreetMap via Photon and Overpass,9/16/26,No matching current theater was found at the geocoded address. Closing date remains unknown.
6379,5th Avenue Cinema,"5th Avenue Playhouse, Cinema de Paris, Fifth Avenue Cinema","66 5th Avenue, New York, NY 10011",Manhattan,40.7352945,-73.9944323,https://photos.cinematreasures.org/production/photos/45190/1337810142/large.JPG?1337810142,theater_images/6379.jpg,1925,1974,,Closed,1,Cinema Treasures,https://cinematreasures.org/theaters/6379,9/15/26,,,,,high,,,,,,,,,,,,,,
1201,68th Street Playhouse,,"1164 3rd Avenue, New York, NY 10065",Manhattan,40.7670911,-73.9627918,https://photos.cinematreasures.org/production/photos/70/1306000537/large.JPG?1306000537,theater_images/1201.jpg,1914,2023,,Closed,1,Cinema Treasures,https://cinematreasures.org/theaters/1201,9/15/26,,,,,low,Most recent stated closing year retained.,,,,,,,,,,,,,
7310,72nd Street Playhouse,"Granada Theatre, Trans-Lux Theatre, 72nd Street East Theatre","346 E. 72nd Street, New York, NY 10021",Manhattan,40.7681798,-73.9569298,https://photos.cinematreasures.org/production/photos/24242/1314833202/large.jpg?1314833202,theater_images/7310.jpg,1914,1984,,Closed,1,Cinema Treasures,https://cinematreasures.org/theaters/7310,9/15/26,,,,,high,,,,,,,,,,,,,,
4697,777 Theatre,"Hollywood Twin Cinema, Hollywood Twin Theater","777 8th Avenue, New York, NY 10036",Manhattan,40.760813,-73.987319,https://photos.cinematreasures.org/production/photos/90301/1387416207/large.JPG?1387416207,theater_images/4697.jpg,1971,2022,2013,Closed,2,Cinema Treasures,https://cinematreasures.org/theaters/4697,9/15/26,,,,,low,Most recent stated closing year retained.,,,,,,,,,,,,,
14720,77th Street Theatre,,"2184 Broadway, New York, NY 10024",Manhattan,40.7826525,-73.980585,https://photos.cinematreasures.org/production/photos/262262/1544984460/large.gif?1544984460,theater_images/14720.gif,,unknown,,Closed,1,Cinema Treasures,https://cinematreasures.org/theaters/14720,9/15/26,,,,,medium,"Not stated on source page: opening year, closing year. Current-address audit found no confirmed continuation of this theater; it is closed, but the closing year is unknown.",Match,Exact,"2184 BROADWAY, NEW YORK, NY, 10024",40.78258013,-73.98067944,Broadway & West 77th Street,highway,bus_stop,closed_unknown_date,medium,U.S. Census Geocoder; OpenStreetMap via Photon and Overpass,9/16/26,No matching current theater was found at the geocoded address. Closing date remains unknown.
14085,86th Street Grande Theatre,"86th Street Winter Garden, 86th Street Garden Theatre","160 E. 86th Street, New York, NY 10128",Manhattan,40.7791688,-73.9548733,https://photos.cinematreasures.org/production/photos/22224/1313622357/large.jpg?1313622357,theater_images/14085.jpg,,unknown,,Closed,1,Cinema Treasures,https://cinematreasures.org/theaters/14085,9/15/26,,,,,medium,"Not stated on source page: opening year, closing year. Current-address audit found no confirmed continuation of this theater; it is closed, but the closing year is unknown.",Match,Non_Exact,"160 E 86TH ST, NEW YORK, NY, 10028",40.77923431,-73.95512125,East 86th Street,highway,secondary,closed_unknown_date,medium,U.S. Census Geocoder; OpenStreetMap via Photon and Overpass,9/16/26,No matching current theater was found at the geocoded address. Closing date remains unknown.
4699,8th Street Playhouse,Film Guild Cinema,"52 W. 8th Street, New York, NY 10011",Manhattan,40.733238,-73.998866,https://photos.cinematreasures.org/production/photos/137894/1443626880/large.jpg?1443626880,theater_images/4699.jpg,1929,1992,,Closed,1,Cinema Treasures,https://cinematreasures.org/theaters/4699,9/15/26,,,,,high,,,,,,,,,,,,,,
22754,96th Street Theatre,"New Third Avenue Theatre, Yorkville Theatre, National Theatre","1703 3rd Avenue, New York, NY 10128",Manhattan,40.785448,-73.94913,https://photos.cinematreasures.org/production/photos/263040/1546383271/large.jpg?1546383271,theater_images/22754.jpg,1946,1949,,Closed,1,Cinema Treasures,https://cinematreasures.org/theaters/22754,9/15/26,,,,,low,Closing year is approximate (1949). Most recent stated closing year retained.,,,,,,,,,,,,,
44406,Abbey Theatre,,"869 Longwood Avenue, Bronx, NY 10459",Bronx,40.8160449,-73.8957392,,,,1926,,Closed,1,Cinema Treasures,https://cinematreasures.org/theaters/44406,9/15/26,,,,,medium,"Not stated on source page: opening year, image.",,,,,,,,,,,,,
1301,Academy of Music,The Palladium,"126 E. 14th Street, New York, NY 10003",Manhattan,40.733345,-73.98823,https://photos.cinematreasures.org/production/photos/27041/1316717408/large.jpg?1316717408,theater_images/1301.jpg,1926,unknown,,Closed,1,Cinema Treasures,https://cinematreasures.org/theaters/1301,9/15/26,,,,,medium,"Not stated on source page: closing year. Current-address audit found no confirmed continuation of this theater; it is closed, but the closing year is unknown.",Match,Exact,"126 E 14TH ST, NEW YORK, NY, 10003",40.7337101,-73.98833394,Farook's Halal Cart,amenity,restaurant,closed_unknown_date,medium,U.S. Census Geocoder; OpenStreetMap via Photon and Overpass,9/16/26,No matching current theater was found at the geocoded address. Closing date remains unknown.
21962,Academy of Music,,"125 E. 14th Street, New York, NY 10003",Manhattan,40.7338542,-73.9885772,https://photos.cinematreasures.org/production/photos/190127/1478298302/large.jpg?1478298302,theater_images/21962.jpg,1854,unknown,,Closed,1,Cinema Treasures,https://cinematreasures.org/theaters/21962,9/15/26,,,,,medium,"Not stated on source page: closing year. Current-address audit found no confirmed continuation of this theater; it is closed, but the closing year is unknown.",Match,Exact,"125 E 14TH ST, NEW YORK, NY, 10003",40.73407043,-73.98887045,Chipotle,amenity,fast_food,closed_unknown_date,medium,U.S. Census Geocoder; OpenStreetMap via Photon and Overpass,9/16/26,No matching current theater was found at the geocoded address. Closing date remains unknown.
34279,Academy Theater at Lighthouse International,,"111 E. 59th Street, New York, NY 10022",Manhattan,40.762954,-73.96894,https://photos.cinematreasures.org/production/photos/5844/1308525524/large.jpeg?1308525524,theater_images/34279.jpeg,,unknown,2010,Closed,1,Cinema Treasures,https://cinematreasures.org/theaters/34279,9/15/26,,,,,medium,"Not stated on source page: opening year, closing year. Current-address audit found no confirmed continuation of this theater; it is closed, but the closing year is unknown.",Match,Exact,"111 E 59TH ST, NEW YORK, NY, 10022",40.7628744,-73.96954705,Sherry Lehmann Wine & Spirits,shop,alcohol,closed_unknown_date,medium,U.S. Census Geocoder; OpenStreetMap via Photon and Overpass,9/16/26,No matching current theater was found at the geocoded address. Closing date remains unknown.
10081,Academy Theatre,,"287 E. Houston Street, New York, NY 10002",Manhattan,40.7213974,-73.9837535,https://photos.cinematreasures.org/production/photos/120107/1426599221/large.jpg?1426599221,theater_images/10081.jpg,1910,1935,,Closed,1,Cinema Treasures,https://cinematreasures.org/theaters/10081,9/15/26,,,,,high,,,,,,,,,,,,,,
5927,Ace Theatre,,"95-02 101st Avenue, Ozone Park, NY 11416",Queens,40.6843093,-73.8458037,https://photos.cinematreasures.org/production/photos/228613/1514243782/large.jpg?1514243782,theater_images/5927.jpg,,1953,,Closed,1,Cinema Treasures,https://cinematreasures.org/theaters/5927,9/15/26,,,,,medium,Not stated on source page: opening year.,,,,,,,,,,,,,
6091,Ace Theatre,Congress Theatre,"550 Southern Boulevard, Bronx, NY 10455",Bronx,40.8123367,-73.9032996,https://photos.cinematreasures.org/production/photos/156830/1454197866/large.jpg?1454197866,theater_images/6091.jpg,1926,unknown,,Closed,1,Cinema Treasures,https://cinematreasures.org/theaters/6091,9/15/26,,,,,low,"Opening year is an upper bound ('prior to/before 1926'). Not stated on source page: closing year. Current-address audit found no confirmed continuation of this theater; it is closed, but the closing year is unknown.",Match,Exact,"550 SOUTHERN BLVD, BRONX, NY, 10455",40.81227058,-73.90343212,548,place,house,closed_unknown_date,medium,U.S. Census Geocoder; OpenStreetMap via Photon and Overpass,9/16/26,No matching current theater was found at the geocoded address. Closing date remains unknown.
12399,Acme Theatre,"Union Square Theatre, Keith & Proctor's Union Square Theatre, Bijou Dream Theatre","50 E. 14th Street, New York, NY 10003",Manhattan,40.7349964,-73.9912355,https://photos.cinematreasures.org/production/photos/226947/1513285707/large.jpeg?1513285707,theater_images/12399.jpeg,,1936,,Closed,1,Cinema Treasures,https://cinematreasures.org/theaters/12399,9/15/26,,,,,medium,Not stated on source page: opening year.,,,,,,,,,,,,,
42950,Acme Theatre,,"83-12 Broadway, Elmhurst, NY 11373",Queens,40.7406149,-73.8793046,https://photos.cinematreasures.org/production/photos/340505/1616388201/large.jpg?1616388201,theater_images/42950.jpg,,1918,,Closed,1,Cinema Treasures,https://cinematreasures.org/theaters/42950,9/15/26,,,,,medium,Not stated on source page: opening year.,,,,,,,,,,,,,
50195,Acme Theatre,,"245 St Marks Avenue, Brooklyn, NY 11238",Brooklyn,40.678311,-73.967382,https://photos.cinematreasures.org/production/photos/140075/1445444924/large.JPG?1445444924,theater_images/50195.jpg,1910,1913,,Closed,1,Cinema Treasures,https://cinematreasures.org/theaters/50195,9/15/26,,,,,low,Opening year represents an approximate decade reference (1910). Most recent stated closing year retained.,,,,,,,,,,,,,
44407,Acorn Theatre,,"3338 Broadway, New York, NY 10031",Manhattan,40.820187,-73.9548608,,,1914,1913,,Closed,1,Cinema Treasures,https://cinematreasures.org/theaters/44407,9/15/26,,,,,medium,Not stated on source page: image.,,,,,,,,,,,,,
4693,Adonis Theatre,Tivoli Theatre,"839 8th Avenue, New York, NY 10019",Manhattan,40.7627037,-73.985829,https://photos.cinematreasures.org/production/photos/251787/1533941859/large.jpg?1533941859,theater_images/4693.jpg,1921,1989,,Closed,1,Cinema Treasures,https://cinematreasures.org/theaters/4693,9/15/26,,,,,high,,,,,,,,,,,,,,
53864,Airdome Pictures,,"W. 109th Street and Manhattan Avenue, New York, NY 10025",Manhattan,40.800586,-73.9600704,https://photos.cinematreasures.org/production/photos/185306/1475937603/large.jpg?1475937603,theater_images/53864.jpg,1911,unknown,,Closed,1,Cinema Treasures,https://cinematreasures.org/theaters/53864,9/15/26,,,,,medium,"Not stated on source page: closing year. Current-address audit found no confirmed continuation of this theater; it is closed, but the closing year is unknown.",Match,Exact,"W 109TH ST & MANHATTAN AVE, NEW YORK, NY, 10025",40.80058272,-73.96006356,West 109th Street,highway,residential,closed_unknown_date,medium,U.S. Census Geocoder; OpenStreetMap via Photon and Overpass,9/16/26,No matching current theater was found at the geocoded address. Closing date remains unknown.
54106,Alamo Drafthouse Downtown Brooklyn,,"445 Albee Square West, Brooklyn, NY 11201",Brooklyn,40.6906999,-73.9834789,https://photos.cinematreasures.org/production/photos/188825/1477528876/large.jpg?1477528876,theater_images/54106.jpg,2016,,,Open (Showing movies),12,Cinema Treasures,https://cinematreasures.org/theaters/54106,9/15/26,,,,,high,,,,,,,,,,,,,,
61222,Alamo Drafthouse Lower Manhattan 14,Alamo Drafthouse 28 Liberty,"28 Liberty Street, New York, NY 10005",Manhattan,40.7077585,-74.0088503,https://photos.cinematreasures.org/production/photos/356454/1633485777/large.jpg?1633485777,theater_images/61222.jpg,2019,,,Open (Showing movies),14,Cinema Treasures,https://cinematreasures.org/theaters/61222,9/15/26,,,,,high,,,,,,,,,,,,,,
61223,Alamo Drafthouse Staten Island,,"2636 Hylan Boulevard, Staten Island, NY 10306",Staten Island,,,https://photos.cinematreasures.org/production/photos/363526/1643410115/large.jpeg?1643410115,theater_images/61223.jpeg,2019,,,Open (Showing movies),9,Cinema Treasures,https://cinematreasures.org/theaters/61223,9/15/26,,,,,medium,Not stated on source page: coordinates.,,,,,,,,,,,,,
4079,Alba Theatre,"Fox Alba Theatre, Loew's Alba Theatre","750 Flushing Avenue, Brooklyn, NY 11206",Brooklyn,40.7006629,-73.9425961,https://photos.cinematreasures.org/production/photos/24296/1314896864/large.jpg?1314896864,theater_images/4079.jpg,1929,1970,,Closed,1,Cinema Treasures,https://cinematreasures.org/theaters/4079,9/15/26,,,,,high,,,,,,,,,,,,,,
50115,Albany Moving Picture Parlor,,"1567 Fulton Street, Brooklyn, NY 11216",Brooklyn,40.680038,-73.938603,https://photos.cinematreasures.org/production/photos/138551/1444057213/large.JPG?1444057213,theater_images/50115.jpg,1909,1919,,Closed,1,Cinema Treasures,https://cinematreasures.org/theaters/50115,9/15/26,,,,,high,,,,,,,,,,,,,,
2553,Albemarle Theatre,,"973 Flatbush Avenue, Brooklyn, NY 11226",Brooklyn,40.647518,-73.957418,https://photos.cinematreasures.org/production/photos/27030/1316716326/large.jpg?1316716326,theater_images/2553.jpg,1921,unknown,,Closed,1,Cinema Treasures,https://cinematreasures.org/theaters/2553,9/15/26,,,,,medium,"Not stated on source page: closing year. Current-address audit found no confirmed continuation of this theater; it is closed, but the closing year is unknown.",Match,Exact,"973 FLATBUSH AVE, BROOKLYN, NY, 11226",40.64771593,-73.95807367,971,place,house,closed_unknown_date,medium,U.S. Census Geocoder; OpenStreetMap via Photon and Overpass,9/16/26,No matching current theater was found at the geocoded address. Closing date remains unknown.
8202,Alben Theatre,Etude Theatre,"5406 Third Avenue, Brooklyn, NY 11220",Brooklyn,40.645525,-74.017488,https://photos.cinematreasures.org/production/photos/2264/1307197321/large.jpg?1307197321,theater_images/8202.jpg,,1962,,Closed,1,Cinema Treasures,https://cinematreasures.org/theaters/8202,9/15/26,,,,,medium,Not stated on source page: opening year.,,,,,,,,,,,,,
7742,Alhambra Theatre,Loew's Alhambra Theatre,"783 Knickerbocker Avenue, Brooklyn, NY 11207",Brooklyn,40.6929844,-73.9078846,https://photos.cinematreasures.org/production/photos/1218/1306859561/large.jpg?1306859561,theater_images/7742.jpg,1914,unknown,,Closed,1,Cinema Treasures,https://cinematreasures.org/theaters/7742,9/15/26,,,,,medium,"Not stated on source page: closing year. Current-address audit found no confirmed continuation of this theater; it is closed, but the closing year is unknown.",Match,Exact,"783 KNICKERBOCKER AVE, BROOKLYN, NY, 11207",40.69281805,-73.90769532,794,building,yes,closed_unknown_date,medium,U.S. Census Geocoder; OpenStreetMap via Photon and Overpass,9/16/26,No matching current theater was found at the geocoded address. Closing date remains unknown.
37356,Alhambra Theatre,"Alhambra Music Hall, Alhambra Photoplay, Fifth Avenue Hippodrome","214 5th Avenue, Brooklyn, NY 11215",Brooklyn,40.676003,-73.980857,https://photos.cinematreasures.org/production/photos/32748/1325519088/large.jpg?1325519088,theater_images/37356.jpg,1897,1934,,Closed,1,Cinema Treasures,https://cinematreasures.org/theaters/37356,9/15/26,,,,,low,Most recent stated closing year retained.,,,,,,,,,,,,,
63118,Alice Tully Hall,,"1941 Broadway, New York, NY 10023",Manhattan,,,https://photos.cinematreasures.org/production/photos/417268/1691126291/large.jpg?1691126291,theater_images/63118.jpg,1969,,,Open (Showing movies),1,Cinema Treasures,https://cinematreasures.org/theaters/63118,9/15/26,,,,,medium,Not stated on source page: coordinates.,,,,,,,,,,,,,
12443,Allerton Theatre,,"744 Allerton Avenue, Bronx, NY 10467",Bronx,40.8653141,-73.8656598,https://photos.cinematreasures.org/production/photos/141618/1446379699/large.png?1446379699,theater_images/12443.png,1927,unknown,,Closed,3,Cinema Treasures,https://cinematreasures.org/theaters/12443,9/15/26,,,,,medium,"Not stated on source page: closing year. Current-address audit found no confirmed continuation of this theater; it is closed, but the closing year is unknown.",Match,Exact,"744 ALLERTON AVE, BRONX, NY, 10467",40.86540951,-73.86560594,748,place,house,closed_unknown_date,medium,U.S. Census Geocoder; OpenStreetMap via Photon and Overpass,9/16/26,No matching current theater was found at the geocoded address. Closing date remains unknown.
5827,Alpine Cinema,Loew's Alpine Theatre,"6817 5th Avenue, Brooklyn, NY 11220",Brooklyn,40.633406,-74.0203049,https://photos.cinematreasures.org/production/photos/95564/1393412175/large.jpg?1393412175,theater_images/5827.jpg,1921,,,Open (Showing movies),8,Cinema Treasures,https://cinematreasures.org/theaters/5827,9/15/26,,,,,high,,,,,,,,,,,,,,
7627,Alpine Theatre,,"208 Dyckman Street, New York, NY 10040",Manhattan,40.8650747,-73.9271116,https://photos.cinematreasures.org/production/photos/34787/1328105035/large.jpg?1328105035,theater_images/7627.jpg,1935,unknown,,Closed,1,Cinema Treasures,https://cinematreasures.org/theaters/7627,9/15/26,,,,,medium,"Not stated on source page: closing year. Current-address audit found no confirmed continuation of this theater; it is closed, but the closing year is unknown.",Match,Exact,"208 DYCKMAN ST, NEW YORK, NY, 10040",40.86521797,-73.92715033,Dyckman Street,highway,primary,closed_unknown_date,medium,U.S. Census Geocoder; OpenStreetMap via Photon and Overpass,9/16/26,"A nearby mapped venue matched part of the name, but review did not confirm it as the same historical theater; the theater is closed and its closing year remains unknown."
50190,Alvon Theatre,,"2970 Fulton Street, Brooklyn, NY 11208",Brooklyn,40.679542,-73.885095,https://photos.cinematreasures.org/production/photos/139948/1445352055/large.JPG?1445352055,theater_images/50190.jpg,1909,1919,,Closed,1,Cinema Treasures,https://cinematreasures.org/theaters/50190,9/15/26,,,,,high,,,,,,,,,,,,,,
6844,Ambassador Theatre,,"776 Saratoga Avenue, Brooklyn, NY 11212",Brooklyn,40.6617197,-73.915541,https://photos.cinematreasures.org/production/photos/42237/1334568245/large.jpg?1334568245,theater_images/6844.jpg,1926,unknown,,Closed,1,Cinema Treasures,https://cinematreasures.org/theaters/6844,9/15/26,,,,,medium,"Not stated on source page: closing year. Current-address audit found no confirmed continuation of this theater; it is closed, but the closing year is unknown.",Match,Exact,"776 SARATOGA AVE, BROOKLYN, NY, 11212",40.66172139,-73.9155915,Saratoga Avenue & Livonia Avenue,highway,bus_stop,closed_unknown_date,medium,U.S. Census Geocoder; OpenStreetMap via Photon and Overpass,9/16/26,No matching current theater was found at the geocoded address. Closing date remains unknown.
16414,Ambassador Theatre,Cine Roma,"215 W. 49th Street, New York, NY 10019",Manhattan,40.761261,-73.985,https://photos.cinematreasures.org/production/photos/39901/1332629099/large.jpg?1332629099,theater_images/16414.jpg,1921,,,Open,1,Cinema Treasures,https://cinematreasures.org/theaters/16414,9/15/26,,,,,high,,,,,,,,,,,,,,
15000,Amboy Twin,,"4368 Amboy Road, Staten Island, NY 10312",Staten Island,40.5449352,-74.1611891,https://photos.cinematreasures.org/production/photos/358965/1636675903/large.png?1636675903,theater_images/15000.png,1977,1994,,Closed,2,Cinema Treasures,https://cinematreasures.org/theaters/15000,9/15/26,,,,,high,,,,,,,,,,,,,,
14482,AMC 19th Street East 6,"Loews 19th Street East 6, AMC Loews 19th Street East 6","890 Broadway, New York, NY 10003",Manhattan,40.738414,-73.989402,https://photos.cinematreasures.org/production/photos/289605/1572390539/large.JPG?1572390539,theater_images/14482.jpg,1989,,,Open (Showing movies),6,Cinema Treasures,https://cinematreasures.org/theaters/14482,9/15/26,,,,,high,,,,,,,,,,,,,,
11262,AMC 34th Street 14,"Loews 34th Street, AMC Loews 34th Street 14","312 W. 34th Street, New York, NY 10001",Manhattan,40.752488,-73.994216,https://photos.cinematreasures.org/production/photos/261992/1544493129/large.JPG?1544493129,theater_images/11262.jpg,2001,,,Open (Showing movies),14,Cinema Treasures,https://cinematreasures.org/theaters/11262,9/15/26,,,,,high,,,,,,,,,,,,,,
10715,AMC 84th Street 6,Loews 84th Street 6,"2310 Broadway, New York, NY 10024",Manhattan,40.7866992,-73.9776905,https://photos.cinematreasures.org/production/photos/74829/1371569669/large.jpg?1371569669,theater_images/10715.jpg,1985,,,Open (Showing movies),6,Cinema Treasures,https://cinematreasures.org/theaters/10715,9/15/26,,,,,high,,,,,,,,,,,,,,
28863,AMC Bay Plaza 13,General Cinema Bay Ridge Plaza 10,"2210 Bartow Avenue, Bronx, NY 10475",Bronx,40.8689596,-73.8233897,https://photos.cinematreasures.org/production/photos/160239/1456669980/large.jpg?1456669980,theater_images/28863.jpg,1989,,,Open (Showing movies),13,Cinema Treasures,https://cinematreasures.org/theaters/28863,9/15/26,,,,,high,,,,,,,,,,,,,,
16824,AMC Bay Terrace 6,"Sony Bay Terrace Sixplex, AMC Loews Bay Terrace 6","211-01 26th Avenue, Bayside, NY 11360",Queens,40.779063,-73.778679,https://photos.cinematreasures.org/production/photos/10929/1310263167/large.JPG?1310263167,theater_images/16824.jpg,1993,,,Open (Showing movies),6,Cinema Treasures,https://cinematreasures.org/theaters/16824,9/15/26,,,,,high,,,,,,,,,,,,,,
59343,AMC Dine-in Staten Island 11,,"2655 Richmond Avenue, Staten Island, NY 10314",Staten Island,,,https://photos.cinematreasures.org/production/photos/267345/1552607406/large.jpg?1552607406,theater_images/59343.jpg,2019,,,Open (Showing movies),11,Cinema Treasures,https://cinematreasures.org/theaters/59343,9/15/26,,,,,medium,Not stated on source page: coordinates.,,,,,,,,,,,,,
255,AMC Empire 25,"Eltinge 42nd Street Theatre, Eltinge Burlesque Theatre, Laffmovie Theatre, Empire Theatre","234 W. 42nd Street, New York, NY 10036",Manhattan,40.7566675,-73.9884602,https://photos.cinematreasures.org/production/photos/15650/1311125150/large.JPG?1311125150,theater_images/255.jpg,1912,,,Open (Showing movies),25,Cinema Treasures,https://cinematreasures.org/theaters/255,9/15/26,,,,,high,,,,,,,,,,,,,,
3252,AMC Fresh Meadows 7,"Meadows Theatre, RKO Meadows Twin, Loews Cineplex Fresh Meadows, AMC Loews Fresh Meadows 7","190-02 Horace Harding Boulevard, Fresh Meadows, NY 11365",Queens,40.7421929,-73.7807224,https://photos.cinematreasures.org/production/photos/5/1305870401/large.JPG?1305870401,theater_images/3252.jpg,1949,,,Open (Showing movies),7,Cinema Treasures,https://cinematreasures.org/theaters/3252,9/15/26,Cinema Treasures narrative,https://cinematreasures.org/theaters/3252,9/15/26,source_recovered,high,Opening year verified from Cinema Treasures narrative.,,,,,,,,,,,,,
10462,AMC Kips Bay 15,"Loews Kips Bay Theatre, AMC Loews Kips Bay 15","570 2nd Avenue, New York, NY 10016",Manhattan,40.742973,-73.977009,https://photos.cinematreasures.org/production/photos/274654/1559269923/large.jpg?1559269923,theater_images/10462.jpg,1999,,,Open (Showing movies),15,Cinema Treasures,https://cinematreasures.org/theaters/10462,9/15/26,,,,,high,,,,,,,,,,,,,,
7222,AMC Lincoln Square 13,"Sony Theatres Lincoln Square, Loews Lincoln Square 12 and the Loews IMAX Theatre, AMC Loews Lincoln Square 13","1998 Broadway, New York, NY 10023",Manhattan,40.7752214,-73.9820537,https://photos.cinematreasures.org/production/photos/40/1305945928/large.jpg?1305945928,theater_images/7222.jpg,1994,,,Open (Showing movies),13,Cinema Treasures,https://cinematreasures.org/theaters/7222,9/15/26,,,,,high,,,,,,,,,,,,,,
24816,AMC Magic Johnson Harlem 9,,"2309 Frederick Douglass Boulevard, New York, NY 10027",Manhattan,40.8096863,-73.9517817,https://photos.cinematreasures.org/production/photos/24038/1314647667/large.jpg?1314647667,theater_images/24816.jpg,2000,,,Open (Showing movies),9,Cinema Treasures,https://cinematreasures.org/theaters/24816,9/15/26,,,,,high,,,,,,,,,,,,,,
26646,AMC Orpheum 7,"Loews Orpheum Theatre VII, AMC Loews Orpheum 7","1538 3rd Avenue, New York, NY 10028",Manhattan,40.7794043,-73.9537234,https://photos.cinematreasures.org/production/photos/57014/1348869672/large.jpg?1348869672,theater_images/26646.jpg,1991,,,Open (Showing movies),7,Cinema Treasures,https://cinematreasures.org/theaters/26646,9/15/26,,,,,low,Most recent stated closing year retained.,,,,,,,,,,,,,
17846,AMC Village 7,"Loews Village VII, Loews Village Theater VII, Sony Village VII, AMC Loews Village 7","66 3rd Avenue, New York, NY 10003",Manhattan,40.7314103,-73.9885684,https://photos.cinematreasures.org/production/photos/56699/1348613485/large.jpg?1348613485,theater_images/17846.jpg,1991,,,Open (Showing movies),7,Cinema Treasures,https://cinematreasures.org/theaters/17846,9/15/26,,,,,high,,,,,,,,,,,,,,
700,American Theater,Loew's American Theater,"1450 East Avenue, Bronx, NY 10462",Bronx,40.837369,-73.859583,https://photos.cinematreasures.org/production/photos/24082/1314717167/large.jpg?1314717167,theater_images/700.jpg,1940,2013,,Closed,7,Cinema Treasures,https://cinematreasures.org/theaters/700,9/15/26,,,,,high,,,,,,,,,,,,,,
11335,American Theatre,"American Photoplay, American Movies","238 E. 3rd Street, New York, NY 10009",Manhattan,40.722047,-73.9816685,https://photos.cinematreasures.org/production/photos/61468/1353813040/large.jpg?1353813040,theater_images/11335.jpg,1922,unknown,,Closed,1,Cinema Treasures,https://cinematreasures.org/theaters/11335,9/15/26,,,,,medium,"Not stated on source page: closing year. Current-address audit found no confirmed continuation of this theater; it is closed, but the closing year is unknown.",Match,Exact,"238 E 3RD ST, NEW YORK, NY, 10009",40.72204675,-73.98163622,Nuyorican Poets Cafe,amenity,bar,closed_unknown_date,medium,U.S. Census Geocoder; OpenStreetMap via Photon and Overpass,9/16/26,No matching current theater was found at the geocoded address. Closing date remains unknown.
13688,American Theatre,,"1168 E. 92nd Street, Brooklyn, NY 11236",Brooklyn,40.641021,-73.9045609,https://photos.cinematreasures.org/production/photos/32133/1324387603/large.jpg?1324387603,theater_images/13688.jpg,,unknown,,Closed,1,Cinema Treasures,https://cinematreasures.org/theaters/13688,9/15/26,,,,,medium,"Not stated on source page: opening year, closing year. Current-address audit found no confirmed continuation of this theater; it is closed, but the closing year is unknown.",Match,Exact,"1168 E 92ND ST, BROOKLYN, NY, 11236",40.64102191,-73.90463535,Flatlands Avenue,highway,secondary,closed_unknown_date,medium,U.S. Census Geocoder; OpenStreetMap via Photon and Overpass,9/16/26,No matching current theater was found at the geocoded address. Closing date remains unknown.
13689,American Theatre,Moon Theatre,"3904 Fort Hamilton Parkway, Brooklyn, NY 11218",Brooklyn,40.6431184,-73.9909153,https://photos.cinematreasures.org/production/photos/261886/1544324532/large.JPG?1544324532,theater_images/13689.jpg,1931,1932,,Closed,1,Cinema Treasures,https://cinematreasures.org/theaters/13689,9/15/26,,,,,high,,,,,,,,,,,,,,
14695,Amphion Theatre,,"614 9th Avenue, New York, NY 10036",Manhattan,40.7594163,-73.9917281,https://photos.cinematreasures.org/production/photos/218187/1504975189/large.JPG?1504975189,theater_images/14695.jpg,,1934,,Closed,1,Cinema Treasures,https://cinematreasures.org/theaters/14695,9/15/26,,,,,medium,Not stated on source page: opening year.,,,,,,,,,,,,,
21564,Amphion Theatre,,"437 Bedford Avenue, Brooklyn, NY 11211",Brooklyn,40.7085511,-73.9642008,https://photos.cinematreasures.org/production/photos/95247/1392951498/large.jpg?1392951498,theater_images/21564.jpg,,unknown,,Closed,1,Cinema Treasures,https://cinematreasures.org/theaters/21564,9/15/26,,,,,medium,"Not stated on source page: opening year, closing year. Current-address audit found no confirmed continuation of this theater; it is closed, but the closing year is unknown.",Match,Exact,"437 BEDFORD AVE, BROOKLYN, NY, 11211",40.70883773,-73.96408622,Bedford Avenue,highway,residential,closed_unknown_date,medium,U.S. Census Geocoder; OpenStreetMap via Photon and Overpass,9/16/26,No matching current theater was found at the geocoded address. Closing date remains unknown.
36252,Amusu Theatre,,"577 Gates Avenue, Brooklyn, NY 11216",Brooklyn,40.687197,-73.942494,https://photos.cinematreasures.org/production/photos/6487/1308692184/large.jpg?1308692184,theater_images/36252.jpg,,1921,,Closed,1,Cinema Treasures,https://cinematreasures.org/theaters/36252,9/15/26,,,,,low,Most recent stated closing year retained. Not stated on source page: opening year.,,,,,,,,,,,,,
2960,Anco Theatre,"Lew M. Fields Theatre, Hackett Theatre, Harris Theatre, Frazee Theatre, Wallack's Theatre","254 W. 42nd Street, New York, NY 10036",Manhattan,40.7566426,-73.9884457,https://photos.cinematreasures.org/production/photos/6818/1308845924/large.jpg?1308845924,theater_images/2960.jpg,1904,1904,,Closed,1,Cinema Treasures,https://cinematreasures.org/theaters/2960,9/15/26,,,,,high,,,,,,,,,,,,,,
31581,Anderson Theatre,"Public Theatre, Antillas Theatre, CBGB Second Avenue Theatre","66 2nd Avenue, New York, NY 10003",Manhattan,40.725865,-73.989274,https://photos.cinematreasures.org/production/photos/265046/1549671395/large.jpg?1549671395,theater_images/31581.jpg,1926,unknown,1957,Closed,1,Cinema Treasures,https://cinematreasures.org/theaters/31581,9/15/26,,,,,medium,"Not stated on source page: closing year. Current-address audit found no confirmed continuation of this theater; it is closed, but the closing year is unknown.",Match,Exact,"66 2ND AVE, NEW YORK, NY, 10003",40.72598516,-73.989493,NYC Velo,shop,bicycle,closed_unknown_date,medium,U.S. Census Geocoder; OpenStreetMap via Photon and Overpass,9/16/26,No matching current theater was found at the geocoded address. Closing date remains unknown.
6573,Angelika 57,"Lincoln Art Theatre, New Carnegie Theatre, Biograph Cinema, Bombay Cinema","225 W. 57th Street, New York, NY 10019",Manhattan,40.7661045,-73.9813275,https://photos.cinematreasures.org/production/photos/55140/1347393104/large.jpg?1347393104,theater_images/6573.jpg,1964,unknown,,Closed,1,Cinema Treasures,https://cinematreasures.org/theaters/6573,9/15/26,,,,,medium,"Not stated on source page: closing year. Current-address audit found no confirmed continuation of this theater; it is closed, but the closing year is unknown.",Match,Exact,"225 W 57TH ST, NEW YORK, NY, 10019",40.76604461,-73.98112572,West 57th Street,highway,primary,closed_unknown_date,medium,U.S. Census Geocoder; OpenStreetMap via Photon and Overpass,9/16/26,"A nearby mapped venue matched part of the name, but review did not confirm it as the same historical theater; the theater is closed and its closing year remains unknown."
1068,Angelika Film Center,,"18 W. Houston Street, New York, NY 10012",Manhattan,40.725844,-73.996975,https://photos.cinematreasures.org/production/photos/14/1305913150/large.jpg?1305913150,theater_images/1068.jpg,1989,,,Open (Showing movies),6,Cinema Treasures,https://cinematreasures.org/theaters/1068,9/15/26,,,,,high,,,,,,,,,,,,,,
26869,Annex Theatre,"Bohemian Annex Theatre, New Annex Theatre, East 74th Street Theatre, Phoenix 74th Street Theatre, Eastside Playhouse","334 E. 74th Street, New York, NY 10021",Manhattan,40.7694547,-73.9560976,https://photos.cinematreasures.org/production/photos/216059/1502582259/large.jpg?1502582259,theater_images/26869.jpg,,unknown,,Closed,1,Cinema Treasures,https://cinematreasures.org/theaters/26869,9/15/26,,,,,medium,"Not stated on source page: opening year, closing year. Current-address audit found no confirmed continuation of this theater; it is closed, but the closing year is unknown.",Match,Exact,"334 E 74TH ST, NEW YORK, NY, 10021",40.76963316,-73.95640446,326,building,apartments,closed_unknown_date,medium,U.S. Census Geocoder; OpenStreetMap via Photon and Overpass,9/16/26,No matching current theater was found at the geocoded address. Closing date remains unknown.
12436,Anthology Film Archives,,"32 2nd Avenue, New York, NY 10003",Manhattan,40.724654,-73.990119,https://photos.cinematreasures.org/production/photos/118298/1424305451/large.jpg?1424305451,theater_images/12436.jpg,1970,,,Open,2,Cinema Treasures,https://cinematreasures.org/theaters/12436,9/15/26,,,,,high,,,,,,,,,,,,,,
1306,Apollo Theater,"Hurtig & Seamon's New Burlesque Theater, 125th Street Apollo Theater","253 W. 125th Street, New York, NY 10027",Manhattan,40.809765,-73.94994,https://photos.cinematreasures.org/production/photos/3961/1307916029/large.jpg?1307916029,theater_images/1306.jpg,1934,,,Open,1,Cinema Treasures,https://cinematreasures.org/theaters/1306,9/15/26,,,,,high,,,,,,,,,,,,,,
1079,Apollo Theatre,"Bryant Theatre, New Apollo Theatre, Academy","223 W. 42nd Street, New York, NY 10036",Manhattan,40.7565504,-73.9881287,https://photos.cinematreasures.org/production/photos/10527/1310142931/large.jpg?1310142931,theater_images/1079.jpg,1910,unknown,,Closed,1,Cinema Treasures,https://cinematreasures.org/theaters/1079,9/15/26,,,,,medium,"Not stated on source page: closing year. Current-address audit found no confirmed continuation of this theater; it is closed, but the closing year is unknown.",Match,Exact,"223 W 42ND ST, NEW YORK, NY, 10036",40.75636687,-73.98758813,Rialto Building,building,yes,closed_unknown_date,medium,U.S. Census Geocoder; OpenStreetMap via Photon and Overpass,9/16/26,"A nearby mapped venue matched part of the name, but review did not confirm it as the same historical theater; the theater is closed and its closing year remains unknown."
3984,Apollo Theatre,Throop Theatre,"1531 Fulton Street, Brooklyn, NY 11216",Brooklyn,40.6798727,-73.9398,https://photos.cinematreasures.org/production/photos/266225/1551380617/large.jpg?1551380617,theater_images/3984.jpg,1914,1965,1925,Closed,1,Cinema Treasures,https://cinematreasures.org/theaters/3984,9/15/26,,,,,high,,,,,,,,,,,,,,
6093,Apollo Theatre,,"747 E. 180th Street, Bronx, NY 10457",Bronx,40.847579,-73.886966,,,1926,1933,,Closed,1,Cinema Treasures,https://cinematreasures.org/theaters/6093,9/15/26,,,,,low,Opening year is an upper bound ('prior to/before 1926'). Not stated on source page: image.,,,,,,,,,,,,,
12307,Apollo Theatre,"Apollo Hall, Loew's Apollo Theatre, RKO Apollo Theatre","126 Clinton Street, New York, NY 10002",Manhattan,40.7172065,-73.9860282,https://photos.cinematreasures.org/production/photos/40382/1333154409/large.jpg?1333154409,theater_images/12307.jpg,1900,unknown,,Closed,1,Cinema Treasures,https://cinematreasures.org/theaters/12307,9/15/26,,,,,medium,"Not stated on source page: closing year. Current-address audit found no confirmed continuation of this theater; it is closed, but the closing year is unknown.",Match,Exact,"126 CLINTON ST, NEW YORK, NY, 10002",40.71856605,-73.98525967,Mona Studio,shop,beauty,closed_unknown_date,medium,U.S. Census Geocoder; OpenStreetMap via Photon and Overpass,9/16/26,No matching current theater was found at the geocoded address. Closing date remains unknown.
66036,Apollo Theatre,,"2951 Richmond Terrace, Staten Island, NY 10303",Staten Island,40.6369792,-74.1589838,,,1911,1914,,Closed,1,Cinema Treasures,https://cinematreasures.org/theaters/66036,9/15/26,,,,,medium,Not stated on source page: image.,,,,,,,,,,,,,
17687,Arcade Theatre,Horak's Opera House,"Steinway Street, near 31st Avenue, Astoria, NY 11103",Queens,40.766893,-73.921394,https://photos.cinematreasures.org/production/photos/321486/1603569161/large.PNG?1603569161,theater_images/17687.png,,unknown,,Closed,2,Cinema Treasures,https://cinematreasures.org/theaters/17687,9/15/26,,,,,medium,"Not stated on source page: opening year, closing year. Current-address audit found no confirmed continuation of this theater; it is closed, but the closing year is unknown.",No_Match,,,,,30th Avenue,highway,tertiary,closed_unknown_date,medium,U.S. Census Geocoder; OpenStreetMap via Photon and Overpass,9/16/26,No matching current theater was found at the geocoded address. Closing date remains unknown.
31780,Arch Theatre,,"403 3rd Avenue, New York, NY 10016",Manhattan,40.7421375,-73.9807225,https://photos.cinematreasures.org/production/photos/204798/1490301882/large.jpg?1490301882,theater_images/31780.jpg,,unknown,,Closed,1,Cinema Treasures,https://cinematreasures.org/theaters/31780,9/15/26,,,,,medium,"Not stated on source page: opening year, closing year. Current-address audit found no confirmed continuation of this theater; it is closed, but the closing year is unknown.",Match,Exact,"403 3RD AVE, NEW YORK, NY, 10016",40.74224866,-73.98056677,401,place,house,closed_unknown_date,medium,U.S. Census Geocoder; OpenStreetMap via Photon and Overpass,9/16/26,No matching current theater was found at the geocoded address. Closing date remains unknown.
11301,Arena Theatre,Arena Cinema Verdi,"623 8th Avenue, New York, NY 10018",Manhattan,40.7561136,-73.990634,https://photos.cinematreasures.org/production/photos/362956/1642546207/large.png?1642546207,theater_images/11301.png,1918,1954,,Closed,1,Cinema Treasures,https://cinematreasures.org/theaters/11301,9/15/26,,,,,low,Closing year is approximate (1954).,,,,,,,,,,,,,
14169,Arena Theatre,,"NW corner of Steinway Avenue and Astoria Boulevard, Astoria, NY 11101",Queens,40.7688521,-73.9109299,https://photos.cinematreasures.org/production/photos/242316/1525897169/large.gif?1525897169,theater_images/14169.gif,,unknown,,Closed,1,Cinema Treasures,https://cinematreasures.org/theaters/14169,9/15/26,,,,,medium,"Not stated on source page: opening year, closing year. Current-address audit found no confirmed continuation of this theater; it is closed, but the closing year is unknown.",Tie,,,,,Steinway Street,highway,tertiary,closed_unknown_date,medium,U.S. Census Geocoder; OpenStreetMap via Photon and Overpass,9/16/26,No matching current theater was found at the geocoded address. Closing date remains unknown.
4617,Arion Theatre,,"73-26 Metropolitan Avenue, Middle Village, NY 11379",Queens,40.712501,-73.8785709,https://photos.cinematreasures.org/production/photos/14252/1310957652/large.jpg?1310957652,theater_images/4617.jpg,,2009,,Closed,1,Cinema Treasures,https://cinematreasures.org/theaters/4617,9/15/26,,,,,medium,Not stated on source page: opening year.,,,,,,,,,,,,,
42964,Arion Theatre,,"Grand Avenue, Maspeth, NY 11378",Queens,40.7218799,-73.9044306,https://photos.cinematreasures.org/production/photos/239874/1523661662/large.jpg?1523661662,theater_images/42964.jpg,1920,unknown,,Closed,1,Cinema Treasures,https://cinematreasures.org/theaters/42964,9/15/26,,,,,medium,"Not stated on source page: closing year. Current-address audit found no confirmed continuation of this theater; it is closed, but the closing year is unknown.",No_Match,,,,,Grand Avenue & 61st Street,highway,bus_stop,closed_unknown_date,medium,U.S. Census Geocoder; OpenStreetMap via Photon and Overpass,9/16/26,No matching current theater was found at the geocoded address. Closing date remains unknown.
23611,Arrow Theatre,Lyceum Theatre,"906 3rd Avenue, New York, NY 10022",Manhattan,40.7589993,-73.9686744,,,1913,unknown,,Closed,1,Cinema Treasures,https://cinematreasures.org/theaters/23611,9/15/26,,,,,low,"Opening year is an upper bound ('prior to/before 1913'). Not stated on source page: closing year, image. Current-address audit found no confirmed continuation of this theater; it is closed, but the closing year is unknown.",Match,Exact,"906 3RD AVE, NEW YORK, NY, 10022",40.75892673,-73.96858151,Chipotle,amenity,fast_food,closed_unknown_date,medium,U.S. Census Geocoder; OpenStreetMap via Photon and Overpass,9/16/26,No matching current theater was found at the geocoded address. Closing date remains unknown.
9502,Art East Cinema,"First Avenue Screening Room, Byron Cinema, Eastworld Cinema, York Cinema","1105 1st Avenue, New York, NY 10065",Manhattan,40.7606517,-73.9614252,https://photos.cinematreasures.org/production/photos/29422/1319296350/large.jpg?1319296350,theater_images/9502.jpg,1973,1994,,Closed,1,Cinema Treasures,https://cinematreasures.org/theaters/9502,9/15/26,,,,,high,,,,,,,,,,,,,,
4098,Art Greenwich Twin,"Greenwich Theatre, Greenwich Playhouse 1 & 2","97 Greenwich Avenue, New York, NY 10013",Manhattan,40.7375789,-74.0018115,https://photos.cinematreasures.org/production/photos/360572/1638850791/large.JPG?1638850791,theater_images/4098.jpg,1932,2000,,Closed,2,Cinema Treasures,https://cinematreasures.org/theaters/4098,9/15/26,,,,,high,,,,,,,,,,,,,,
8485,Art Jerome Theatre,"Hughs Theatre, Jerome Theatre","1 W. Tremont Avenue, Bronx, NY 10453",Bronx,40.8518238,-73.9091733,https://photos.cinematreasures.org/production/photos/121323/1427933419/large.jpg?1427933419,theater_images/8485.jpg,1926,unknown,,Closed,1,Cinema Treasures,https://cinematreasures.org/theaters/8485,9/15/26,,,,,medium,"Not stated on source page: closing year. Current-address audit found no confirmed continuation of this theater; it is closed, but the closing year is unknown.",Match,Exact,"1 W TREMONT AVE, BRONX, NY, 10453",40.85187645,-73.90925495,IRT Jerome Avenue Line,railway,subway,closed_unknown_date,medium,U.S. Census Geocoder; OpenStreetMap via Photon and Overpass,9/16/26,No matching current theater was found at the geocoded address. Closing date remains unknown.
6095,Art Southern Theatre,Art Theatre,"1077 Southern Boulevard, Bronx, NY 10459",Bronx,40.8254221,-73.8919896,https://photos.cinematreasures.org/production/photos/123696/1430096330/large.jpg?1430096330,theater_images/6095.jpg,1921,1957,1973,Closed,1,Cinema Treasures,https://cinematreasures.org/theaters/6095,9/15/26,,,,,low,Opening year is an upper bound ('prior to/before 1921'). Most recent stated closing year retained.,,,,,,,,,,,,,
36291,Art Theater,"Atlantic Theatre, Atlantic Playhouse, 7th Avenue Playhouse","5123 7th Avenue, Brooklyn, NY 11220",Brooklyn,40.641403,-74.00692,https://photos.cinematreasures.org/production/photos/7006/1308930416/large.jpg?1308930416,theater_images/36291.jpg,,1932,,Closed,1,Cinema Treasures,https://cinematreasures.org/theaters/36291,9/15/26,,,,,medium,Not stated on source page: opening year.,,,,,,,,,,,,,
26882,Art Theatre,"McDonough Theatre, Classique Theatre","956-958 Marcy Avenue, Brooklyn, NY 11216",Brooklyn,40.6806121,-73.9462992,https://photos.cinematreasures.org/production/photos/138634/1444143227/large.JPG?1444143227,theater_images/26882.jpg,1913,1945,1931,Closed,1,Cinema Treasures,https://cinematreasures.org/theaters/26882,9/15/26,,,,,low,Most recent stated closing year retained.,,,,,,,,,,,,,
44589,Arverne Pier Theatre,,"Boardwalk, Arverne, NY 11692",Queens,40.5896185,-73.7862663,https://photos.cinematreasures.org/production/photos/120852/1427513681/large.jpg?1427513681,theater_images/44589.jpg,,unknown,,Closed,1,Cinema Treasures,https://cinematreasures.org/theaters/44589,9/15/26,,,,,medium,"Not stated on source page: opening year, closing year. Current-address audit found no confirmed continuation of this theater; it is closed, but the closing year is unknown.",No_Match,,,,,Beach 56th Place,highway,steps,closed_unknown_date,medium,U.S. Census Geocoder; OpenStreetMap via Photon and Overpass,9/16/26,No matching current theater was found at the geocoded address. Closing date remains unknown.
44531,Arverne Theatre,,"61-14 Rockaway Beach Boulevard, Arverne, NY 11692",Queens,40.589947,-73.798119,https://photos.cinematreasures.org/production/photos/285090/1567465253/large.jpg?1567465253,theater_images/44531.jpg,1951,1952,,Closed,1,Cinema Treasures,https://cinematreasures.org/theaters/44531,9/15/26,,,,,low,Most recent stated closing year retained.,,,,,,,,,,,,,
7989,Ascot Theatre,,"2313 Grand Concourse, Bronx, NY 10468",Bronx,40.8579478,-73.8998785,https://photos.cinematreasures.org/production/photos/55846/1348089585/large.jpg?1348089585,theater_images/7989.jpg,1935,unknown,,Closed,1,Cinema Treasures,https://cinematreasures.org/theaters/7989,9/15/26,,,,,medium,"Not stated on source page: closing year. Current-address audit found no confirmed continuation of this theater; it is closed, but the closing year is unknown.",Match,Exact,"2313 GRAND CONCOURSE, BRONX, NY, 10468",40.85792141,-73.89995734,2309,place,house,closed_unknown_date,medium,U.S. Census Geocoder; OpenStreetMap via Photon and Overpass,9/16/26,No matching current theater was found at the geocoded address. Closing date remains unknown.
8850,Aster Theater,"Plaza Theater, New Plaza Theater, New Broadway Theater, Square Theater","246 Broadway, Brooklyn, NY 11211",Brooklyn,40.7088875,-73.9598552,https://photos.cinematreasures.org/production/photos/56643/1348590470/large.JPG?1348590470,theater_images/8850.jpg,1913,1950,,Closed,1,Cinema Treasures,https://cinematreasures.org/theaters/8850,9/15/26,,,,,high,,,,,,,,,,,,,,
518,Astor Theatre,,"1531 Broadway, New York, NY 10036",Manhattan,40.75868,-73.98629,https://photos.cinematreasures.org/production/photos/12928/1310754118/large.jpg?1310754118,theater_images/518.jpg,1906,1972,,Closed,1,Cinema Treasures,https://cinematreasures.org/theaters/518,9/15/26,,,,,high,,,,,,,,,,,,,,
3906,Astor Theatre,Trans-Lux Theatre,"927 Flatbush Avenue, Brooklyn, NY 11226",Brooklyn,40.6491312,-73.9583489,https://photos.cinematreasures.org/production/photos/260476/1542485351/large.gif?1542485351,theater_images/3906.gif,1933,1977,1977,Closed,1,Cinema Treasures,https://cinematreasures.org/theaters/3906,9/15/26,,,,,high,,,,,,,,,,,,,,
6233,Astral Theatre,"Empress Theatre, Cinema 181","544 W. 181st Street, New York, NY 10033",Manhattan,40.8488577,-73.9326825,https://photos.cinematreasures.org/production/photos/315583/1598312763/large.jpg?1598312763,theater_images/6233.jpg,1913,1986,,Closed,1,Cinema Treasures,https://cinematreasures.org/theaters/6233,9/15/26,,,,,low,Closing year is approximate (1986).,,,,,,,,,,,,,
6177,Atlantic Theater,New Atlantic Theatre,"205 Flatbush Avenue, Brooklyn, NY 11215",Brooklyn,40.6819094,-73.9758601,https://photos.cinematreasures.org/production/photos/224332/1510830203/large.jpg?1510830203,theater_images/6177.jpg,1915,1961,,Closed,1,Cinema Treasures,https://cinematreasures.org/theaters/6177,9/15/26,,,,,high,,,,,,,,,,,,,,
50192,Atlantic Theatre,,"2314 Atlantic Avenue, Brooklyn, NY 11233",Brooklyn,40.6761333,-73.9081997,https://photos.cinematreasures.org/production/photos/139961/1445360709/large.JPG?1445360709,theater_images/50192.jpg,1910,unknown,,Closed,1,Cinema Treasures,https://cinematreasures.org/theaters/50192,9/15/26,,,,,medium,"Not stated on source page: closing year. Current-address audit found no confirmed continuation of this theater; it is closed, but the closing year is unknown.",Match,Exact,"2314 ATLANTIC AVE, BROOKLYN, NY, 11233",40.6761636,-73.90859568,2129,place,house,closed_unknown_date,medium,U.S. Census Geocoder; OpenStreetMap via Photon and Overpass,9/16/26,No matching current theater was found at the geocoded address. Closing date remains unknown.
14693,Atlas Theatre,,"1888 3rd Avenue, New York, NY 10029",Manhattan,40.7905174,-73.9455536,,,,unknown,,Closed,1,Cinema Treasures,https://cinematreasures.org/theaters/14693,9/15/26,,,,,medium,"Not stated on source page: opening year, closing year, image. Current-address audit found no confirmed continuation of this theater; it is closed, but the closing year is unknown.",Match,Exact,"1888 3RD AVE, NEW YORK, NY, 10029",40.79048256,-73.94555331,Burger King,amenity,fast_food,closed_unknown_date,medium,U.S. Census Geocoder; OpenStreetMap via Photon and Overpass,9/16/26,No matching current theater was found at the geocoded address. Closing date remains unknown.
8484,Atrium Stadium Cinemas,Atrium Luxury Cinemas,"680 Arthur Kill Road, Staten Island, NY 10308",Staten Island,40.5535039,-74.1504204,https://photos.cinematreasures.org/production/photos/151122/1451414674/large.jpg?1451414674,theater_images/8484.jpg,1994,,,Open (Showing movies),11,Cinema Treasures,https://cinematreasures.org/theaters/8484,9/15/26,,,,,high,,,,,,,,,,,,,,
3069,Audubon Theatre,"Fox Audubon Theatre, Beverly Hills Theatre, New San Juan Theatre, San Juan Theatre","3950 Broadway, New York, NY 10032",Manhattan,40.8394928,-73.9407632,https://photos.cinematreasures.org/production/photos/67939/1362074976/large.PNG?1362074976,theater_images/3069.png,,1980,,Closed,1,Cinema Treasures,https://cinematreasures.org/theaters/3069,9/15/26,,,,,medium,Not stated on source page: opening year.,,,,,,,,,,,,,
588,Avalon Theatre,Loew's Avalon Theatre,"1720 Kings Highway, Brooklyn, NY 11229",Brooklyn,40.6097559,-73.9557552,https://photos.cinematreasures.org/production/photos/140439/1445664449/large.jpg?1445664449,theater_images/588.jpg,1928,1982,,Closed,1,Cinema Treasures,https://cinematreasures.org/theaters/588,9/15/26,,,,,high,,,,,,,,,,,,,,
6096,Avalon Theatre,,"275 E. Burnside Avenue, Bronx, NY 10457",Bronx,40.8512199,-73.9019563,https://photos.cinematreasures.org/production/photos/170606/1465656453/large.png?1465656453,theater_images/6096.png,1928,1950,,Closed,1,Cinema Treasures,https://cinematreasures.org/theaters/6096,9/15/26,,,,,high,,,,,,,,,,,,,,
23879,Avenue A Theater,,"51 Avenue A, New York, NY 10009",Manhattan,40.7239439,-73.9852266,https://photos.cinematreasures.org/production/photos/166780/1462467981/large.jpg?1462467981,theater_images/23879.jpg,,1929,,Closed,1,Cinema Treasures,https://cinematreasures.org/theaters/23879,9/15/26,,,,,low,Closing year is approximate (1929). Not stated on source page: opening year.,,,,,,,,,,,,,
3874,Avenue D Theater,,"4301 Avenue D, Brooklyn, NY 11203",Brooklyn,40.6417483,-73.9356535,https://photos.cinematreasures.org/production/photos/263824/1547656917/large.jpg?1547656917,theater_images/3874.jpg,1936,1962,,Closed,1,Cinema Treasures,https://cinematreasures.org/theaters/3874,9/15/26,,,,,low,Opening year is approximate (1936).,,,,,,,,,,,,,
6407,Avenue Playhouse,"47th Street Cinema, Miami Theatre, Irish Theatre, Avon Theatre","1187 Avenue of the Americas, New York, NY 10036",Manhattan,40.7577731,-73.9820163,https://photos.cinematreasures.org/production/photos/363016/1642676840/large.png?1642676840,theater_images/6407.png,1914,unknown,,Closed,1,Cinema Treasures,https://cinematreasures.org/theaters/6407,9/15/26,,,,,medium,"Not stated on source page: closing year. Current-address audit found no confirmed continuation of this theater; it is closed, but the closing year is unknown.",Match,Exact,"1187 AVE OF THE AMERICAS, NEW YORK, NY, 10036",40.75764006,-73.98215721,Consulate General of Brazil,office,diplomatic,closed_unknown_date,medium,U.S. Census Geocoder; OpenStreetMap via Photon and Overpass,9/16/26,No matching current theater was found at the geocoded address. Closing date remains unknown.
3867,Avenue U Theatre,,"1602 Avenue U, Brooklyn, NY 11229",Brooklyn,40.5987099,-73.955211,https://photos.cinematreasures.org/production/photos/208891/1495050111/large.JPG?1495050111,theater_images/3867.jpg,1927,1987,,Closed,1,Cinema Treasures,https://cinematreasures.org/theaters/3867,9/15/26,,,,,high,,,,,,,,,,,,,,
11981,Avon 42nd Street Theatre,,"133 W. 42nd Street, New York, NY 10036",Manhattan,40.7549192,-73.9842344,https://photos.cinematreasures.org/production/photos/496225/1758692379/large.jpeg?1758692379,theater_images/11981.jpeg,,1975,,Closed,1,Cinema Treasures,https://cinematreasures.org/theaters/11981,9/15/26,,,,,medium,Not stated on source page: opening year.,,,,,,,,,,,,,
17845,Avon 7,,"724 7th Avenue, New York, NY 10036",Manhattan,40.7599481,-73.9841527,https://photos.cinematreasures.org/production/photos/217667/1504538352/large.jpg?1504538352,theater_images/17845.jpg,1970,unknown,,Closed,1,Cinema Treasures,https://cinematreasures.org/theaters/17845,9/15/26,,,,,medium,"Not stated on source page: closing year. Current-address audit found no confirmed continuation of this theater; it is closed, but the closing year is unknown.",Match,Non_Exact,"724 7TH AVE, NEW YORK, NY, 10019",40.75997525,-73.98416343,49th Street,railway,station,closed_unknown_date,medium,U.S. Census Geocoder; OpenStreetMap via Photon and Overpass,9/16/26,No matching current theater was found at the geocoded address. Closing date remains unknown.
4033,Avon 9th Street Theatre,,"289 9th Street, Brooklyn, NY 11215",Brooklyn,40.6696203,-73.9868577,https://photos.cinematreasures.org/production/photos/55861/1348099259/large.jpg?1348099259,theater_images/4033.jpg,1914,1975,,Closed,1,Cinema Treasures,https://cinematreasures.org/theaters/4033,9/15/26,,,,,high,,,,,,,,,,,,,,
9929,Azteca Theatre,Madison Theatre,"1490 Madison Avenue, New York, NY 10029",Manhattan,40.7913659,-73.951553,https://photos.cinematreasures.org/production/photos/264501/1548790967/large.jpg?1548790967,theater_images/9929.jpg,1969,unknown,,Closed,1,Cinema Treasures,https://cinematreasures.org/theaters/9929,9/15/26,,,,,medium,"Not stated on source page: closing year. Current-address audit found no confirmed continuation of this theater; it is closed, but the closing year is unknown.",Match,Exact,"1490 MADISON AVE, NEW YORK, NY, 10029",40.79112961,-73.95139908,East 102nd Street,highway,residential,closed_unknown_date,medium,U.S. Census Geocoder; OpenStreetMap via Photon and Overpass,9/16/26,No matching current theater was found at the geocoded address. Closing date remains unknown.
67677,B-B Theatre,B. B. Theatre,"3837 White Plains Road, Bronx, NY 10467",Bronx,40.88488,-73.8626421,,,1914,1935,,Closed,1,Cinema Treasures,https://cinematreasures.org/theaters/67677,9/15/26,,,,,low,Most recent stated closing year retained. Not stated on source page: image.,,,,,,,,,,,,,
4426,B.S. Moss' Broadway Theatre,Broadway Theatre,"1445 Broadway, New York, NY 10018",Manhattan,40.7549377,-73.9866896,https://photos.cinematreasures.org/production/photos/92518/1389901330/large.PNG?1389901330,theater_images/4426.png,1837,1929,,Closed,1,Cinema Treasures,https://cinematreasures.org/theaters/4426,9/15/26,,,,,high,,,,,,,,,,,,,,
7930,Bainbridge Theatre,Mosholu Theatre,"286 E. 204th Street, Bronx, NY 10467",Bronx,40.8732824,-73.879083,https://photos.cinematreasures.org/production/photos/43629/1336077511/large.jpg?1336077511,theater_images/7930.jpg,1926,2000,1995,Closed,2,Cinema Treasures,https://cinematreasures.org/theaters/7930,9/15/26,,,,,low,Most recent stated closing year retained.,,,,,,,,,,,,,
7104,BAM Harvey Theater,"Majestic Theatre, BAM Majestic Theater","651 Fulton Street, Brooklyn, NY 11217",Brooklyn,40.6882796,-73.9790012,https://photos.cinematreasures.org/production/photos/45614/1338237220/large.jpg?1338237220,theater_images/7104.jpg,1904,,,Open (Showing movies),1,Cinema Treasures,https://cinematreasures.org/theaters/7104,9/15/26,BAM,https://www.bam.org/about/history/bam-hamm-archives/bam-buildings,9/15/26,verified_external,high,Closing year is approximate (1968). Opening year verified from BAM.,,,,,,,,,,,,,
7208,BAM Rose Cinemas,"Brooklyn Academy of Music, Carey Playhouse, Carey Theater at BAM","30 Lafayette Street, Brooklyn, NY 11217",Brooklyn,40.6868491,-73.9777792,https://photos.cinematreasures.org/production/photos/244120/1527462910/large.JPG?1527462910,theater_images/7208.jpg,1998,,,Open (Showing movies),4,Cinema Treasures,https://cinematreasures.org/theaters/7208,9/15/26,,,,,high,,,,,,,,,,,,,,
73161,BAM Rose Cinemas at BAM KBH,,"10 Lafayette Avenue, Brooklyn, NY 11217",Brooklyn,40.686535,-73.9784877,https://photos.cinematreasures.org/production/photos/501326/1763233304/large.png?1763233304,theater_images/73161.png,2025,,,Open (Showing movies),2,Cinema Treasures,https://cinematreasures.org/theaters/73161,9/15/26,BroadwayWorld reporting BAM announcement,https://www.broadwayworld.com/brooklyn/article/New-Cinema-Screens-Open-At-BAM-KBH-On-November-7-20251030,9/15/26,verified_external,high,Opening year verified from BroadwayWorld reporting BAM announcement.,,,,,,,,,,,,,
35763,Banco Theatre,Fulton Auditorium,"1298 Fulton Street, Brooklyn, NY 11216",Brooklyn,40.6803039,-73.9488469,https://photos.cinematreasures.org/production/photos/138637/1444143556/large.JPG?1444143556,theater_images/35763.jpg,1908,1976,,Closed,1,Cinema Treasures,https://cinematreasures.org/theaters/35763,9/15/26,,,,,high,,,,,,,,,,,,,,
6098,Barnes Theatre,,"Allerton Avenue and Barnes Avenue, Bronx, NY 10467",Bronx,40.865323,-73.8657743,https://photos.cinematreasures.org/production/photos/264496/1548784989/large.gif?1548784989,theater_images/6098.gif,1933,1940,,Closed,1,Cinema Treasures,https://cinematreasures.org/theaters/6098,9/15/26,,,,,low,Closing year is approximate (1940).,,,,,,,,,,,,,
818,Baronet and Coronet Theatre,"Queen's Theatre, Arcadia Theatre, Baronet Theatre, Coronet I and II","993 3rd Avenue, New York, NY 10022",Manhattan,40.7616776,-73.9664668,https://photos.cinematreasures.org/production/photos/47/1305987846/large.jpg?1305987846,theater_images/818.jpg,1914,2001,,Closed,2,Cinema Treasures,https://cinematreasures.org/theaters/818,9/15/26,,,,,low,Opening year is an upper bound ('prior to/before 1914').,,,,,,,,,,,,,
5998,Bay Cinema,Kips Bay Theatre,"570 2nd Avenue, New York, NY 10016",Manhattan,40.742973,-73.977009,https://photos.cinematreasures.org/production/photos/45410/1338050597/large.jpg?1338050597,theater_images/5998.jpg,1962,1994,,Closed,1,Cinema Treasures,https://cinematreasures.org/theaters/5998,9/15/26,,,,,high,,,,,,,,,,,,,,
1270,Bay Ridge Theatre,"Loew's Bay Ridge Theatre, Italian Lyric Theatre","7120 3rd Avenue, Brooklyn, NY 11209",Brooklyn,40.6337238,-74.0268928,https://photos.cinematreasures.org/production/photos/22274/1313624121/large.jpg?1313624121,theater_images/1270.jpg,1915,1959,,Closed,1,Cinema Treasures,https://cinematreasures.org/theaters/1270,9/15/26,,,,,high,,,,,,,,,,,,,,
4733,Bayside Theatre,"Capitol Theatre, Bayside Quad, The Movies at Bayside","38-39 Bell Boulevard, Bayside, NY 11361",Queens,40.76562,-73.771566,https://photos.cinematreasures.org/production/photos/284698/1567118852/large.jpg?1567118852,theater_images/4733.jpg,,2001,,Closed,4,Cinema Treasures,https://cinematreasures.org/theaters/4733,9/15/26,,,,,medium,Not stated on source page: opening year.,,,,,,,,,,,,,
17549,Beach Theatre,,"1810 Randall Avenue, Bronx, NY 10473",Bronx,40.8170524,-73.8625038,https://photos.cinematreasures.org/production/photos/262108/1544644154/large.jpg?1544644154,theater_images/17549.jpg,1938,1969,,Closed,1,Cinema Treasures,https://cinematreasures.org/theaters/17549,9/15/26,,,,,low,Opening year is an upper bound ('prior to/before 1938').,,,,,,,,,,,,,
4031,Beacon Theater,,"10-03 40th Avenue, Long Island City, NY 11101",Queens,40.756874,-73.9441005,https://photos.cinematreasures.org/production/photos/259351/1541159041/large.png?1541159041,theater_images/4031.png,1940,unknown,,Closed,1,Cinema Treasures,https://cinematreasures.org/theaters/4031,9/15/26,,,,,medium,"Not stated on source page: closing year. Current-address audit found no confirmed continuation of this theater; it is closed, but the closing year is unknown.",Match,Exact,"10-03 40TH AVE, LONG ISLAND CITY, NY, 11101",40.75688377,-73.94423006,10-03 Gourmet Deli,shop,deli,closed_unknown_date,medium,U.S. Census Geocoder; OpenStreetMap via Photon and Overpass,9/16/26,No matching current theater was found at the geocoded address. Closing date remains unknown.
42,Beacon Theatre,Warner Bros. Beacon Theatre,"2124 Broadway, New York, NY 10023",Manhattan,40.7805932,-73.981318,https://photos.cinematreasures.org/production/photos/61248/1353554037/large.jpg?1353554037,theater_images/42.jpg,1929,,2009,Open (Showing movies),1,Cinema Treasures,https://cinematreasures.org/theaters/42,9/15/26,,,,,high,,,,,,,,,,,,,,
6099,Bedford Theatre,,"3119 Webster Avenue, Bronx, NY 10467",Bronx,40.8715492,-73.8765318,https://photos.cinematreasures.org/production/photos/157320/1454458157/large.jpg?1454458157,theater_images/6099.jpg,1923,1955,,Closed,1,Cinema Treasures,https://cinematreasures.org/theaters/6099,9/15/26,,,,,low,Most recent stated closing year retained.,,,,,,,,,,,,,
306,Beekman Theatre,,"1254 2nd Avenue, New York, NY 10021",Manhattan,40.7649649,-73.961152,https://photos.cinematreasures.org/production/photos/13/1305912854/large.jpg?1305912854,theater_images/306.jpg,1952,2005,,Closed,1,Cinema Treasures,https://cinematreasures.org/theaters/306,9/15/26,,,,,high,,,,,,,,,,,,,,
8730,Beekman Theatre,"Crown New York Twin, Loews Cineplex New York Twin, New York One & Two, Beekman One & Two","1271 2nd Avenue, New York, NY 10065",Manhattan,40.7653617,-73.9609007,https://photos.cinematreasures.org/production/photos/61063/1353108179/large.jpg?1353108179,theater_images/8730.jpg,1979,2019,2008,Closed,2,Cinema Treasures,https://cinematreasures.org/theaters/8730,9/15/26,,,,,low,Most recent stated closing year retained.,,,,,,,,,,,,,
60829,Belasco Theatre,Stuyvesant Theatre,"111 W. 44th Street, New York, NY 10036",Manhattan,,,https://photos.cinematreasures.org/production/photos/288334/1570732040/large.JPG?1570732040,theater_images/60829.jpg,1907,,,Open (Showing movies),1,Cinema Treasures,https://cinematreasures.org/theaters/60829,9/15/26,,,,,medium,Not stated on source page: coordinates.,,,,,,,,,,,,,
10171,Bell Cinema,Strand Theatre,"801 Washington Avenue, Brooklyn, NY 11238",Brooklyn,40.6724955,-73.9627256,https://photos.cinematreasures.org/production/photos/6381/1308661801/large.jpg?1308661801,theater_images/10171.jpg,1914,1953,,Closed,1,Cinema Treasures,https://cinematreasures.org/theaters/10171,9/15/26,,,,,low,Most recent stated closing year retained.,,,,,,,,,,,,,
7436,Bellaire Theatre,,"207-01 Jamaica Avenue, Queens Village, NY 11428",Queens,40.714443,-73.752972,https://photos.cinematreasures.org/production/photos/194183/1480981875/large.JPG?1480981875,theater_images/7436.jpg,1926,2018,,Closed,1,Cinema Treasures,https://cinematreasures.org/theaters/7436,9/15/26,,,,,high,,,,,,,,,,,,,,
6342,Belle Harbor Twin,Park Theatre,"150 Beach 116th Street, Rockaway Park, NY 11694",Queens,40.5779476,-73.8363321,https://photos.cinematreasures.org/production/photos/49492/1342567557/large.JPG?1342567557,theater_images/6342.jpg,,1976,,Closed,2,Cinema Treasures,https://cinematreasures.org/theaters/6342,9/15/26,,,,,medium,Not stated on source page: opening year.,,,,,,,,,,,,,
36844,Belle Paree Theatre,,"414 E. 149th Street, Bronx, NY 10455",Bronx,40.816055,-73.917625,https://photos.cinematreasures.org/production/photos/285214/1567539991/large.gif?1567539991,theater_images/36844.gif,1926,1927,,Closed,1,Cinema Treasures,https://cinematreasures.org/theaters/36844,9/15/26,,,,,low,Most recent stated closing year retained.,,,,,,,,,,,,,
2986,Belmont Theatre,"Norworth Theatre, Theatre Parisien, Cinema 48","121 W. 48th Street, New York, NY 10036",Manhattan,40.7589854,-73.9821195,https://photos.cinematreasures.org/production/photos/142989/1447180856/large.jpg?1447180856,theater_images/2986.jpg,1918,1951,1937,Closed,1,Cinema Treasures,https://cinematreasures.org/theaters/2986,9/15/26,,,,,high,,,,,,,,,,,,,,
43569,Belmore Theatre,Regal Amusement Theatre,"2028 3rd Avenue, New York, NY 10029",Manhattan,40.795218,-73.9422824,,,,unknown,,Closed,1,Cinema Treasures,https://cinematreasures.org/theaters/43569,9/15/26,,,,,medium,"Not stated on source page: opening year, closing year, image. Current-address audit found no confirmed continuation of this theater; it is closed, but the closing year is unknown.",Match,Exact,"2028 3RD AVE, NEW YORK, NY, 10029",40.79502014,-73.94224363,2024,building,yes,closed_unknown_date,medium,U.S. Census Geocoder; OpenStreetMap via Photon and Overpass,9/16/26,No matching current theater was found at the geocoded address. Closing date remains unknown.
12051,Benenson Theatre,Fenway Theatre,"1576 Washington Avenue, Bronx, NY 10457",Bronx,40.8382409,-73.902672,https://photos.cinematreasures.org/production/photos/153294/1452266813/large.jpg?1452266813,theater_images/12051.jpg,1921,unknown,,Closed,1,Cinema Treasures,https://cinematreasures.org/theaters/12051,9/15/26,,,,,medium,"Not stated on source page: closing year. Current-address audit found no confirmed continuation of this theater; it is closed, but the closing year is unknown.",Match,Exact,"1576 WASHINGTON AVE, BRONX, NY, 10457",40.83854954,-73.90274912,1556,building,yes,closed_unknown_date,medium,U.S. Census Geocoder; OpenStreetMap via Photon and Overpass,9/16/26,No matching current theater was found at the geocoded address. Closing date remains unknown.
3886,Benson Twins,Benson Theatre,"2007-2009 86th Street, Brooklyn, NY 11214",Brooklyn,40.6045546,-73.9979007,https://photos.cinematreasures.org/production/photos/34616/1327785448/large.png?1327785448,theater_images/3886.png,1922,1988,,Closed,2,Cinema Treasures,https://cinematreasures.org/theaters/3886,9/15/26,,,,,high,,,,,,,,,,,,,,
8836,Berkshire Theatre,,"5913 8th Avenue, Brooklyn, NY 11220",Brooklyn,40.6356931,-74.0093212,https://photos.cinematreasures.org/production/photos/122572/1428784898/large.jpg?1428784898,theater_images/8836.jpg,1926,1955,,Closed,1,Cinema Treasures,https://cinematreasures.org/theaters/8836,9/15/26,,,,,high,,,,,,,,,,,,,,
56994,Bernard B. Jacobs Theatre,"John Golden Theatre, Royale Theatre","242 W. 45th Street, New York, NY 10036",Manhattan,40.7586351,-73.9877258,https://photos.cinematreasures.org/production/photos/230423/1515352670/large.gif?1515352670,theater_images/56994.gif,1927,,,Open,1,Cinema Treasures,https://cinematreasures.org/theaters/56994,9/15/26,,,,,high,,,,,,,,,,,,,,
36293,Beverley Theatre,,"598 Coney Island Avenue, Brooklyn, NY 11218",Brooklyn,40.642629,-73.969824,https://photos.cinematreasures.org/production/photos/7029/1308936022/large.jpg?1308936022,theater_images/36293.jpg,,1915,,Closed,1,Cinema Treasures,https://cinematreasures.org/theaters/36293,9/15/26,,,,,low,Most recent stated closing year retained. Not stated on source page: opening year.,,,,,,,,,,,,,
3865,Beverly Theater,,"111 Church Avenue, Brooklyn, NY 11218",Brooklyn,40.6430592,-73.9791064,https://photos.cinematreasures.org/production/photos/52843/1345347692/large.jpg?1345347692,theater_images/3865.jpg,1920,1981,,Closed,2,Cinema Treasures,https://cinematreasures.org/theaters/3865,9/15/26,,,,,high,,,,,,,,,,,,,,
6630,Beverly Theatre,"Windsor Theatre, 50th Street Beverly Theatre","823 3rd Avenue, New York, NY 10022",Manhattan,40.7560196,-73.9705981,https://photos.cinematreasures.org/production/photos/204754/1490287267/large.jpg?1490287267,theater_images/6630.jpg,1923,unknown,,Closed,1,Cinema Treasures,https://cinematreasures.org/theaters/6630,9/15/26,,,,,low,"Opening year is an upper bound ('prior to/before 1923'). Not stated on source page: closing year. Current-address audit found no confirmed continuation of this theater; it is closed, but the closing year is unknown.",Match,Exact,"823 3RD AVE, NEW YORK, NY, 10022",40.75608429,-73.97049142,Naya,amenity,fast_food,closed_unknown_date,medium,U.S. Census Geocoder; OpenStreetMap via Photon and Overpass,9/16/26,No matching current theater was found at the geocoded address. Closing date remains unknown.
305,Big Cinemas Manhattan,"Cine Malibu, D.W. Griffith Theatre, 59th Street East Cinema, ImaginAsian Theatre","239 E. 59th Street, New York, NY 10022",Manhattan,40.7609517,-73.9649322,https://photos.cinematreasures.org/production/photos/270/1306435763/large.jpg?1306435763,theater_images/305.jpg,1969,2014,2004,Closed,1,Cinema Treasures,https://cinematreasures.org/theaters/305,9/15/26,,,,,low,Most recent stated closing year retained. Most recent stated reopening year retained.,,,,,,,,,,,,,
44950,Big Show,,"977 3rd Avenue, New York, NY 10022",Manhattan,40.7611312,-73.9668855,,,,unknown,,Closed,1,Cinema Treasures,https://cinematreasures.org/theaters/44950,9/15/26,,,,,medium,"Not stated on source page: opening year, closing year, image. Current-address audit found no confirmed continuation of this theater; it is closed, but the closing year is unknown.",Match,Exact,"977 3RD AVE, NEW YORK, NY, 10022",40.76085091,-73.96701327,Citi Bike - E 58 St & 3 Ave,amenity,bicycle_rental,closed_unknown_date,medium,U.S. Census Geocoder; OpenStreetMap via Photon and Overpass,9/16/26,No matching current theater was found at the geocoded address. Closing date remains unknown.
9810,Big Top Theatre,,"1604 Broadway, New York, NY 10019",Manhattan,40.760461,-73.984245,https://photos.cinematreasures.org/production/photos/42406/1334694920/large.jpg?1334694920,theater_images/9810.jpg,,unknown,,Closed,1,Cinema Treasures,https://cinematreasures.org/theaters/9810,9/15/26,,,,,medium,"Not stated on source page: opening year, closing year. Current-address audit found no confirmed continuation of this theater; it is closed, but the closing year is unknown.",Match,Exact,"1604 BROADWAY, NEW YORK, NY, 10019",40.76022712,-73.9846611,Broadway,highway,living_street,closed_unknown_date,medium,U.S. Census Geocoder; OpenStreetMap via Photon and Overpass,9/16/26,No matching current theater was found at the geocoded address. Closing date remains unknown.
8371,Bijou Cinema,"Lyric Theatre, Comet Theatre, Cinema Village Third Avenue, Jewel Theatre","100 3rd Avenue, New York, NY 10003",Manhattan,40.732508,-73.988155,https://photos.cinematreasures.org/production/photos/162170/1458082697/large.jpg?1458082697,theater_images/8371.jpg,,2002,,Closed,1,Cinema Treasures,https://cinematreasures.org/theaters/8371,9/15/26,,,,,low,Closing year is approximate (2002). Most recent stated closing year retained. Not stated on source page: opening year.,,,,,,,,,,,,,
16899,Bijou Cinema,Film Forum,"82 E. 4th Street, New York, NY 10003",Manhattan,40.7262584,-73.9896598,https://photos.cinematreasures.org/production/photos/204805/1490303029/large.jpg?1490303029,theater_images/16899.jpg,2006,2019,1992,Closed,1,Cinema Treasures,https://cinematreasures.org/theaters/16899,9/15/26,,,,,low,Most recent stated closing year retained. Reopening year is approximate (1992).,,,,,,,,,,,,,
2932,Bijou Theatre,"D.W. Griffith Theatre, Toho Cinema, Bijou Cinema","209 W. 45th Street, New York, NY 10036",Manhattan,40.7581282,-73.9859002,https://photos.cinematreasures.org/production/photos/160457/1456863848/large.jpg?1456863848,theater_images/2932.jpg,1917,1981,1963,Closed,1,Cinema Treasures,https://cinematreasures.org/theaters/2932,9/15/26,,,,,low,Most recent stated closing year retained. Most recent stated reopening year retained.,,,,,,,,,,,,,
44085,Bijou Theatre,"Theatre Brighton, Wood's Theatre, Bijou Opera House","1239 Broadway, New York, NY 10001",Manhattan,40.7472445,-73.9885774,https://photos.cinematreasures.org/production/photos/318189/1600824038/large.jpeg?1600824038,theater_images/44085.jpeg,1873,1914,,Closed,1,Cinema Treasures,https://cinematreasures.org/theaters/44085,9/15/26,,,,,high,,,,,,,,,,,,,,
4044,Biltmore Theatre,UA Biltmore Theatre,"464 New Lots Avenue, Brooklyn, NY 11207",Brooklyn,40.662901,-73.890078,https://photos.cinematreasures.org/production/photos/42236/1334567780/large.jpg?1334567780,theater_images/4044.jpg,1927,1971,,Closed,1,Cinema Treasures,https://cinematreasures.org/theaters/4044,9/15/26,,,,,low,Opening year is approximate (1927).,,,,,,,,,,,,,
53004,Bim's Endicott Theatre,Endicott Theatre,"127 W. 89th Street, New York, NY 10024",Manhattan,40.7890459,-73.9722018,https://photos.cinematreasures.org/production/photos/178662/1472732586/large.jpg?1472732586,theater_images/53004.jpg,1926,1931,,Closed,1,Cinema Treasures,https://cinematreasures.org/theaters/53004,9/15/26,,,,,low,Opening year is an upper bound ('prior to/before 1926').,,,,,,,,,,,,,
6016,Bleecker Street Cinemas,,"144 Bleecker Street, New York, NY 10012",Manhattan,40.7281801,-73.9993331,https://photos.cinematreasures.org/production/photos/28661/1318474291/large.jpg?1318474291,theater_images/6016.jpg,,1990,,Closed,2,Cinema Treasures,https://cinematreasures.org/theaters/6016,9/15/26,,,,,medium,Not stated on source page: opening year.,,,,,,,,,,,,,
6104,Blenheim Theatre,,"440 E. 169th Street, Bronx, NY 10456",Bronx,40.833358,-73.9070261,https://photos.cinematreasures.org/production/photos/263413/1546990228/large.jpg?1546990228,theater_images/6104.jpg,1926,unknown,,Closed,1,Cinema Treasures,https://cinematreasures.org/theaters/6104,9/15/26,,,,,low,"Opening year is an upper bound ('prior to/before 1926'). Not stated on source page: closing year. Current-address audit found no confirmed continuation of this theater; it is closed, but the closing year is unknown.",Match,Exact,"440 E 169TH ST, BRONX, NY, 10456",40.83332497,-73.90699442,3566,place,house,closed_unknown_date,medium,U.S. Census Geocoder; OpenStreetMap via Photon and Overpass,9/16/26,No matching current theater was found at the geocoded address. Closing date remains unknown.
6175,Bliss Theatre,,"44-17 Greenpoint Avenue, Sunnyside, NY 11104",Queens,40.7418142,-73.9201558,https://photos.cinematreasures.org/production/photos/154689/1452834891/large.jpg?1452834891,theater_images/6175.jpg,1930,unknown,,Closed,1,Cinema Treasures,https://cinematreasures.org/theaters/6175,9/15/26,,,,,medium,"Not stated on source page: closing year. Current-address audit found no confirmed continuation of this theater; it is closed, but the closing year is unknown.",Match,Exact,"44-17 GREENPOINT AVE, SUNNYSIDE, NY, 11104",40.7415051,-73.92077856,Greenpoint Avenue & 44th Street,highway,bus_stop,closed_unknown_date,medium,U.S. Census Geocoder; OpenStreetMap via Photon and Overpass,9/16/26,No matching current theater was found at the geocoded address. Closing date remains unknown.
40992,Blue Balcony Cinema,,"247 E. 2nd Street, New York, NY 10009",Manhattan,40.7212435,-73.9817181,https://photos.cinematreasures.org/production/photos/71575/1366399344/large.jpg?1366399344,theater_images/40992.jpg,2013,2015,,Closed,1,Cinema Treasures,https://cinematreasures.org/theaters/40992,9/15/26,,,,,high,,,,,,,,,,,,,,
8287,Boardwalk Theatre,June Theatre,"66-18 Boardwalk, Arverne, NY 11692",Queens,40.5881626,-73.7912121,https://photos.cinematreasures.org/production/photos/94394/1391784540/large.jpg?1391784540,theater_images/8287.jpg,1951,1952,,Closed,1,Cinema Treasures,https://cinematreasures.org/theaters/8287,9/15/26,,,,,high,,,,,,,,,,,,,,
27034,Boardwalk Theatre,,"Franklin D. Roosevelt Boardwalk, Staten Island, NY 10305",Staten Island,40.5730556,-74.0944444,,,,1943,,Closed,1,Cinema Treasures,https://cinematreasures.org/theaters/27034,9/15/26,,,,,medium,"Not stated on source page: opening year, image.",,,,,,,,,,,,,
16315,Bobby Theater,"Electric Theater, Electra Theater","1160 Broadway, Brooklyn, NY 11221",Brooklyn,40.6930532,-73.9283576,https://photos.cinematreasures.org/production/photos/261381/1543682513/large.jpg?1543682513,theater_images/16315.jpg,,1945,,Closed,1,Cinema Treasures,https://cinematreasures.org/theaters/16315,9/15/26,,,,,medium,Not stated on source page: opening year.,,,,,,,,,,,,,
4029,Bombay Theatre,Mayfair Theatre,"68-25 Fresh Meadow Lane, Flushing, NY 11365",Queens,40.7329153,-73.7943993,https://photos.cinematreasures.org/production/photos/40260/1332985871/large.jpg?1332985871,theater_images/4029.jpg,1940,2024,,Closed,1,Cinema Treasures,https://cinematreasures.org/theaters/4029,9/15/26,,,,,high,,,,,,,,,,,,,,
64820,Booth Theatre,,"222 W. 45th Street, New York, NY 10036",Manhattan,40.7584168,-73.9868987,https://photos.cinematreasures.org/production/photos/343321/1619061033/large.PNG?1619061033,theater_images/64820.png,1913,,,Open,1,Cinema Treasures,https://cinematreasures.org/theaters/64820,9/15/26,,,,,high,,,,,,,,,,,,,,
6106,Boro Theatre,Miracle Theatre,"752 Melrose Avenue, Bronx, NY 10451",Bronx,40.8210807,-73.9154588,https://photos.cinematreasures.org/production/photos/219616/1506547858/large.jpg?1506547858,theater_images/6106.jpg,,1947,,Closed,1,Cinema Treasures,https://cinematreasures.org/theaters/6106,9/15/26,,,,,low,Closing year is approximate (1947). Not stated on source page: opening year.,,,,,,,,,,,,,
6107,Boulevard Theatre,Loew's Boulevard Theatre,"1032 Southern Boulevard, Bronx, NY 10459",Bronx,40.8237765,-73.8918794,https://photos.cinematreasures.org/production/photos/27067/1316736974/large.jpg?1316736974,theater_images/6107.jpg,1913,unknown,,Closed,1,Cinema Treasures,https://cinematreasures.org/theaters/6107,9/15/26,,,,,medium,"Not stated on source page: closing year. Current-address audit found no confirmed continuation of this theater; it is closed, but the closing year is unknown.",Match,Exact,"1032 SOUTHERN BLVD, BRONX, NY, 10459",40.8239912,-73.8917935,Southern Boulevard,highway,secondary,closed_unknown_date,medium,U.S. Census Geocoder; OpenStreetMap via Photon and Overpass,9/16/26,No matching current theater was found at the geocoded address. Closing date remains unknown.
6262,Boulevard Theatre,Fox Boulevard Theatre,"82-22 Northern Boulevard, Jackson Heights, NY 11372",Queens,40.7555228,-73.8845883,https://photos.cinematreasures.org/production/photos/120724/1427415448/large.jpg?1427415448,theater_images/6262.jpg,1926,2020,,Closed,1,Cinema Treasures,https://cinematreasures.org/theaters/6262,9/15/26,,,,,high,,,,,,,,,,,,,,
3274,Brandon Cinemas 2,"Continental Theatre, Continental I / II, United Artists Brandon Cinema Center","70-20 Austin Street, Forest Hills, NY 11375",Queens,40.720509,-73.846392,https://photos.cinematreasures.org/production/photos/116/1306166281/large.jpg?1306166281,theater_images/3274.jpg,1963,2014,1999,Closed,2,Cinema Treasures,https://cinematreasures.org/theaters/3274,9/15/26,,,,,high,,,,,,,,,,,,,,
6495,Brandt's Murray Hill Theatre,"Airlines News Theatre, Embassy Newsreel Theatre, Embassy Cinema","74 E. 42nd Street, New York, NY 10017",Manhattan,40.7520158,-73.977486,https://photos.cinematreasures.org/production/photos/217254/1503982700/large.jpg?1503982700,theater_images/6495.jpg,1940,unknown,,Closed,1,Cinema Treasures,https://cinematreasures.org/theaters/6495,9/15/26,,,,,medium,"Not stated on source page: closing year. Current-address audit found no confirmed continuation of this theater; it is closed, but the closing year is unknown.",Match,Exact,"74 E 42ND ST, NEW YORK, NY, 10017",40.75251458,-73.97876194,East 42nd Street & Madison Avenue,highway,bus_stop,closed_unknown_date,medium,U.S. Census Geocoder; OpenStreetMap via Photon and Overpass,9/16/26,No matching current theater was found at the geocoded address. Closing date remains unknown.
7527,Brandt's Victory Theatre,"Miner's Bronx Theatre, Loew's Victory Theatre","3024 3rd Avenue, Bronx, NY 10455",Bronx,40.8189327,-73.9140206,https://photos.cinematreasures.org/production/photos/159566/1456160996/large.gif?1456160996,theater_images/7527.gif,1910,1954,,Closed,1,Cinema Treasures,https://cinematreasures.org/theaters/7527,9/15/26,,,,,high,,,,,,,,,,,,,,
1407,BRIC Arts Media House,"Mark Strand Theatre, Strand Theatre","647 Fulton Street, Brooklyn, NY 11217",Brooklyn,40.6883506,-73.9792021,https://photos.cinematreasures.org/production/photos/94704/1391989764/large.PNG?1391989764,theater_images/1407.png,1919,,,Open,1,Cinema Treasures,https://cinematreasures.org/theaters/1407,9/15/26,,,,,high,,,,,,,,,,,,,,
23455,Bridge Theatre,Palace Theatre,"1316 St. Nicholas Avenue, New York, NY 10033",Manhattan,40.8459912,-73.9361506,https://photos.cinematreasures.org/production/photos/78934/1376670307/large.JPG?1376670307,theater_images/23455.jpg,,unknown,,Closed,1,Cinema Treasures,https://cinematreasures.org/theaters/23455,9/15/26,,,,,medium,"Not stated on source page: opening year, closing year. Current-address audit found no confirmed continuation of this theater; it is closed, but the closing year is unknown.",Match,Exact,"1316 ST NICHOLAS AVE, NEW YORK, NY, 10033",40.84596306,-73.93609507,1314,place,house,closed_unknown_date,medium,U.S. Census Geocoder; OpenStreetMap via Photon and Overpass,9/16/26,"A nearby mapped venue matched part of the name, but review did not confirm it as the same historical theater; the theater is closed and its closing year remains unknown."
5872,Brighton Theatre,New Brighton Theatre,"3087-91 Ocean Parkway, Brooklyn, NY 11235",Brooklyn,40.5758134,-73.9682759,https://photos.cinematreasures.org/production/photos/125479/1431913275/large.jpg?1431913275,theater_images/5872.jpg,1909,1954,,Closed,1,Cinema Treasures,https://cinematreasures.org/theaters/5872,9/15/26,,,,,high,,,,,,,,,,,,,,
59897,Broadway Garden Theatre,,"W. 145th Street and Broadway, New York, NY 10031",Manhattan,,,,,1914,unknown,,Closed,1,Cinema Treasures,https://cinematreasures.org/theaters/59897,9/15/26,,,,,medium,"Not stated on source page: closing year, coordinates, image. Current-address audit found no confirmed continuation of this theater; it is closed, but the closing year is unknown.",Match,Non_Exact,"W 145TH ST & BROADWAY, NEW YORK, NY, 10031",40.82643072,-73.95045156,West 145th Street,highway,secondary,closed_unknown_date,medium,U.S. Census Geocoder; OpenStreetMap via Photon and Overpass,9/16/26,No matching current theater was found at the geocoded address. Closing date remains unknown.
2250,Broadway Theatre,"B.S. Moss Colony Theatre, Colony Theatre, Broadway Cine Roma","1681 Broadway, New York, NY 10019",Manhattan,40.7633202,-73.9828435,https://photos.cinematreasures.org/production/photos/19863/1312310639/large.jpg?1312310639,theater_images/2250.jpg,1940,,1986,Open,1,Cinema Treasures,https://cinematreasures.org/theaters/2250,9/15/26,,,,,high,,,,,,,,,,,,,,
6987,Broadway Theatre,,"31-15 Broadway, Astoria, NY 11106",Queens,40.7616653,-73.9246685,https://photos.cinematreasures.org/production/photos/9962/1309920523/large.JPG?1309920523,theater_images/6987.jpg,1926,1962,,Closed,1,Cinema Treasures,https://cinematreasures.org/theaters/6987,9/15/26,,,,,low,Opening year is an upper bound ('prior to/before 1926').,,,,,,,,,,,,,
20325,Bronx Aerodome,,"3rd Avenue, Bronx, NY 10451",Bronx,40.815072,-73.9194797,https://photos.cinematreasures.org/production/photos/176791/1471299565/large.jpg?1471299565,theater_images/20325.jpg,,unknown,,Closed,1,Cinema Treasures,https://cinematreasures.org/theaters/20325,9/15/26,,,,,medium,"Not stated on source page: opening year, closing year. Current-address audit found no confirmed continuation of this theater; it is closed, but the closing year is unknown.",No_Match,,,,,2789,place,house,closed_unknown_date,medium,U.S. Census Geocoder; OpenStreetMap via Photon and Overpass,9/16/26,No matching current theater was found at the geocoded address. Closing date remains unknown.
7917,Bronx Theatre,Bronx Opera House,"436 E. 149th Street, Bronx, NY 10455",Bronx,40.8158656,-73.9167168,https://photos.cinematreasures.org/production/photos/45241/1337879483/large.jpg?1337879483,theater_images/7917.jpg,1913,unknown,,Closed,1,Cinema Treasures,https://cinematreasures.org/theaters/7917,9/15/26,,,,,medium,"Not stated on source page: closing year. Current-address audit found no confirmed continuation of this theater; it is closed, but the closing year is unknown.",Match,Exact,"436 E 149TH ST, BRONX, NY, 10455",40.8154691,-73.91637075,426,building,yes,closed_unknown_date,medium,U.S. Census Geocoder; OpenStreetMap via Photon and Overpass,9/16/26,No matching current theater was found at the geocoded address. Closing date remains unknown.
3861,Brook Theatre,Century's Brook Theatre,"3839-49 Flatlands Avenue, Brooklyn, NY 11234",Brooklyn,40.621187,-73.936301,https://photos.cinematreasures.org/production/photos/122610/1428800023/large.jpg?1428800023,theater_images/3861.jpg,1950,1980,,Closed,1,Cinema Treasures,https://cinematreasures.org/theaters/3861,9/15/26,,,,,high,,,,,,,,,,,,,,
12328,Brooklyn Heights Cinema I & II,"Brooklyn Heights Cinema, Brooklyn Heights Pavilion Cinema","70 Henry Street, Brooklyn, NY 11201",Brooklyn,40.6989617,-73.9923995,https://photos.cinematreasures.org/production/photos/6831/1308847919/large.jpg?1308847919,theater_images/12328.jpg,,2014,,Closed,2,Cinema Treasures,https://cinematreasures.org/theaters/12328,9/15/26,,,,,medium,Not stated on source page: opening year.,,,,,,,,,,,,,
63613,Brooklyn House Theatre,,"Bowery and Henderson's Walk, Brooklyn, NY 11224",Brooklyn,,,,,1904,1923,,Closed,1,Cinema Treasures,https://cinematreasures.org/theaters/63613,9/15/26,,,,,medium,"Not stated on source page: coordinates, image.",,,,,,,,,,,,,
60537,Brooklyn Institute of Arts and Sciences,,"200 Eastern Parkway, Brooklyn, NY 11238",Brooklyn,,,https://photos.cinematreasures.org/production/photos/284046/1566667985/large.jpg?1566667985,theater_images/60537.jpg,1893,unknown,,Closed,1,Cinema Treasures,https://cinematreasures.org/theaters/60537,9/15/26,,,,,medium,"Not stated on source page: closing year, coordinates. Current-address audit found no confirmed continuation of this theater; it is closed, but the closing year is unknown.",Match,Non_Exact,"200 EASTERN PKWY, BROOKLYN, NY, 11225",40.67109193,-73.96135717,Classon Avenue & Eastern Parkway,highway,bus_stop,closed_unknown_date,medium,U.S. Census Geocoder; OpenStreetMap via Photon and Overpass,9/16/26,No matching current theater was found at the geocoded address. Closing date remains unknown.
618,Brooklyn Paramount,"Brooklyn Paramount Theatre, LIU Brooklyn Paramount Theatre","385 Flatbush Avenue Extension, Brooklyn, NY 11201",Brooklyn,40.689573,-73.9811783,https://photos.cinematreasures.org/production/photos/8566/1309498056/large.jpg?1309498056,theater_images/618.jpg,1928,,2024,Open,1,Cinema Treasures,https://cinematreasures.org/theaters/618,9/15/26,,,,,low,Most recent stated closing year retained. Most recent stated reopening year retained.,,,,,,,,,,,,,
6499,Bryant Theatre,"B.S. Moss' Cameo Theatre, RKO Cameo Theatre, New Bryant Theatre","138 W. 42nd Street, New York, NY 10036",Manhattan,40.7554038,-73.9854898,https://photos.cinematreasures.org/production/photos/111464/1414421219/large.JPG?1414421219,theater_images/6499.jpg,1921,unknown,,Closed,1,Cinema Treasures,https://cinematreasures.org/theaters/6499,9/15/26,,,,,medium,"Not stated on source page: closing year. Current-address audit found no confirmed continuation of this theater; it is closed, but the closing year is unknown.",Match,Exact,"138 W 42ND ST, NEW YORK, NY, 10036",40.75517435,-73.98505237,West 42nd Street,highway,primary,closed_unknown_date,medium,U.S. Census Geocoder; OpenStreetMap via Photon and Overpass,9/16/26,No matching current theater was found at the geocoded address. Closing date remains unknown.
14446,Burke Theatre,New World Theatre,"3210 White Plains Road, Bronx, NY 10467",Bronx,40.8717909,-73.8669659,https://photos.cinematreasures.org/production/photos/55836/1348087463/large.jpg?1348087463,theater_images/14446.jpg,1927,1943,,Closed,1,Cinema Treasures,https://cinematreasures.org/theaters/14446,9/15/26,,,,,high,,,,,,,,,,,,,,
7513,Burland Theatre,Loew's Burland Theatre,"985 Prospect Avenue, Bronx, NY 10459",Bronx,40.8232255,-73.9002628,https://photos.cinematreasures.org/production/photos/56409/1348418114/large.JPG?1348418114,theater_images/7513.jpg,1913,1971,,Closed,1,Cinema Treasures,https://cinematreasures.org/theaters/7513,9/15/26,,,,,high,,,,,,,,,,,,,,
23152,Burlow Theater,,"New York, NY",Manhattan,,,,,,unknown,,Closed,1,Cinema Treasures,https://cinematreasures.org/theaters/23152,9/15/26,,,,,medium,"Not stated on source page: opening year, closing year, coordinates, image. Current-address audit found no confirmed continuation of this theater; it is closed, but the closing year is unknown.",Parse_Failure,,,,,,,,closed_unknown_date,low,U.S. Census Geocoder; OpenStreetMap via Photon and Overpass,9/16/26,No matching current theater was found at the geocoded address. Closing date remains unknown.
1321,Burnside Theatre,Loew's Burnside Theatre,"57 E. Burnside Avenue, Bronx, NY 10453",Bronx,40.853699,-73.9058809,https://photos.cinematreasures.org/production/photos/158818/1455581422/large.jpg?1455581422,theater_images/1321.jpg,1934,unknown,,Closed,1,Cinema Treasures,https://cinematreasures.org/theaters/1321,9/15/26,,,,,medium,"Not stated on source page: closing year. Current-address audit found no confirmed continuation of this theater; it is closed, but the closing year is unknown.",Match,Exact,"57 E BURNSIDE AVE, BRONX, NY, 10453",40.85346692,-73.90625542,East Burnside Avenue,highway,secondary,closed_unknown_date,medium,U.S. Census Geocoder; OpenStreetMap via Photon and Overpass,9/16/26,No matching current theater was found at the geocoded address. Closing date remains unknown.
35345,Bushwick-Hancock Airdrome,Lowe's Mammoth Open Air Theatre; A. E. Lowe's Outdoor Theatre; and Bushwick Gardens Airdrome,"1223-5 Bushwick Avenue, Brooklyn, NY 11221",Brooklyn,40.688042,-73.915057,,,,unknown,,Closed,1,Cinema Treasures,https://cinematreasures.org/theaters/35345,9/15/26,,,,,medium,"Not stated on source page: opening year, closing year, image. Current-address audit found no confirmed continuation of this theater; it is closed, but the closing year is unknown.",Match,Non_Exact,"1223 BUSHWICK AVE, BROOKLYN, NY, 11221",40.68788951,-73.91518488,1223,place,house,closed_unknown_date,medium,U.S. Census Geocoder; OpenStreetMap via Photon and Overpass,9/16/26,No matching current theater was found at the geocoded address. Closing date remains unknown.
8285,Cambria Theater,,"219-09 Linden Boulevard, Cambria Heights, NY 11411",Queens,40.6954449,-73.74064,https://photos.cinematreasures.org/production/photos/10950/1310263797/large.JPG?1310263797,theater_images/8285.jpg,,unknown,,Closed,1,Cinema Treasures,https://cinematreasures.org/theaters/8285,9/15/26,,,,,medium,"Not stated on source page: opening year, closing year. Current-address audit found no confirmed continuation of this theater; it is closed, but the closing year is unknown.",Match,Exact,"219-09 LINDEN BLVD, CAMBRIA HEIGHTS, NY, 11411",40.69542152,-73.74084557,Greater Bethel Church,amenity,place_of_worship,closed_unknown_date,medium,U.S. Census Geocoder; OpenStreetMap via Photon and Overpass,9/16/26,No matching current theater was found at the geocoded address. Closing date remains unknown.
6633,Cameo Theatre,Olympia Theatre,"25-15 Steinway Street, Astoria, NY 11103",Queens,40.7676328,-73.9117945,https://photos.cinematreasures.org/production/photos/264981/1549558807/large.jpg?1549558807,theater_images/6633.jpg,1941,unknown,,Closed,1,Cinema Treasures,https://cinematreasures.org/theaters/6633,9/15/26,,,,,medium,"Not stated on source page: closing year. Current-address audit found no confirmed continuation of this theater; it is closed, but the closing year is unknown.",Match,Exact,"25-15 STEINWAY ST, ASTORIA, NY, 11103",40.76754698,-73.91193215,Tanjawi Market,shop,deli,closed_unknown_date,medium,U.S. Census Geocoder; OpenStreetMap via Photon and Overpass,9/16/26,No matching current theater was found at the geocoded address. Closing date remains unknown.
36265,Cameraphone,,"1033 Broadway, Brooklyn, NY 11221",Brooklyn,40.695811,-73.932839,https://photos.cinematreasures.org/production/photos/6632/1308742806/large.jpg?1308742806,theater_images/36265.jpg,,unknown,,Closed,1,Cinema Treasures,https://cinematreasures.org/theaters/36265,9/15/26,,,,,medium,"Not stated on source page: opening year, closing year. Current-address audit found no confirmed continuation of this theater; it is closed, but the closing year is unknown.",Match,Exact,"1033 BROADWAY, BROOKLYN, NY, 11221",40.695468,-73.93243801,1033,place,house,closed_unknown_date,medium,U.S. Census Geocoder; OpenStreetMap via Photon and Overpass,9/16/26,No matching current theater was found at the geocoded address. Closing date remains unknown.
34417,Canal Park Playhouse,,"508 Canal Street, New York, NY 10013",Manhattan,40.7248475,-74.0098519,https://photos.cinematreasures.org/production/photos/41988/1334269128/large.jpg?1334269128,theater_images/34417.jpg,,2017,,Closed,1,Cinema Treasures,https://cinematreasures.org/theaters/34417,9/15/26,,,,,medium,Not stated on source page: opening year.,,,,,,,,,,,,,
6111,Canarsie Theater,Canarsie Triplex,"9310 Avenue L, Brooklyn, NY 11236",Brooklyn,40.6369544,-73.8979374,https://photos.cinematreasures.org/production/photos/173955/1469037330/large.gif?1469037330,theater_images/6111.gif,1927,2004,,Closed,3,Cinema Treasures,https://cinematreasures.org/theaters/6111,9/15/26,,,,,high,,,,,,,,,,,,,,
58819,Canoe Theatre,,"2377 Pitkin Avenue, Brooklyn, NY 11207",Brooklyn,,,https://photos.cinematreasures.org/production/photos/260384/1542293909/large.PNG?1542293909,theater_images/58819.png,,1926,,Closed,1,Cinema Treasures,https://cinematreasures.org/theaters/58819,9/15/26,,,,,medium,"Not stated on source page: opening year, coordinates.",,,,,,,,,,,,,
2466,Capitol Theatre,,"300 Broadway, Staten Island, NY 10310",Staten Island,40.634024,-74.1171777,https://photos.cinematreasures.org/production/photos/264331/1548527898/large.gif?1548527898,theater_images/2466.gif,,1950,,Closed,1,Cinema Treasures,https://cinematreasures.org/theaters/2466,9/15/26,,,,,medium,Not stated on source page: opening year.,,,,,,,,,,,,,
7093,Caribe Theatre,Arden Theatre,"878 Columbus Avenue, New York, NY 10025",Manhattan,40.7972912,-73.9643206,https://photos.cinematreasures.org/production/photos/70021/1363968659/large.jpg?1363968659,theater_images/7093.jpg,1934,1958,,Closed,1,Cinema Treasures,https://cinematreasures.org/theaters/7093,9/15/26,,,,,low,Closing year is approximate (1958).,,,,,,,,,,,,,
4512,Carlton Theatre,"Fox Carlton Theatre, Brandt's Carlton Theatre","292 Flatbush Avenue, Brooklyn, NY 11217",Brooklyn,40.678282,-73.9732814,https://photos.cinematreasures.org/production/photos/243802/1527176753/large.gif?1527176753,theater_images/4512.gif,1926,1925,,Closed,1,Cinema Treasures,https://cinematreasures.org/theaters/4512,9/15/26,,,,,high,,,,,,,,,,,,,,
6444,Carlton Theatre,"Capitol Theatre, Cort Theatre, Cort Jamaica Theatre, Werba's Jamaica Theatre","175-02 Jamaica Avenue, Jamaica, NY 11432",Queens,40.7078621,-73.7857025,https://photos.cinematreasures.org/production/photos/12241/1310616953/large.jpg?1310616953,theater_images/6444.jpg,1927,1929,,Closed,1,Cinema Treasures,https://cinematreasures.org/theaters/6444,9/15/26,,,,,high,,,,,,,,,,,,,,
11779,Carlton Theatre,"Riverview Theatre, Keystone Theatre","2633 Broadway, New York, NY 10025",Manhattan,40.797226,-73.970676,https://photos.cinematreasures.org/production/photos/135597/1441914108/large.jpg?1441914108,theater_images/11779.jpg,1912,unknown,,Closed,1,Cinema Treasures,https://cinematreasures.org/theaters/11779,9/15/26,,,,,medium,"Not stated on source page: closing year. Current-address audit found no confirmed continuation of this theater; it is closed, but the closing year is unknown.",Match,Exact,"2633 BROADWAY, NEW YORK, NY, 10025",40.79708133,-73.97010713,Broadway & West 100th Street,highway,bus_stop,closed_unknown_date,medium,U.S. Census Geocoder; OpenStreetMap via Photon and Overpass,9/16/26,No matching current theater was found at the geocoded address. Closing date remains unknown.
13592,Carmine Theatre,,"25 Carmine Street, New York, NY 10014",Manhattan,40.7302183,-74.0028634,https://photos.cinematreasures.org/production/photos/284802/1567250312/large.jpg?1567250312,theater_images/13592.jpg,,unknown,,Closed,1,Cinema Treasures,https://cinematreasures.org/theaters/13592,9/15/26,,,,,medium,"Not stated on source page: opening year, closing year. Current-address audit found no confirmed continuation of this theater; it is closed, but the closing year is unknown.",Match,Exact,"25 CARMINE ST, NEW YORK, NY, 10014",40.73024727,-74.00290293,27,building,office,closed_unknown_date,medium,U.S. Census Geocoder; OpenStreetMap via Photon and Overpass,9/16/26,No matching current theater was found at the geocoded address. Closing date remains unknown.
6011,Carnegie Hall Cinema,,"881 7th Avenue, New York, NY 10019",Manhattan,40.765016,-73.9799,https://photos.cinematreasures.org/production/photos/217452/1504196133/large.gif?1504196133,theater_images/6011.gif,1961,,1997,Open,2,Cinema Treasures,https://cinematreasures.org/theaters/6011,9/15/26,,,,,high,,,,,,,,,,,,,,
6729,Carroll Theater,Fox Carroll Theater,"381 Utica Avenue, Brooklyn, NY 11213",Brooklyn,40.6652042,-73.9314405,https://photos.cinematreasures.org/production/photos/216740/1503325108/large.gif?1503325108,theater_images/6729.gif,1927,1974,,Closed,1,Cinema Treasures,https://cinematreasures.org/theaters/6729,9/15/26,,,,,high,,,,,,,,,,,,,,
8048,Carver Theatre,"Crescent Theatre, Tower Theatre","1175 Boston Road, Bronx, NY 10456",Bronx,40.8287368,-73.9032375,https://photos.cinematreasures.org/production/photos/146120/1448497064/large.jpg?1448497064,theater_images/8048.jpg,1914,unknown,,Closed,1,Cinema Treasures,https://cinematreasures.org/theaters/8048,9/15/26,,,,,medium,"Not stated on source page: closing year. Current-address audit found no confirmed continuation of this theater; it is closed, but the closing year is unknown.",Match,Exact,"1175 BOSTON RD, BRONX, NY, 10456",40.82903793,-73.90298409,1185,place,house,closed_unknown_date,medium,U.S. Census Geocoder; OpenStreetMap via Photon and Overpass,9/16/26,No matching current theater was found at the geocoded address. Closing date remains unknown.
8854,Carver Theatre,"Normandy Theatre, Howard Theatre","1927 Fulton Street, Brooklyn, NY 11233",Brooklyn,40.6788348,-73.9188776,https://photos.cinematreasures.org/production/photos/1232/1306863670/large.jpg?1306863670,theater_images/8854.jpg,1919,1958,,Closed,1,Cinema Treasures,https://cinematreasures.org/theaters/8854,9/15/26,,,,,low,Most recent stated closing year retained.,,,,,,,,,,,,,
4687,Casino Theatre,"Our Civic Theatre, New Civic Theatre","113-18 Liberty Avenue, Queens, NY 11419",Queens,40.685276,-73.8287859,https://photos.cinematreasures.org/production/photos/43903/1336339289/large.jpg?1336339289,theater_images/4687.jpg,1922,1979,,Closed,1,Cinema Treasures,https://cinematreasures.org/theaters/4687,9/15/26,,,,,high,,,,,,,,,,,,,,
6900,Casino Theatre,"DeKalb Theatre, Loew's DeKalb Theatre","1151-1155 DeKalb Avenue, Brooklyn, NY 11221",Brooklyn,40.6945283,-73.9291875,https://photos.cinematreasures.org/production/photos/1227/1306861518/large.jpg?1306861518,theater_images/6900.jpg,1911,1947,1936,Closed,1,Cinema Treasures,https://cinematreasures.org/theaters/6900,9/15/26,,,,,low,Most recent stated closing year retained. Most recent stated reopening year retained.,,,,,,,,,,,,,
8281,Casino Theatre,Willis Theatre,"250 Willis Avenue, Bronx, NY 10454",Bronx,40.8092197,-73.9225514,https://photos.cinematreasures.org/production/photos/156204/1453751153/large.gif?1453751153,theater_images/8281.gif,1923,unknown,,Closed,1,Cinema Treasures,https://cinematreasures.org/theaters/8281,9/15/26,,,,,medium,"Not stated on source page: closing year. Current-address audit found no confirmed continuation of this theater; it is closed, but the closing year is unknown.",Match,Exact,"250 WILLIS AVE, BRONX, NY, 10454",40.80912861,-73.92278188,401,place,house,closed_unknown_date,medium,U.S. Census Geocoder; OpenStreetMap via Photon and Overpass,9/16/26,No matching current theater was found at the geocoded address. Closing date remains unknown.
43570,Casino Theatre,,"2175 3rd Avenue, New York, NY 10035",Manhattan,40.799465,-73.9384929,,,,unknown,,Closed,1,Cinema Treasures,https://cinematreasures.org/theaters/43570,9/15/26,,,,,medium,"Not stated on source page: opening year, closing year, image. Current-address audit found no confirmed continuation of this theater; it is closed, but the closing year is unknown.",Match,Exact,"2175 3RD AVE, NEW YORK, NY, 10035",40.79957589,-73.93873873,3rd Avenue,highway,primary,closed_unknown_date,medium,U.S. Census Geocoder; OpenStreetMap via Photon and Overpass,9/16/26,No matching current theater was found at the geocoded address. Closing date remains unknown.
50117,Casino Theatre,,"1475 Fulton Street, Brooklyn, NY 11216",Brooklyn,40.6800713,-73.9422044,https://photos.cinematreasures.org/production/photos/138561/1444058508/large.JPG?1444058508,theater_images/50117.jpg,,1918,,Closed,1,Cinema Treasures,https://cinematreasures.org/theaters/50117,9/15/26,,,,,medium,Not stated on source page: opening year.,,,,,,,,,,,,,
55800,Casino Theatre,,"144 2nd Avenue, New York, NY 10003",Manhattan,40.7295553,-73.9869685,https://photos.cinematreasures.org/production/photos/208728/1494804977/large.jpg?1494804977,theater_images/55800.jpg,1914,unknown,,Closed,1,Cinema Treasures,https://cinematreasures.org/theaters/55800,9/15/26,,,,,low,"Opening year is approximate (1914). Not stated on source page: closing year. Current-address audit found no confirmed continuation of this theater; it is closed, but the closing year is unknown.",Match,Exact,"144 2ND AVE, NEW YORK, NY, 10003",40.72911705,-73.98720868,Пластова станиця,club,scout,closed_unknown_date,medium,U.S. Census Geocoder; OpenStreetMap via Photon and Overpass,9/16/26,No matching current theater was found at the geocoded address. Closing date remains unknown.
73758,Casino Theatre,,"98 Flatbush Avenue, Brooklyn, NY 11217",Brooklyn,40.6857519,-73.9789159,https://photos.cinematreasures.org/production/photos/512461/1776350043/large.jpeg?1776350043,theater_images/73758.jpeg,1909,unknown,,Closed,1,Cinema Treasures,https://cinematreasures.org/theaters/73758,9/15/26,,,,,medium,"Not stated on source page: closing year. Current-address audit found no confirmed continuation of this theater; it is closed, but the closing year is unknown.",Match,Exact,"98 FLATBUSH AVE, BROOKLYN, NY, 11217",40.68539912,-73.97851553,Flatbush Avenue,highway,primary,closed_unknown_date,medium,U.S. Census Geocoder; OpenStreetMap via Photon and Overpass,9/16/26,No matching current theater was found at the geocoded address. Closing date remains unknown.
26817,Castleton Theater,,"1094 Castleton Avenue, Staten Island, NY 10310",Staten Island,40.6343196,-74.1190519,https://photos.cinematreasures.org/production/photos/95015/1392553352/large.jpg?1392553352,theater_images/26817.jpg,,unknown,,Closed,1,Cinema Treasures,https://cinematreasures.org/theaters/26817,9/15/26,,,,,medium,"Not stated on source page: opening year, closing year. Current-address audit found no confirmed continuation of this theater; it is closed, but the closing year is unknown.",Match,Exact,"1094 CASTLETON AVE, STATEN ISLAND, NY, 10310",40.63433853,-74.11903306,Energy and Wellness,healthcare,alternative,closed_unknown_date,medium,U.S. Census Geocoder; OpenStreetMap via Photon and Overpass,9/16/26,No matching current theater was found at the geocoded address. Closing date remains unknown.
6114,Center Cinemas,Center Theatre,"42-17 Queens Boulevard, Sunnyside, NY 11104",Queens,40.7438266,-73.9218625,https://photos.cinematreasures.org/production/photos/4950/1308346612/large.JPG?1308346612,theater_images/6114.jpg,1940,2015,,Closed,5,Cinema Treasures,https://cinematreasures.org/theaters/6114,9/15/26,,,,,high,,,,,,,,,,,,,,
4001,Center Theater,Palace Theater,"5602 6th Avenue, Brooklyn, NY 11220",Brooklyn,40.64037,-74.0118562,https://photos.cinematreasures.org/production/photos/263806/1547618699/large.jpg?1547618699,theater_images/4001.jpg,1914,1952,,Closed,1,Cinema Treasures,https://cinematreasures.org/theaters/4001,9/15/26,,,,,high,,,,,,,,,,,,,,
564,Center Theatre,"New RKO Roxy Theatre, RKO Center Theatre","1236 6th Avenue, New York, NY 10020",Manhattan,40.7589913,-73.9807626,https://photos.cinematreasures.org/production/photos/13732/1310867547/large.jpg?1310867547,theater_images/564.jpg,1932,1950,,Closed,1,Cinema Treasures,https://cinematreasures.org/theaters/564,9/15/26,,,,,high,,,,,,,,,,,,,,
44319,Central Park Theatre,"Jolson's 59th Street Theatre, Shakespeare Theatre, Molly Picon Theatre, Jolson Theatre, Venice Theatre, New Century Theatre","932 7th Avenue, New York, NY 10019",Manhattan,40.7663635,-73.9794643,https://photos.cinematreasures.org/production/photos/142970/1447176240/large.jpg?1447176240,theater_images/44319.jpg,1921,unknown,,Closed,1,Cinema Treasures,https://cinematreasures.org/theaters/44319,9/15/26,,,,,medium,"Not stated on source page: closing year. Current-address audit found no confirmed continuation of this theater; it is closed, but the closing year is unknown.",Match,Exact,"932 7TH AVE, NEW YORK, NY, 10019",40.76634758,-73.979524,920,place,house,closed_unknown_date,medium,U.S. Census Geocoder; OpenStreetMap via Photon and Overpass,9/16/26,No matching current theater was found at the geocoded address. Closing date remains unknown.
7009,Central Theatre,"Bronx Theatre, Miner's in the Bronx.","567 Melrose Avenue, Bronx, NY 10455",Bronx,40.816633,-73.9175326,https://photos.cinematreasures.org/production/photos/207437/1492992367/large.jpg?1492992367,theater_images/7009.jpg,1909,1947,,Closed,1,Cinema Treasures,https://cinematreasures.org/theaters/7009,9/15/26,,,,,high,,,,,,,,,,,,,,
31846,Central Theatre,,"771 9th Avenue, New York, NY 10019",Manhattan,40.764648,-73.98851,https://photos.cinematreasures.org/production/photos/75238/1372080844/large.JPG?1372080844,theater_images/31846.jpg,1921,unknown,,Closed,1,Cinema Treasures,https://cinematreasures.org/theaters/31846,9/15/26,,,,,medium,"Not stated on source page: closing year. Current-address audit found no confirmed continuation of this theater; it is closed, but the closing year is unknown.",Match,Exact,"771 9TH AVE, NEW YORK, NY, 10019",40.76450138,-73.9882882,9th Avenue,highway,primary,closed_unknown_date,medium,U.S. Census Geocoder; OpenStreetMap via Photon and Overpass,9/16/26,No matching current theater was found at the geocoded address. Closing date remains unknown.
35248,Central Theatre,,"349 Central Avenue, Brooklyn, NY 11221",Brooklyn,40.694345,-73.9185455,,,,unknown,,Closed,1,Cinema Treasures,https://cinematreasures.org/theaters/35248,9/15/26,,,,,medium,"Not stated on source page: opening year, closing year, image. Current-address audit found no confirmed continuation of this theater; it is closed, but the closing year is unknown.",Match,Exact,"349 CENTRAL AVE, BROOKLYN, NY, 11221",40.69427419,-73.91833484,374,place,house,closed_unknown_date,medium,U.S. Census Geocoder; OpenStreetMap via Photon and Overpass,9/16/26,No matching current theater was found at the geocoded address. Closing date remains unknown.
8279,Century Theatre,"Sam S. Shubert Theatre, Teller's Shubert Theatre","850 Monroe Street, Brooklyn, NY 11221",Brooklyn,40.688512,-73.922026,https://photos.cinematreasures.org/production/photos/26649/1316538392/large.jpg?1316538392,theater_images/8279.jpg,,unknown,,Closed,1,Cinema Treasures,https://cinematreasures.org/theaters/8279,9/15/26,,,,,medium,"Not stated on source page: opening year, closing year. Current-address audit found no confirmed continuation of this theater; it is closed, but the closing year is unknown.",Match,Exact,"850 MONROE ST, BROOKLYN, NY, 11221",40.68864105,-73.92246966,Monroe Street,highway,residential,closed_unknown_date,medium,U.S. Census Geocoder; OpenStreetMap via Photon and Overpass,9/16/26,No matching current theater was found at the geocoded address. Closing date remains unknown.
3871,Century's College Theater,,"1584 Flatbush Avenue, Brooklyn, NY 11210",Brooklyn,40.6320441,-73.9473271,https://photos.cinematreasures.org/production/photos/6995/1308922895/large.jpg?1308922895,theater_images/3871.jpg,1938,1984,,Closed,1,Cinema Treasures,https://cinematreasures.org/theaters/3871,9/15/26,,,,,high,,,,,,,,,,,,,,
4657,Century's Prospect Theatre,"Loew's Prospect Theatre, RKO Prospect Triplex","41-10 Main Street, Flushing, NY 11355",Queens,40.7578,-73.829732,https://photos.cinematreasures.org/production/photos/123548/1429973850/large.jpg?1429973850,theater_images/4657.jpg,1928,1986,,Closed,3,Cinema Treasures,https://cinematreasures.org/theaters/4657,9/15/26,,,,,high,,,,,,,,,,,,,,
6017,Charles Theatre,Bijou Theatre,"193 Avenue B, New York, NY 10009",Manhattan,40.728068,-73.979004,https://photos.cinematreasures.org/production/photos/36029/1329340497/large.jpg?1329340497,theater_images/6017.jpg,1926,unknown,,Closed,1,Cinema Treasures,https://cinematreasures.org/theaters/6017,9/15/26,,,,,medium,"Not stated on source page: closing year. Current-address audit found no confirmed continuation of this theater; it is closed, but the closing year is unknown.",Match,Exact,"193 AVE B, NEW YORK, NY, 10009",40.72802784,-73.97897014,602,place,house,closed_unknown_date,medium,U.S. Census Geocoder; OpenStreetMap via Photon and Overpass,9/16/26,No matching current theater was found at the geocoded address. Closing date remains unknown.
11173,Chelita Movie House,,"7717 101st Avenue, Ozone Park, NY 11416",Queens,40.680483,-73.860032,,,,unknown,,Closed,1,Cinema Treasures,https://cinematreasures.org/theaters/11173,9/15/26,,,,,medium,"Not stated on source page: opening year, closing year, image. Current-address audit found no confirmed continuation of this theater; it is closed, but the closing year is unknown.",Match,Exact,"77-17 101ST AVE, OZONE PARK, NY, 11416",40.68023826,-73.8603891,Chang Pai,amenity,fast_food,closed_unknown_date,medium,U.S. Census Geocoder; OpenStreetMap via Photon and Overpass,9/16/26,No matching current theater was found at the geocoded address. Closing date remains unknown.
10760,Chelsea Theatre,"Miners Theatre, 8th Avenue Theatre","312 8th Avenue, New York, NY 10001",Manhattan,40.7469146,-73.997283,https://photos.cinematreasures.org/production/photos/147922/1449441835/large.jpg?1449441835,theater_images/10760.jpg,1903,unknown,,Closed,1,Cinema Treasures,https://cinematreasures.org/theaters/10760,9/15/26,,,,,medium,"Not stated on source page: closing year. Current-address audit found no confirmed continuation of this theater; it is closed, but the closing year is unknown.",Match,Exact,"312 8TH AVE, NEW YORK, NY, 10001",40.74691753,-73.99722155,8th Avenue,highway,secondary,closed_unknown_date,medium,U.S. Census Geocoder; OpenStreetMap via Photon and Overpass,9/16/26,No matching current theater was found at the geocoded address. Closing date remains unknown.
4669,Chopin Theatre,American Theatre,"910 Manhattan Avenue, Brooklyn, NY 11222",Brooklyn,40.730484,-73.9539549,https://photos.cinematreasures.org/production/photos/7959/1309284177/large.jpg?1309284177,theater_images/4669.jpg,,unknown,,Closed,1,Cinema Treasures,https://cinematreasures.org/theaters/4669,9/15/26,,,,,medium,"Not stated on source page: opening year, closing year. Current-address audit found no confirmed continuation of this theater; it is closed, but the closing year is unknown.",Match,Exact,"910 MANHATTAN AVE, BROOKLYN, NY, 11222",40.73053024,-73.95423257,Manhattan Avenue & Greenpoint Avenue,highway,bus_stop,closed_unknown_date,medium,U.S. Census Geocoder; OpenStreetMap via Photon and Overpass,9/16/26,No matching current theater was found at the geocoded address. Closing date remains unknown.
8362,Chuan Kung Music Palace Theatre,"Universal Photoplay, World Theatre","91-93 Bowery, New York, NY 10002",Manhattan,40.717041,-73.995171,https://photos.cinematreasures.org/production/photos/48953/1342135969/large.jpg?1342135969,theater_images/8362.jpg,1914,unknown,,Closed,1,Cinema Treasures,https://cinematreasures.org/theaters/8362,9/15/26,,,,,medium,"Not stated on source page: closing year. Current-address audit found no confirmed continuation of this theater; it is closed, but the closing year is unknown.",Match,Non_Exact,"93 BOWERY, NEW YORK, NY, 10002",40.71720281,-73.99539175,The Bowery Beer Garden,amenity,bar,closed_unknown_date,medium,U.S. Census Geocoder; OpenStreetMap via Photon and Overpass,9/16/26,No matching current theater was found at the geocoded address. Closing date remains unknown.
12594,Cinart Theatre,"Boro Hall Theatre, Teatro Amor","102 Court Street, Brooklyn, NY 11201",Brooklyn,40.6908815,-73.9918162,https://photos.cinematreasures.org/production/photos/125585/1432000803/large.jpg?1432000803,theater_images/12594.jpg,1924,1989,,Closed,1,Cinema Treasures,https://cinematreasures.org/theaters/12594,9/15/26,,,,,high,,,,,,,,,,,,,,
8428,Cine 42,"Roxy Burlesk Theatre, Roxy Twin Theatre","216 W. 42nd Street, New York, NY 10036",Manhattan,40.7561279,-73.987892,https://photos.cinematreasures.org/production/photos/146003/1448407289/large.jpg?1448407289,theater_images/8428.jpg,1974,1992,,Closed,2,Cinema Treasures,https://cinematreasures.org/theaters/8428,9/15/26,,,,,high,,,,,,,,,,,,,,
17159,Cine Lido,"Palais Royal, The Latin Quarter, 22 Steps, Princess Theatre","200 W. 48th Street, New York, NY 10036",Manhattan,40.7598972,-73.9843576,https://photos.cinematreasures.org/production/photos/33136/1325907287/large.jpg?1325907287,theater_images/17159.jpg,1942,1975,,Closed,1,Cinema Treasures,https://cinematreasures.org/theaters/17159,9/15/26,,,,,high,,,,,,,,,,,,,,
1075,"Cinema 1, 2 & 3 by Angelika","Cinema I & II, Cinema 1, 2, 3, City Cinemas Cinema 1, 2 and 3","1001 3rd Avenue, New York, NY 10021",Manhattan,40.761805,-73.966227,https://photos.cinematreasures.org/production/photos/3613/1307734008/large.jpg?1307734008,theater_images/1075.jpg,1962,,,Open (Showing movies),3,Cinema Treasures,https://cinematreasures.org/theaters/1075,9/15/26,,,,,high,,,,,,,,,,,,,,
31602,Cinema 14,,"133 3rd Avenue, New York, NY 10003",Manhattan,40.7333914,-73.9872449,https://photos.cinematreasures.org/production/photos/204822/1490305847/large.jpg?1490305847,theater_images/31602.jpg,,unknown,,Closed,1,Cinema Treasures,https://cinematreasures.org/theaters/31602,9/15/26,,,,,medium,"Not stated on source page: opening year, closing year. Current-address audit found no confirmed continuation of this theater; it is closed, but the closing year is unknown.",Match,Exact,"133 3RD AVE, NEW YORK, NY, 10003",40.73352708,-73.98692505,3rd Avenue & East 14th Street,highway,bus_stop,closed_unknown_date,medium,U.S. Census Geocoder; OpenStreetMap via Photon and Overpass,9/16/26,No matching current theater was found at the geocoded address. Closing date remains unknown.
6461,Cinema 3,,"2 W. 59th Street, New York, NY 10019",Manhattan,40.7645743,-73.9736767,https://photos.cinematreasures.org/production/photos/120136/1426630982/large.jpg?1426630982,theater_images/6461.jpg,1977,1997,,Closed,1,Cinema Treasures,https://cinematreasures.org/theaters/6461,9/15/26,,,,,high,,,,,,,,,,,,,,
37638,Cinema 49,49th Street Theatre,"235 W. 49th Street, New York, NY 10019",Manhattan,40.761456,-73.986041,https://photos.cinematreasures.org/production/photos/170997/1465908730/large.gif?1465908730,theater_images/37638.gif,1921,1940,,Closed,1,Cinema Treasures,https://cinematreasures.org/theaters/37638,9/15/26,,,,,high,,,,,,,,,,,,,,
3866,Cinema Kings Highway,Jewel Theatre,"711 Kings Highway, Brooklyn, NY 11223",Brooklyn,40.606535,-73.965225,https://photos.cinematreasures.org/production/photos/171058/1466004772/large.JPG?1466004772,theater_images/3866.jpg,1936,2021,,Closed,4,Cinema Treasures,https://cinematreasures.org/theaters/3866,9/15/26,,,,,low,Most recent stated closing year retained.,,,,,,,,,,,,,
12878,Cinema Luna,"Chung Kuo Theatre, Jade Cinema","202 Canal Street, New York, NY 10013",Manhattan,40.716791,-73.99857,https://photos.cinematreasures.org/production/photos/311056/1594602849/large.png?1594602849,theater_images/12878.png,,unknown,,Closed,1,Cinema Treasures,https://cinematreasures.org/theaters/12878,9/15/26,,,,,medium,"Not stated on source page: opening year, closing year. Current-address audit found no confirmed continuation of this theater; it is closed, but the closing year is unknown.",Match,Exact,"202 CANAL ST, NEW YORK, NY, 10013",40.71702271,-73.99855109,202,place,house,closed_unknown_date,medium,U.S. Census Geocoder; OpenStreetMap via Photon and Overpass,9/16/26,No matching current theater was found at the geocoded address. Closing date remains unknown.
71746,Cinema on the Sound,,"270 City Island Avenue, Bronx, NY 10464",Bronx,40.8462608,-73.7859052,https://photos.cinematreasures.org/production/photos/471801/1735622372/large.jpg?1735622372,theater_images/71746.jpg,2022,,,Open (Showing movies),1,Cinema Treasures,https://cinematreasures.org/theaters/71746,9/15/26,,,,,high,,,,,,,,,,,,,,
6498,Cinema Studio 1 & 2,"Arcade Theatre, Studio Theatre, Studio 65, Cinema Studio","1931 Broadway, New York, NY 10023",Manhattan,40.7728976,-73.9823383,https://photos.cinematreasures.org/production/photos/97563/1396472242/large.jpg?1396472242,theater_images/6498.jpg,1919,1990,,Closed,2,Cinema Treasures,https://cinematreasures.org/theaters/6498,9/15/26,,,,,high,,,,,,,,,,,,,,
2079,Cinema Village,"Cinema 12th Street, Cinema Village on 3rd Avenue","22 E. 12th Street, New York, NY 10003",Manhattan,40.7340962,-73.9933545,https://photos.cinematreasures.org/production/photos/203/1306346849/large.jpg?1306346849,theater_images/2079.jpg,1964,,,Open (Showing movies),3,Cinema Treasures,https://cinematreasures.org/theaters/2079,9/15/26,,,,,high,,,,,,,,,,,,,,
6117,Cinema Warsaw,,"261 Driggs Avenue, Brooklyn, NY 11222",Brooklyn,40.7225311,-73.9485165,https://photos.cinematreasures.org/production/photos/7973/1309287535/large.jpg?1309287535,theater_images/6117.jpg,1914,,,Open,1,Cinema Treasures,https://cinematreasures.org/theaters/6117,9/15/26,,,,,low,Opening year is approximate (1914).,,,,,,,,,,,,,
4615,Cinemart Cinemas,"Metropolis Theatre, Inwood Theatre, Inwood Art Theatre","106-03 Metropolitan Avenue, Forest Hills, NY 11375",Queens,40.7098228,-73.8467583,https://photos.cinematreasures.org/production/photos/495495/1757980151/large.jpg?1757980151,theater_images/4615.jpg,1927,,,Open (Showing movies),5,Cinema Treasures,https://cinematreasures.org/theaters/4615,9/15/26,,,,,high,,,,,,,,,,,,,,
13816,Cinepolis Chelsea Cinemas,"Clearview Cinemas Chelsea 9, Cineplex Odeon Chelsea 9, Bow Tie Chelsea Cinemas","260 W. 23rd Street, New York, NY 10011",Manhattan,40.744947,-73.997971,https://photos.cinematreasures.org/production/photos/4352/1308113726/large.JPG?1308113726,theater_images/13816.jpg,,2023,,Closed,9,Cinema Treasures,https://cinematreasures.org/theaters/13816,9/15/26,,,,,medium,Not stated on source page: opening year.,,,,,,,,,,,,,
16383,Circle in the Square Theatre,"Bleecker Theatre, Luxor Theatre, New Stage Theatre, Bleecker Street Playhouse","159 Bleecker Street, New York, NY 10012",Manhattan,40.728748,-73.999832,https://photos.cinematreasures.org/production/photos/204829/1490307337/large.jpg?1490307337,theater_images/16383.jpg,,unknown,,Closed,1,Cinema Treasures,https://cinematreasures.org/theaters/16383,9/15/26,,,,,medium,"Not stated on source page: opening year, closing year. Current-address audit found no confirmed continuation of this theater; it is closed, but the closing year is unknown.",Match,Exact,"159 BLEECKER ST, NEW YORK, NY, 10012",40.72858763,-73.99987935,Carroll Place,amenity,restaurant,closed_unknown_date,medium,U.S. Census Geocoder; OpenStreetMap via Photon and Overpass,9/16/26,"A nearby mapped venue matched part of the name, but review did not confirm it as the same historical theater; the theater is closed and its closing year remains unknown."
2935,Circle Theatre,"Circle Music Hall, Loew's Circle Theatre","1825 Broadway, New York, NY 10023",Manhattan,40.7686087,-73.9821826,https://photos.cinematreasures.org/production/photos/233873/1518792216/large.gif?1518792216,theater_images/2935.gif,1901,1931,,Closed,1,Cinema Treasures,https://cinematreasures.org/theaters/2935,9/15/26,,,,,low,Most recent stated closing year retained.,,,,,,,,,,,,,
7124,Circle Theatre,,"82 Hugh J. Grant Circle, Bronx, NY 10472",Bronx,40.8324,-73.860458,https://photos.cinematreasures.org/production/photos/157928/1454880710/large.jpg?1454880710,theater_images/7124.jpg,1941,1985,,Closed,2,Cinema Treasures,https://cinematreasures.org/theaters/7124,9/15/26,,,,,low,Opening year is approximate (1941).,,,,,,,,,,,,,
12546,Circus Cinema,,"1604 Broadway, New York, NY 10019",Manhattan,40.760461,-73.984245,https://photos.cinematreasures.org/production/photos/19531/1312234039/large.jpg?1312234039,theater_images/12546.jpg,1971,1996,,Closed,2,Cinema Treasures,https://cinematreasures.org/theaters/12546,9/15/26,,,,,high,,,,,,,,,,,,,,
10957,City Cinema,,"2081 Bartow Avenue, Bronx, NY 10475",Bronx,40.8695932,-73.8277052,https://photos.cinematreasures.org/production/photos/419730/1694392233/large.JPG?1694392233,theater_images/10957.jpg,1972,2022,,Closed,2,Cinema Treasures,https://cinematreasures.org/theaters/10957,9/15/26,,,,,low,Most recent stated closing year retained.,,,,,,,,,,,,,
8002,City Hall Theatre,"Park Row Theatre, City Hall Newsreel Theatre","31-32 Park Row, New York, NY 10038",Manhattan,40.7115005,-74.0072923,https://photos.cinematreasures.org/production/photos/21982/1313536588/large.jpg?1313536588,theater_images/8002.jpg,,1946,1916,Closed,1,Cinema Treasures,https://cinematreasures.org/theaters/8002,9/15/26,,,,,low,Closing year is approximate (1946). Not stated on source page: opening year.,,,,,,,,,,,,,
11878,City Island Theatre,"Raymond Theatre, New City Island Theatre","385 City Island Avenue, Bronx, NY 10464",Bronx,40.849209,-73.787637,https://photos.cinematreasures.org/production/photos/123685/1430095360/large.jpg?1430095360,theater_images/11878.jpg,1926,unknown,,Closed,1,Cinema Treasures,https://cinematreasures.org/theaters/11878,9/15/26,,,,,medium,"Not stated on source page: closing year. Current-address audit found no confirmed continuation of this theater; it is closed, but the closing year is unknown.",Match,Exact,"385 CITY ISLAND AVE, BRONX, NY, 10464",40.8493101,-73.78735141,C-Town,shop,supermarket,closed_unknown_date,medium,U.S. Census Geocoder; OpenStreetMap via Photon and Overpass,9/16/26,No matching current theater was found at the geocoded address. Closing date remains unknown.
8834,City Line Cinema,"City Line Theatre, Earl Theatre","1114 Liberty Avenue, Brooklyn, NY 11208",Brooklyn,40.678483,-73.8681925,https://photos.cinematreasures.org/production/photos/288437/1570953799/large.jpg?1570953799,theater_images/8834.jpg,1921,1979,,Closed,1,Cinema Treasures,https://cinematreasures.org/theaters/8834,9/15/26,,,,,low,Closing year is approximate (1979).,,,,,,,,,,,,,
1326,City Theatre,,"114 E. 14th Street, New York, NY 10003",Manhattan,40.7340231,-73.9889905,https://photos.cinematreasures.org/production/photos/147297/1449014504/large.jpg?1449014504,theater_images/1326.jpg,,1952,,Closed,1,Cinema Treasures,https://cinematreasures.org/theaters/1326,9/15/26,,,,,low,Closing year is approximate (1952). Not stated on source page: opening year.,,,,,,,,,,,,,
52282,Civic Repertory Theatre,"Theatre Francais, Lyceum Theatre, Haverly’s 14th Street Theatre, 14th Street Theatre","107 W. 14th Street, New York, NY 10011",Manhattan,40.7376267,-73.9974197,https://photos.cinematreasures.org/production/photos/199877/1486046720/large.jpg?1486046720,theater_images/52282.jpg,,unknown,,Closed,1,Cinema Treasures,https://cinematreasures.org/theaters/52282,9/15/26,,,,,medium,"Not stated on source page: opening year, closing year. Current-address audit found no confirmed continuation of this theater; it is closed, but the closing year is unknown.",Match,Exact,"107 W 14TH ST, NEW YORK, NY, 10011",40.7374934,-73.99700886,6th Avenue,railway,station,closed_unknown_date,medium,U.S. Census Geocoder; OpenStreetMap via Photon and Overpass,9/16/26,No matching current theater was found at the geocoded address. Closing date remains unknown.
14665,Claremont Theatre,,"3338 Broadway, New York, NY 10031",Manhattan,40.8202098,-73.95487,https://photos.cinematreasures.org/production/photos/92507/1389888899/large.jpg?1389888899,theater_images/14665.jpg,1914,unknown,,Closed,1,Cinema Treasures,https://cinematreasures.org/theaters/14665,9/15/26,,,,,medium,"Not stated on source page: closing year. Current-address audit found no confirmed continuation of this theater; it is closed, but the closing year is unknown.",Match,Exact,"3338 BROADWAY, NEW YORK, NY, 10031",40.82013585,-73.95496127,West 135th Street,highway,tertiary,closed_unknown_date,medium,U.S. Census Geocoder; OpenStreetMap via Photon and Overpass,9/16/26,No matching current theater was found at the geocoded address. Closing date remains unknown.
42278,Clarendon Theatre,,"1105 Flatbush Avenue, Brooklyn, NY 11226",Brooklyn,40.6433943,-73.9577862,https://photos.cinematreasures.org/production/photos/77576/1375275614/large.JPG?1375275614,theater_images/42278.jpg,1914,1917,,Closed,1,Cinema Treasures,https://cinematreasures.org/theaters/42278,9/15/26,,,,,high,,,,,,,,,,,,,,
6367,Claridge Theater,,"443 Avenue P, Brooklyn, NY 11230",Brooklyn,40.6090491,-73.9710644,https://photos.cinematreasures.org/production/photos/265676/1550595760/large.jpg?1550595760,theater_images/6367.jpg,1933,unknown,,Closed,1,Cinema Treasures,https://cinematreasures.org/theaters/6367,9/15/26,,,,,medium,"Not stated on source page: closing year. Current-address audit found no confirmed continuation of this theater; it is closed, but the closing year is unknown.",Match,Non_Exact,"443 AVENUE N, BROOKLYN, NY, 11230",40.61447307,-73.9705581,413,place,house,closed_unknown_date,medium,U.S. Census Geocoder; OpenStreetMap via Photon and Overpass,9/16/26,No matching current theater was found at the geocoded address. Closing date remains unknown.
8843,Classic Theatre,,"180 Tompkins Avenue, Brooklyn, NY 11206",Brooklyn,40.692864,-73.946131,https://photos.cinematreasures.org/production/photos/1888/1307035513/large.jpg?1307035513,theater_images/8843.jpg,1916,1942,,Closed,1,Cinema Treasures,https://cinematreasures.org/theaters/8843,9/15/26,,,,,high,,,,,,,,,,,,,,
42556,Cleveland Theatre,,"2390 Pitkin Avenue, Brooklyn, NY 11208",Brooklyn,40.6736069,-73.8841792,https://photos.cinematreasures.org/production/photos/140065/1445441713/large.JPG?1445441713,theater_images/42556.jpg,1914,1926,,Closed,1,Cinema Treasures,https://cinematreasures.org/theaters/42556,9/15/26,,,,,high,,,,,,,,,,,,,,
16091,Clifton Theatre,Pastime Theatre,"1034 2nd Avenue, New York, NY 10022",Manhattan,40.757338,-73.966179,https://photos.cinematreasures.org/production/photos/262233/1544916549/large.jpg?1544916549,theater_images/16091.jpg,,unknown,,Closed,1,Cinema Treasures,https://cinematreasures.org/theaters/16091,9/15/26,,,,,medium,"Not stated on source page: opening year, closing year. Current-address audit found no confirmed continuation of this theater; it is closed, but the closing year is unknown.",Match,Exact,"1034 2ND AVE, NEW YORK, NY, 10022",40.75764499,-73.96641843,2nd Avenue,highway,primary,closed_unknown_date,medium,U.S. Census Geocoder; OpenStreetMap via Photon and Overpass,9/16/26,No matching current theater was found at the geocoded address. Closing date remains unknown.
7059,Clinton Theatre,,"595 Clinton Street, Brooklyn, NY 11231",Brooklyn,40.674838,-74.001373,https://photos.cinematreasures.org/production/photos/288927/1571726441/large.jpg?1571726441,theater_images/7059.jpg,,1964,,Closed,1,Cinema Treasures,https://cinematreasures.org/theaters/7059,9/15/26,,,,,medium,Not stated on source page: opening year.,,,,,,,,,,,,,
13560,Clinton Theatre,Clinton Star Theatre,"80-82 Clinton Street, New York, NY 10002",Manhattan,40.7186938,-73.9851638,https://photos.cinematreasures.org/production/photos/172554/1467388635/large.jpg?1467388635,theater_images/13560.jpg,1919,unknown,,Closed,1,Cinema Treasures,https://cinematreasures.org/theaters/13560,9/15/26,,,,,medium,"Not stated on source page: closing year. Current-address audit found no confirmed continuation of this theater; it is closed, but the closing year is unknown.",Match,Non_Exact,"82 CLINTON ST, NEW YORK, NY, 10002",40.71893699,-73.98506695,Black Crescent,amenity,bar,closed_unknown_date,medium,U.S. Census Geocoder; OpenStreetMap via Photon and Overpass,9/16/26,No matching current theater was found at the geocoded address. Closing date remains unknown.
15139,CMX New York East 62nd Street,"Cineplex Odeon First & 62nd Cinemas, Clearview's First & 62nd Cinemas","400 E. 62nd Street, New York, NY 10021",Manhattan,40.761366,-73.960326,https://photos.cinematreasures.org/production/photos/57019/1348870434/large.jpg?1348870434,theater_images/15139.jpg,1991,2013,2018,Closed,6,Cinema Treasures,https://cinematreasures.org/theaters/15139,9/15/26,,,,,high,,,,,,,,,,,,,,
4039,Cobble Hill Cinemas,"Lido Theater, Rex Cinema","265 Court Street, Brooklyn, NY 11231",Brooklyn,40.684967,-73.994498,https://photos.cinematreasures.org/production/photos/9735/1309836460/large.JPG?1309836460,theater_images/4039.jpg,1926,,,Open (Showing movies),5,Cinema Treasures,https://cinematreasures.org/theaters/4039,9/15/26,,,,,low,Opening year is an upper bound ('prior to/before 1926').,,,,,,,,,,,,,
526,Coliseum Cinemas,"B.S. Moss' Coliseum Theatre, RKO Coliseum Theatre, New Coliseum Theatre","4260-4261 Broadway, New York, NY 10033",Manhattan,40.8506209,-73.935977,https://photos.cinematreasures.org/production/photos/4812/1308277825/large.JPG?1308277825,theater_images/526.jpg,1920,2011,2004,Closed,4,Cinema Treasures,https://cinematreasures.org/theaters/526,9/15/26,,,,,low,Most recent stated closing year retained. Most recent stated reopening year retained.,,,,,,,,,,,,,
4036,Coliseum Theatre,,"5205 4th Avenue, Brooklyn, NY 11220",Brooklyn,40.6450173,-74.0138262,https://photos.cinematreasures.org/production/photos/89546/1386488897/large.jpg?1386488897,theater_images/4036.jpg,1922,1990,,Closed,4,Cinema Treasures,https://cinematreasures.org/theaters/4036,9/15/26,,,,,high,,,,,,,,,,,,,,
10635,College Point Multiplex,,"28 - 55 Ulmer Street, Flushing, NY 11354",Queens,40.7715858,-73.8364432,https://photos.cinematreasures.org/production/photos/10968/1310264803/large.JPG?1310264803,theater_images/10635.jpg,1999,2024,,Closed,12,Cinema Treasures,https://cinematreasures.org/theaters/10635,9/15/26,,,,,high,,,,,,,,,,,,,,
6449,College Theater,,"1508 College Point Boulevard, College Point, NY 11356",Queens,40.7839103,-73.8459022,https://photos.cinematreasures.org/production/photos/280660/1564414803/large.gif?1564414803,theater_images/6449.gif,1926,unknown,,Closed,1,Cinema Treasures,https://cinematreasures.org/theaters/6449,9/15/26,,,,,medium,"Not stated on source page: closing year. Current-address audit found no confirmed continuation of this theater; it is closed, but the closing year is unknown.",Match,Exact,"15-08 COLLEGE POINT BLVD, COLLEGE POINT, NY, 11356",40.78406847,-73.84589011,Supreme Foods,shop,deli,closed_unknown_date,medium,U.S. Census Geocoder; OpenStreetMap via Photon and Overpass,9/16/26,No matching current theater was found at the geocoded address. Closing date remains unknown.
7680,Colon Theatre,Schuyler Theatre,"504 Columbus Avenue, New York, NY 10024",Manhattan,40.785367,-73.973275,https://photos.cinematreasures.org/production/photos/218192/1504975895/large.JPG?1504975895,theater_images/7680.jpg,1937,unknown,,Closed,1,Cinema Treasures,https://cinematreasures.org/theaters/7680,9/15/26,,,,,medium,"Not stated on source page: closing year. Current-address audit found no confirmed continuation of this theater; it is closed, but the closing year is unknown.",Match,Exact,"504 COLUMBUS AVE, NEW YORK, NY, 10024",40.78536321,-73.97307915,Columbus Avenue,highway,primary,closed_unknown_date,medium,U.S. Census Geocoder; OpenStreetMap via Photon and Overpass,9/16/26,No matching current theater was found at the geocoded address. Closing date remains unknown.
2943,Colonial Theatre,"Colonial Music Hall, Keith's Colonial Theatre, New Colonial Theatre, Hampden's Theatre, RKO Colonial Theatre, Harkness Theatre","1887 Broadway, New York, NY 10023",Manhattan,40.7711934,-73.9822838,https://photos.cinematreasures.org/production/photos/46696/1339532367/large.jpg?1339532367,theater_images/2943.jpg,1905,unknown,,Closed,1,Cinema Treasures,https://cinematreasures.org/theaters/2943,9/15/26,,,,,medium,"Not stated on source page: closing year. Current-address audit found no confirmed continuation of this theater; it is closed, but the closing year is unknown.",Match,Exact,"1887 BROADWAY, NEW YORK, NY, 10023",40.77086811,-73.98222552,Broadway Malls,landuse,shrubs,closed_unknown_date,medium,U.S. Census Geocoder; OpenStreetMap via Photon and Overpass,9/16/26,No matching current theater was found at the geocoded address. Closing date remains unknown.
7927,Colonial Theatre,New Colonial Theatre,"1746 Broadway, Brooklyn, NY 11233",Brooklyn,40.6829817,-73.910621,https://photos.cinematreasures.org/production/photos/3487/1307664650/large.jpg?1307664650,theater_images/7927.jpg,1921,1963,,Closed,1,Cinema Treasures,https://cinematreasures.org/theaters/7927,9/15/26,,,,,high,,,,,,,,,,,,,,
21028,Colonial Theatre,,"105-06 Northern Boulevard, Corona, NY 11368",Queens,40.75745,-73.863327,https://photos.cinematreasures.org/production/photos/362226/1641498166/large.gif?1641498166,theater_images/21028.gif,,unknown,,Closed,1,Cinema Treasures,https://cinematreasures.org/theaters/21028,9/15/26,,,,,medium,"Not stated on source page: opening year, closing year. Current-address audit found no confirmed continuation of this theater; it is closed, but the closing year is unknown.",Match,Exact,"105-06 NORTHERN BLVD, CORONA, NY, 11368",40.75767234,-73.8635882,Lorenz dance Studio,leisure,dance,closed_unknown_date,medium,U.S. Census Geocoder; OpenStreetMap via Photon and Overpass,9/16/26,No matching current theater was found at the geocoded address. Closing date remains unknown.
44405,Colonial Theatre,Bronx Lyceum Theatre,"481 Willis Avenue, Bronx, NY 10455",Bronx,40.8145235,-73.9189412,,,1910,unknown,,Closed,1,Cinema Treasures,https://cinematreasures.org/theaters/44405,9/15/26,,,,,medium,"Not stated on source page: closing year, image. Current-address audit found no confirmed continuation of this theater; it is closed, but the closing year is unknown.",Match,Exact,"481 WILLIS AVE, BRONX, NY, 10455",40.81453629,-73.91899713,Willis Avenue,highway,secondary,closed_unknown_date,medium,U.S. Census Geocoder; OpenStreetMap via Photon and Overpass,9/16/26,No matching current theater was found at the geocoded address. Closing date remains unknown.
72763,Colonial Theatre,,"7415 5th Avenue, Brooklyn, NY 11209",Brooklyn,40.6297868,-74.0222027,,,1910,1932,,Closed,1,Cinema Treasures,https://cinematreasures.org/theaters/72763,9/15/26,,,,,medium,Not stated on source page: image.,,,,,,,,,,,,,
50122,Colonnade Theatre,,"544 Nostrand Avenue, Brooklyn, NY 11216",Brooklyn,40.6800619,-73.949774,https://photos.cinematreasures.org/production/photos/138644/1444145767/large.JPG?1444145767,theater_images/50122.jpg,1913,1920,,Closed,1,Cinema Treasures,https://cinematreasures.org/theaters/50122,9/15/26,,,,,high,,,,,,,,,,,,,,
3976,Colony Theater,Mapleton Theater,"6502 18th Avenue, Brooklyn, NY 11204",Brooklyn,40.619174,-73.990605,https://photos.cinematreasures.org/production/photos/263807/1547619606/large.jpg?1547619606,theater_images/3976.jpg,1917,1952,,Closed,1,Cinema Treasures,https://cinematreasures.org/theaters/3976,9/15/26,,,,,high,,,,,,,,,,,,,,
1402,Colony Theatre,"New Theatre, 79th Street Theatre","1519 2nd Avenue, New York, NY 10075",Manhattan,40.7732733,-73.9551479,https://photos.cinematreasures.org/production/photos/186581/1476344276/large.jpg?1476344276,theater_images/1402.jpg,1914,unknown,,Closed,1,Cinema Treasures,https://cinematreasures.org/theaters/1402,9/15/26,,,,,low,"Opening year is an upper bound ('prior to/before 1914'). Not stated on source page: closing year. Current-address audit found no confirmed continuation of this theater; it is closed, but the closing year is unknown.",Match,Exact,"1519 2ND AVE, NEW YORK, NY, 10075",40.77361217,-73.95494257,2nd Avenue,highway,primary,closed_unknown_date,medium,U.S. Census Geocoder; OpenStreetMap via Photon and Overpass,9/16/26,No matching current theater was found at the geocoded address. Closing date remains unknown.
4025,Colony Theatre,,"37-27 82nd Street, Jackson Heights, NY 11372",Queens,40.7489277,-73.8841464,https://photos.cinematreasures.org/production/photos/113963/1418458092/large.jpg?1418458092,theater_images/4025.jpg,1935,unknown,,Closed,2,Cinema Treasures,https://cinematreasures.org/theaters/4025,9/15/26,,,,,medium,"Not stated on source page: closing year. Current-address audit found no confirmed continuation of this theater; it is closed, but the closing year is unknown.",Match,Exact,"37-27 82ND ST, JACKSON HEIGHTS, NY, 11372",40.74916155,-73.88413183,Chase,amenity,bank,closed_unknown_date,medium,U.S. Census Geocoder; OpenStreetMap via Photon and Overpass,9/16/26,No matching current theater was found at the geocoded address. Closing date remains unknown.
28483,Colony Theatre,,"Reid Avenue, Rockaway Point, NY 11697",Queens,40.5607449,-73.9107765,https://photos.cinematreasures.org/production/photos/190501/1478439541/large.JPG?1478439541,theater_images/28483.jpg,,unknown,,Closed,1,Cinema Treasures,https://cinematreasures.org/theaters/28483,9/15/26,,,,,medium,"Not stated on source page: opening year, closing year. Current-address audit found no confirmed continuation of this theater; it is closed, but the closing year is unknown.",No_Match,,,,,104,building,yes,closed_unknown_date,medium,U.S. Census Geocoder; OpenStreetMap via Photon and Overpass,9/16/26,No matching current theater was found at the geocoded address. Closing date remains unknown.
6193,Columbia Cinema,"Broadway Photoplay Theatre, 103rd Street Theatre, Bim's 103rd St. Theatre, Essex Theatre, Edison Theatre, Nuevo Edison","2700 Broadway, New York, NY 10025",Manhattan,40.799116,-73.968038,https://photos.cinematreasures.org/production/photos/43873/1336328729/large.jpg?1336328729,theater_images/6193.jpg,,1993,,Closed,1,Cinema Treasures,https://cinematreasures.org/theaters/6193,9/15/26,,,,,medium,Not stated on source page: opening year.,,,,,,,,,,,,,
7747,Columbia Theatre,"Alcazar Theatre, Loew's Columbia Theatre","Cadman Plaza E and Tillary Street, Brooklyn, NY 11201",Brooklyn,40.6961671,-73.9900478,https://photos.cinematreasures.org/production/photos/238417/1522540313/large.jpg?1522540313,theater_images/7747.jpg,1892,1914,,Closed,1,Cinema Treasures,https://cinematreasures.org/theaters/7747,9/15/26,,,,,low,Most recent stated closing year retained.,,,,,,,,,,,,,
20946,Columbia Theatre,Pershing Theatre,"1324 Amsterdam Avenue, New York, NY 10027",Manhattan,40.8132638,-73.9563728,https://photos.cinematreasures.org/production/photos/261772/1544140423/large.jpg?1544140423,theater_images/20946.jpg,,unknown,,Closed,1,Cinema Treasures,https://cinematreasures.org/theaters/20946,9/15/26,,,,,medium,"Not stated on source page: opening year, closing year. Current-address audit found no confirmed continuation of this theater; it is closed, but the closing year is unknown.",Match,Exact,"1324 AMSTERDAM AVE, NEW YORK, NY, 10027",40.81346726,-73.95628703,Amsterdam Avenue,highway,secondary,closed_unknown_date,medium,U.S. Census Geocoder; OpenStreetMap via Photon and Overpass,9/16/26,No matching current theater was found at the geocoded address. Closing date remains unknown.
63617,Columbia Theatre,New Columbia Theatre,"61-17 Grand Avenue, Maspeth, NY 11378",Queens,,,https://photos.cinematreasures.org/production/photos/321614/1603646570/large.PNG?1603646570,theater_images/63617.png,1916,1929,,Closed,1,Cinema Treasures,https://cinematreasures.org/theaters/63617,9/15/26,,,,,low,Most recent stated closing year retained. Not stated on source page: coordinates.,,,,,,,,,,,,,
31859,Columbus Theatre,,"981 8th Avenue, New York, NY 10019",Manhattan,40.7671801,-73.9825648,https://photos.cinematreasures.org/production/photos/220561/1507606278/large.jpg?1507606278,theater_images/31859.jpg,,1940,,Closed,1,Cinema Treasures,https://cinematreasures.org/theaters/31859,9/15/26,,,,,low,Most recent stated closing year retained. Not stated on source page: opening year.,,,,,,,,,,,,,
8700,Comet Theatre,,"1015 Boston Road, Bronx, NY 10456",Bronx,40.8271123,-73.9050763,https://photos.cinematreasures.org/production/photos/191459/1478823907/large.jpg?1478823907,theater_images/8700.jpg,1910,unknown,,Closed,1,Cinema Treasures,https://cinematreasures.org/theaters/8700,9/15/26,,,,,low,"Opening year is approximate (1910). Not stated on source page: closing year. Current-address audit found no confirmed continuation of this theater; it is closed, but the closing year is unknown.",Match,Exact,"1015 BOSTON RD, BRONX, NY, 10456",40.82582585,-73.90711549,East 165th Street,highway,footway,closed_unknown_date,medium,U.S. Census Geocoder; OpenStreetMap via Photon and Overpass,9/16/26,No matching current theater was found at the geocoded address. Closing date remains unknown.
8738,Comet Theatre,"Gates Avenue Park Theatre, Gates Theatre, United States Theatre, New Gates Theatre","856 Gates Avenue, Brooklyn, NY 11221",Brooklyn,40.6885524,-73.9301309,https://photos.cinematreasures.org/production/photos/219606/1506545354/large.gif?1506545354,theater_images/8738.gif,1910,1955,,Closed,1,Cinema Treasures,https://cinematreasures.org/theaters/8738,9/15/26,,,,,low,Most recent stated closing year retained.,,,,,,,,,,,,,
268,Commodore Cinemas,Commodore Theatre,"329 Broadway, Brooklyn, NY 11211",Brooklyn,40.708152,-73.956266,https://photos.cinematreasures.org/production/photos/309550/1593265842/large.jpg?1593265842,theater_images/268.jpg,1922,2002,,Closed,2,Cinema Treasures,https://cinematreasures.org/theaters/268,9/15/26,,,,,high,,,,,,,,,,,,,,
3918,Community Twin Theatre,Community Theatre,"215-32 Jamaica Avenue, Queens Village, NY 11428",Queens,40.7227719,-73.7292672,https://photos.cinematreasures.org/production/photos/9738/1309838542/large.JPG?1309838542,theater_images/3918.jpg,,unknown,,Closed,2,Cinema Treasures,https://cinematreasures.org/theaters/3918,9/15/26,,,,,medium,"Not stated on source page: opening year, closing year. Current-address audit found no confirmed continuation of this theater; it is closed, but the closing year is unknown.",Match,Exact,"215-32 JAMAICA AVE, QUEENS VILLAGE, NY, 11428",40.71731996,-73.73951925,Jamaica Avenue,highway,primary,closed_unknown_date,medium,U.S. Census Geocoder; OpenStreetMap via Photon and Overpass,9/16/26,No matching current theater was found at the geocoded address. Closing date remains unknown.
7921,Concourse Theatre,,"209 E. Fordham Road, Bronx, NY 10458",Bronx,40.8624408,-73.8964963,https://photos.cinematreasures.org/production/photos/55838/1348088009/large.jpg?1348088009,theater_images/7921.jpg,1916,unknown,,Closed,1,Cinema Treasures,https://cinematreasures.org/theaters/7921,9/15/26,,,,,medium,"Not stated on source page: closing year. Current-address audit found no confirmed continuation of this theater; it is closed, but the closing year is unknown.",Match,Exact,"209 E FORDHAM RD, BRONX, NY, 10458",40.86250219,-73.89668176,Chick-fil-A,amenity,fast_food,closed_unknown_date,medium,U.S. Census Geocoder; OpenStreetMap via Photon and Overpass,9/16/26,No matching current theater was found at the geocoded address. Closing date remains unknown.
50172,Coney Island USA,"Surf Avenue Opera House, Child's Restaurant, Blue Bird Casino, Wonderland Circus Sideshow","1208 Surf Avenue, Brooklyn, NY 11224",Brooklyn,40.5753293,-73.979783,https://photos.cinematreasures.org/production/photos/139397/1444928153/large.JPG?1444928153,theater_images/50172.jpg,1901,,1912,Open (Showing movies),1,Cinema Treasures,https://cinematreasures.org/theaters/50172,9/15/26,,,,,low,Most recent stated closing year retained.,,,,,,,,,,,,,
3986,Congress Theatre,Fox Congress Theatre,"1561 St. John's Place, Brooklyn, NY 11213",Brooklyn,40.670805,-73.925711,https://photos.cinematreasures.org/production/photos/7906/1309273149/large.jpg?1309273149,theater_images/3986.jpg,1927,2006,,Closed,1,Cinema Treasures,https://cinematreasures.org/theaters/3986,9/15/26,,,,,high,,,,,,,,,,,,,,
1330,Corona Theatre,,"Junction Boulevard and 38th Avenue, Corona, NY 11368",Queens,40.7496205,-73.8696748,https://photos.cinematreasures.org/production/photos/164134/1459889721/large.gif?1459889721,theater_images/1330.gif,1926,unknown,,Closed,1,Cinema Treasures,https://cinematreasures.org/theaters/1330,9/15/26,,,,,medium,"Not stated on source page: closing year. Current-address audit found no confirmed continuation of this theater; it is closed, but the closing year is unknown.",Match,Exact,"JUNCTION BLVD & 38TH AVE, CORONA, NY, 11368",40.74961573,-73.86968559,Dunkin',amenity,fast_food,closed_unknown_date,medium,U.S. Census Geocoder; OpenStreetMap via Photon and Overpass,9/16/26,No matching current theater was found at the geocoded address. Closing date remains unknown.
42234,Cortelyou Photoplay Theatre,,"1524 Cortelyou Road, Brooklyn, NY 11226",Brooklyn,40.6413837,-73.9637707,,,1907,1928,,Closed,1,Cinema Treasures,https://cinematreasures.org/theaters/42234,9/15/26,,,,,medium,Not stated on source page: image.,,,,,,,,,,,,,
8364,Cosmo Theatre,Teatro Cosmo,"176 E. 116th Street, New York, NY 10029",Manhattan,40.797842,-73.940902,https://photos.cinematreasures.org/production/photos/48080/1341086471/large.jpg?1341086471,theater_images/8364.jpg,1922,1983,,Closed,1,Cinema Treasures,https://cinematreasures.org/theaters/8364,9/15/26,,,,,low,Closing year is approximate (1983).,,,,,,,,,,,,,
6937,Costello Theatre,,"23 Fort Washington Avenue, New York, NY 10032",Manhattan,40.8359841,-73.9448969,https://photos.cinematreasures.org/production/photos/241594/1525269775/large.png?1525269775,theater_images/6937.png,1914,1952,,Closed,1,Cinema Treasures,https://cinematreasures.org/theaters/6937,9/15/26,,,,,low,Most recent stated closing year retained.,,,,,,,,,,,,,
22021,Court Theatre,Annette Theatre,"375 Smith Street, Brooklyn, NY 11231",Brooklyn,40.6790723,-73.9954793,https://photos.cinematreasures.org/production/photos/5709/1308507288/large.jpg?1308507288,theater_images/22021.jpg,1913,2019,,Closed,1,Cinema Treasures,https://cinematreasures.org/theaters/22021,9/15/26,,,,,low,Most recent stated closing year retained.,,,,,,,,,,,,,
41513,Covert Theatre,,"1634 Broadway, Brooklyn, NY 11233",Brooklyn,40.6847439,-73.9139869,https://photos.cinematreasures.org/production/photos/77354/1375028190/large.JPG?1375028190,theater_images/41513.jpg,1913,1918,,Closed,1,Cinema Treasures,https://cinematreasures.org/theaters/41513,9/15/26,,,,,low,Most recent stated closing year retained.,,,,,,,,,,,,,
42262,Cozy Corner Theatre,Cosey Corner Theatre,"163 Wilson Avenue, Brooklyn, NY 11237",Brooklyn,40.700166,-73.924261,https://photos.cinematreasures.org/production/photos/79005/1376746079/large.JPG?1376746079,theater_images/42262.jpg,1908,1916,,Closed,1,Cinema Treasures,https://cinematreasures.org/theaters/42262,9/15/26,,,,,low,Most recent stated closing year retained.,,,,,,,,,,,,,
21488,Craft Theatre,,"4420 White Plains Road, Bronx, NY 10470",Bronx,40.8989913,-73.8535837,https://photos.cinematreasures.org/production/photos/55840/1348088539/large.jpg?1348088539,theater_images/21488.jpg,1937,unknown,,Closed,1,Cinema Treasures,https://cinematreasures.org/theaters/21488,9/15/26,,,,,medium,"Not stated on source page: closing year. Current-address audit found no confirmed continuation of this theater; it is closed, but the closing year is unknown.",Match,Exact,"4420 WHITE PLAINS RD, BRONX, NY, 10470",40.89886841,-73.85385436,Nereid Avenue,railway,stop,closed_unknown_date,medium,U.S. Census Geocoder; OpenStreetMap via Photon and Overpass,9/16/26,No matching current theater was found at the geocoded address. Closing date remains unknown.
50188,Crescent Motion Picture Theatre,,"3386 Fulton Street, Brooklyn, NY 11208",Brooklyn,40.6839075,-73.8705644,https://photos.cinematreasures.org/production/photos/512923/1776797979/large.jpg?1776797979,theater_images/50188.jpg,1910,1916,,Closed,1,Cinema Treasures,https://cinematreasures.org/theaters/50188,9/15/26,,,,,low,Closing year is approximate (1916).,,,,,,,,,,,,,
6986,Crescent Theatre,,"25-24 Astoria Boulevard, Astoria, NY 11102",Queens,40.7711029,-73.9220403,https://photos.cinematreasures.org/production/photos/9145/1309738451/large.jpg?1309738451,theater_images/6986.jpg,,unknown,,Closed,1,Cinema Treasures,https://cinematreasures.org/theaters/6986,9/15/26,,,,,medium,"Not stated on source page: opening year, closing year. Current-address audit found no confirmed continuation of this theater; it is closed, but the closing year is unknown.",Match,Exact,"25-24 ASTORIA BLVD, ASTORIA, NY, 11102",40.77119215,-73.92248509,Make Believe Bakeshop,amenity,cafe,closed_unknown_date,medium,U.S. Census Geocoder; OpenStreetMap via Photon and Overpass,9/16/26,No matching current theater was found at the geocoded address. Closing date remains unknown.
8106,Crest Theatre,,"1145 Ogden Avenue, Bronx, NY 10452",Bronx,40.8364202,-73.9274329,https://photos.cinematreasures.org/production/photos/222819/1509553828/large.gif?1509553828,theater_images/8106.gif,1936,unknown,,Closed,1,Cinema Treasures,https://cinematreasures.org/theaters/8106,9/15/26,,,,,medium,"Not stated on source page: closing year. Current-address audit found no confirmed continuation of this theater; it is closed, but the closing year is unknown.",Match,Exact,"1145 OGDEN AVE, BRONX, NY, 10452",40.83654616,-73.92741864,1152,building,yes,closed_unknown_date,medium,U.S. Census Geocoder; OpenStreetMap via Photon and Overpass,9/16/26,No matching current theater was found at the geocoded address. Closing date remains unknown.
528,Criterion Theatre,"B.S. Moss' Criterion Theatre, Loew's Criterion Theatre, Criterion Center","1514 Broadway, New York, NY 10036",Manhattan,40.7573065,-73.98586,https://photos.cinematreasures.org/production/photos/22491/1313721239/large.jpg?1313721239,theater_images/528.jpg,1936,2015,,Closed,7,Cinema Treasures,https://cinematreasures.org/theaters/528,9/15/26,,,,,low,Most recent stated closing year retained.,,,,,,,,,,,,,
16481,Criterion Theatre,"Lyric Theatre, Vitagraph Theatre","NE corner of Broadway and W. 44th Street, New York, NY 10036",Manhattan,40.7572862,-73.9858763,https://photos.cinematreasures.org/production/photos/239122/1523122988/large.jpg?1523122988,theater_images/16481.jpg,1895,unknown,,Closed,1,Cinema Treasures,https://cinematreasures.org/theaters/16481,9/15/26,,,,,medium,"Not stated on source page: closing year. Current-address audit found no confirmed continuation of this theater; it is closed, but the closing year is unknown.",Match,Non_Exact,"BROADWAY & W 44TH ST, NEW YORK, NY, 10036",40.75725673,-73.98582156,West 44th Street,highway,residential,closed_unknown_date,low,U.S. Census Geocoder; OpenStreetMap via Photon and Overpass,9/16/26,"A nearby mapped venue matched part of the name, but review did not confirm it as the same historical theater; the theater is closed and its closing year remains unknown."
40124,Criterion Theatre,"Proctor's Criterion Theatre, Al Reeves' Music Hall, Brooklyn Garrick, Payton's Playhouse, Keeney's Fulton Street Theatre, Jones' Theatre, Putnam Theatre, Supreme Theatre","970 Fulton Street, Brooklyn, NY 11238",Brooklyn,40.6824645,-73.9620295,https://photos.cinematreasures.org/production/photos/173097/1468018517/large.jpg?1468018517,theater_images/40124.jpg,1885,1929,1929,Closed,1,Cinema Treasures,https://cinematreasures.org/theaters/40124,9/15/26,,,,,low,Most recent stated closing year retained. Most recent stated reopening year retained.,,,,,,,,,,,,,
5866,Cross Island Cinemas,,"153-67 Cross Island Parkway, Whitestone, NY 11357",Queens,40.7876303,-73.814204,https://photos.cinematreasures.org/production/photos/8535/1309491436/large.JPG?1309491436,theater_images/5866.jpg,1979,unknown,,Closed,2,Cinema Treasures,https://cinematreasures.org/theaters/5866,9/15/26,,,,,medium,"Not stated on source page: closing year. Current-address audit found no confirmed continuation of this theater; it is closed, but the closing year is unknown.",Match,Exact,"153-67 CROSS ISLAND PKWY, WHITESTONE, NY, 11357",40.78702957,-73.80873643,Cross Island Parkway Service Road,highway,primary,closed_unknown_date,medium,U.S. Census Geocoder; OpenStreetMap via Photon and Overpass,9/16/26,No matching current theater was found at the geocoded address. Closing date remains unknown.
6714,Crotona Theatre,Fox Crotona Theatre,"453 E. Tremont Avenue, Bronx, NY 10457",Bronx,40.847553,-73.898535,https://photos.cinematreasures.org/production/photos/43811/1336258788/large.jpg?1336258788,theater_images/6714.jpg,1912,1959,,Closed,1,Cinema Treasures,https://cinematreasures.org/theaters/6714,9/15/26,,,,,high,,,,,,,,,,,,,,
2792,Crown Gotham Theatre,"Trans-Lux East Theatre, Penthouse East Theatre, Gotham Theatre","969 3rd Avenue, New York, NY 10022",Manhattan,40.7608925,-73.9670579,https://photos.cinematreasures.org/production/photos/45407/1338050278/large.jpg?1338050278,theater_images/2792.jpg,1963,2001,,Closed,1,Cinema Treasures,https://cinematreasures.org/theaters/2792,9/15/26,,,,,high,,,,,,,,,,,,,,
20111,Crown Theater,,"115 W. 116th Street, New York, NY 10026",Manhattan,40.8025157,-73.9504513,,,,unknown,,Closed,1,Cinema Treasures,https://cinematreasures.org/theaters/20111,9/15/26,,,,,medium,"Not stated on source page: opening year, closing year, image. Current-address audit found no confirmed continuation of this theater; it is closed, but the closing year is unknown.",Match,Exact,"115 W 116TH ST, NEW YORK, NY, 10026",40.80226369,-73.95009882,West 116th Street & Malcolm X Boulevard,highway,bus_stop,closed_unknown_date,medium,U.S. Census Geocoder; OpenStreetMap via Photon and Overpass,9/16/26,No matching current theater was found at the geocoded address. Closing date remains unknown.
3965,Crown Theatre,Empress Theatre,"529 Empire Boulevard, Brooklyn, NY 11225",Brooklyn,40.664436,-73.944502,https://photos.cinematreasures.org/production/photos/86540/1383850617/large.jpg?1383850617,theater_images/3965.jpg,1928,unknown,,Closed,1,Cinema Treasures,https://cinematreasures.org/theaters/3965,9/15/26,,,,,medium,"Not stated on source page: closing year. Current-address audit found no confirmed continuation of this theater; it is closed, but the closing year is unknown.",Match,Exact,"529 EMPIRE BLVD, BROOKLYN, NY, 11225",40.66420668,-73.94452477,527,place,house,closed_unknown_date,medium,U.S. Census Geocoder; OpenStreetMap via Photon and Overpass,9/16/26,No matching current theater was found at the geocoded address. Closing date remains unknown.
17576,Crystal Hall,,"46 E. 14th Street, New York, NY 10003",Manhattan,40.7350001,-73.9912441,https://photos.cinematreasures.org/production/photos/98394/1397672283/large.jpg?1397672283,theater_images/17576.jpg,1903,unknown,,Closed,1,Cinema Treasures,https://cinematreasures.org/theaters/17576,9/15/26,,,,,medium,"Not stated on source page: closing year. Current-address audit found no confirmed continuation of this theater; it is closed, but the closing year is unknown.",Match,Exact,"46 E 14TH ST, NEW YORK, NY, 10003",40.73473417,-73.99067816,Union Square,railway,platform,closed_unknown_date,medium,U.S. Census Geocoder; OpenStreetMap via Photon and Overpass,9/16/26,"A nearby mapped venue matched part of the name, but review did not confirm it as the same historical theater; the theater is closed and its closing year remains unknown."
36316,Crystal Palace Theatre,,"148-150 Greenpoint Avenue, Brooklyn, NY 11222",Brooklyn,40.729848,-73.956431,https://photos.cinematreasures.org/production/photos/7961/1309285434/large.jpg?1309285434,theater_images/36316.jpg,1910,2013,,Closed,1,Cinema Treasures,https://cinematreasures.org/theaters/36316,9/15/26,,,,,low,Most recent stated closing year retained.,,,,,,,,,,,,,
50054,Crystal Theatre,Irving Theatre,"1016 Fulton Street, Brooklyn, NY 11238",Brooklyn,40.6819003,-73.9602458,https://photos.cinematreasures.org/production/photos/138646/1444146613/large.JPG?1444146613,theater_images/50054.jpg,1909,1913,,Closed,1,Cinema Treasures,https://cinematreasures.org/theaters/50054,9/15/26,,,,,high,,,,,,,,,,,,,,
5875,Culver Theatre,Fox Culver Theatre,"4339 18th Avenue, Brooklyn, NY 11218",Brooklyn,40.630598,-73.976708,https://photos.cinematreasures.org/production/photos/261936/1544442185/large.jpg?1544442185,theater_images/5875.jpg,1925,1965,,Closed,1,Cinema Treasures,https://cinematreasures.org/theaters/5875,9/15/26,,,,,high,,,,,,,,,,,,,,
16812,Cumberland Theatre,,"327 Cumberland Street, Brooklyn, NY 11238",Brooklyn,40.6852864,-73.9722914,https://photos.cinematreasures.org/production/photos/47432/1340428046/large.jpg?1340428046,theater_images/16812.jpg,,1938,,Closed,1,Cinema Treasures,https://cinematreasures.org/theaters/16812,9/15/26,,,,,low,Most recent stated closing year retained. Not stated on source page: opening year.,,,,,,,,,,,,,
44389,Cypress Air Drome,,"861 Cypress Avenue, Ridgewood, NY 11385",Queens,40.7001439,-73.90622,,,,unknown,,Closed,1,Cinema Treasures,https://cinematreasures.org/theaters/44389,9/15/26,,,,,medium,"Not stated on source page: opening year, closing year, image. Current-address audit found no confirmed continuation of this theater; it is closed, but the closing year is unknown.",Match,Exact,"861 CYPRESS AVE, RIDGEWOOD, NY, 11385",40.70024489,-73.90629056,56-01,place,house,closed_unknown_date,medium,U.S. Census Geocoder; OpenStreetMap via Photon and Overpass,9/16/26,No matching current theater was found at the geocoded address. Closing date remains unknown.
7892,Dale Theatre,,"189 W. 231st Street, Bronx, NY 10463",Bronx,40.8787734,-73.9042214,https://photos.cinematreasures.org/production/photos/48126/1341166779/large.jpg?1341166779,theater_images/7892.jpg,,unknown,,Closed,2,Cinema Treasures,https://cinematreasures.org/theaters/7892,9/15/26,,,,,medium,"Not stated on source page: opening year, closing year. Current-address audit found no confirmed continuation of this theater; it is closed, but the closing year is unknown.",Match,Exact,"189 W 231ST ST, BRONX, NY, 10463",40.87877702,-73.90423864,189,building,yes,closed_unknown_date,medium,U.S. Census Geocoder; OpenStreetMap via Photon and Overpass,9/16/26,No matching current theater was found at the geocoded address. Closing date remains unknown.
56988,Daly's 63rd Street Theatre,"63rd Street Music Hall, Cort's 63rd Street Theatre, Coburn's 63rd Street Theatre, Recital Theatre, Park Lane Theatre, Gilmore's 63rd Street Theatre, Experimental Theatre","22 W. 63rd Street, New York, NY 10023",Manhattan,40.7706214,-73.9809715,https://photos.cinematreasures.org/production/photos/230456/1515372548/large.jpg?1515372548,theater_images/56988.jpg,1914,unknown,1941,Closed,1,Cinema Treasures,https://cinematreasures.org/theaters/56988,9/15/26,,,,,low,"Most recent stated reopening year retained. Not stated on source page: closing year. Current-address audit found no confirmed continuation of this theater; it is closed, but the closing year is unknown.",Match,Exact,"22 W 63RD ST, NEW YORK, NY, 10023",40.77114395,-73.98172304,1886,place,house,closed_unknown_date,medium,U.S. Census Geocoder; OpenStreetMap via Photon and Overpass,9/16/26,No matching current theater was found at the geocoded address. Closing date remains unknown.
16384,Daly's Theatre,"Banvard's Museum, Wood's Museum and Metropolitan, Broadway Theatre","1221 Broadway, New York, NY 10001",Manhattan,40.7467013,-73.9884858,https://photos.cinematreasures.org/production/photos/157169/1454365044/large.jpg?1454365044,theater_images/16384.jpg,,unknown,,Closed,1,Cinema Treasures,https://cinematreasures.org/theaters/16384,9/15/26,,,,,medium,"Not stated on source page: opening year, closing year. Current-address audit found no confirmed continuation of this theater; it is closed, but the closing year is unknown.",Match,Exact,"1221 BROADWAY, NEW YORK, NY, 10001",40.74652675,-73.98857894,Broadway,highway,living_street,closed_unknown_date,medium,U.S. Census Geocoder; OpenStreetMap via Photon and Overpass,9/16/26,No matching current theater was found at the geocoded address. Closing date remains unknown.
9812,David Cinema,New David Cinema,"236 W. 54th Street, New York, NY 10019",Manhattan,40.7641719,-73.9829912,https://photos.cinematreasures.org/production/photos/56645/1348591108/large.JPG?1348591108,theater_images/9812.jpg,1978,1995,,Closed,1,Cinema Treasures,https://cinematreasures.org/theaters/9812,9/15/26,,,,,low,Opening year is approximate (1978).,,,,,,,,,,,,,
12446,David Cinema,55th Street Cine,"238 W. 55th Street, New York, NY 10019",Manhattan,40.7649615,-73.9827668,https://photos.cinematreasures.org/production/photos/306225/1590028626/large.PNG?1590028626,theater_images/12446.png,1971,unknown,,Closed,1,Cinema Treasures,https://cinematreasures.org/theaters/12446,9/15/26,,,,,low,"Opening year represents an approximate decade reference (1971). Not stated on source page: closing year. Current-address audit found no confirmed continuation of this theater; it is closed, but the closing year is unknown.",Match,Exact,"238 W 55TH ST, NEW YORK, NY, 10019",40.76485875,-73.98266036,230,place,house,closed_unknown_date,medium,U.S. Census Geocoder; OpenStreetMap via Photon and Overpass,9/16/26,No matching current theater was found at the geocoded address. Closing date remains unknown.
11093,David Marcus Theatre,Tuxedo Theatre,"3464 Jerome Avenue, Bronx, NY 10467",Bronx,40.8817729,-73.8820871,https://photos.cinematreasures.org/production/photos/262132/1544736078/large.gif?1544736078,theater_images/11093.gif,,1972,,Closed,1,Cinema Treasures,https://cinematreasures.org/theaters/11093,9/15/26,,,,,low,Closing year is approximate (1972). Not stated on source page: opening year.,,,,,,,,,,,,,
6101,De Luxe Theatre,Belmont Theatre,"650 E. Tremont Avenue, Bronx, NY 10457",Bronx,40.8459928,-73.8924667,https://photos.cinematreasures.org/production/photos/263754/1547595019/large.jpg?1547595019,theater_images/6101.jpg,1920,unknown,,Closed,1,Cinema Treasures,https://cinematreasures.org/theaters/6101,9/15/26,,,,,low,"Opening year is approximate (1920). Not stated on source page: closing year. Current-address audit found no confirmed continuation of this theater; it is closed, but the closing year is unknown.",Match,Exact,"650 E TREMONT AVE, BRONX, NY, 10457",40.84598239,-73.89241265,East Tremont Avenue & Arthur Avenue,highway,bus_stop,closed_unknown_date,medium,U.S. Census Geocoder; OpenStreetMap via Photon and Overpass,9/16/26,No matching current theater was found at the geocoded address. Closing date remains unknown.
4049,De-Luxe Theatre,"Montauk Theatre, Bay Theatre","2001 Bath Avenue, Brooklyn, NY 11214",Brooklyn,40.60147,-74.001099,https://photos.cinematreasures.org/production/photos/187856/1476920566/large.JPG?1476920566,theater_images/4049.jpg,1914,unknown,,Closed,1,Cinema Treasures,https://cinematreasures.org/theaters/4049,9/15/26,,,,,medium,"Not stated on source page: closing year. Current-address audit found no confirmed continuation of this theater; it is closed, but the closing year is unknown.",Match,Exact,"2001 BATH AVE, BROOKLYN, NY, 11214",40.60144376,-74.00143797,8755,place,house,closed_unknown_date,medium,U.S. Census Geocoder; OpenStreetMap via Photon and Overpass,9/16/26,No matching current theater was found at the geocoded address. Closing date remains unknown.
7929,Decatur Theater,,"1674 Broadway, Brooklyn, NY 11207",Brooklyn,40.6841434,-73.9128575,https://photos.cinematreasures.org/production/photos/77359/1375029047/large.JPG?1375029047,theater_images/7929.jpg,1908,1951,,Closed,1,Cinema Treasures,https://cinematreasures.org/theaters/7929,9/15/26,,,,,high,,,,,,,,,,,,,,
11114,Decatur Theatre,"U.S. Theatre, United States Theatre","2715 Webster Avenue, Bronx, NY 10458",Bronx,40.8648517,-73.8874888,https://photos.cinematreasures.org/production/photos/159167/1455841753/large.jpg?1455841753,theater_images/11114.jpg,1916,1950,1938,Closed,1,Cinema Treasures,https://cinematreasures.org/theaters/11114,9/15/26,,,,,low,Most recent stated closing year retained.,,,,,,,,,,,,,
7825,Delmar Theatre,"Gotham Theatre, Del-Mar Theatre","3410 Broadway, New York, NY 10031",Manhattan,40.822204,-73.953156,https://photos.cinematreasures.org/production/photos/6470/1308688807/large.jpg?1308688807,theater_images/7825.jpg,1921,1961,,Closed,1,Cinema Treasures,https://cinematreasures.org/theaters/7825,9/15/26,,,,,high,,,,,,,,,,,,,,
4656,Deluxe Theatre,,"62-02 Roosevelt Avenue, Woodside, NY 11377",Queens,40.7456328,-73.9017029,https://photos.cinematreasures.org/production/photos/8531/1309490759/large.JPG?1309490759,theater_images/4656.jpg,1933,1986,,Closed,1,Cinema Treasures,https://cinematreasures.org/theaters/4656,9/15/26,,,,,high,,,,,,,,,,,,,,
7990,Devon Theatre,Trend Theatre,"241 E. Tremont Avenue, Bronx, NY 10457",Bronx,40.8489977,-73.9047146,https://photos.cinematreasures.org/production/photos/113599/1417638385/large.jpg?1417638385,theater_images/7990.jpg,1930,unknown,,Closed,1,Cinema Treasures,https://cinematreasures.org/theaters/7990,9/15/26,,,,,medium,"Not stated on source page: closing year. Current-address audit found no confirmed continuation of this theater; it is closed, but the closing year is unknown.",Match,Exact,"241 E TREMONT AVE, BRONX, NY, 10457",40.84878799,-73.90347514,East Tremont Avenue,highway,secondary,closed_unknown_date,medium,U.S. Census Geocoder; OpenStreetMap via Photon and Overpass,9/16/26,No matching current theater was found at the geocoded address. Closing date remains unknown.
4531,Dewey Theater,"Homecrest Theatre, Sunshine Theatre","2384 Coney Island Avenue, Brooklyn, NY 11223",Brooklyn,40.5988551,-73.9613845,https://photos.cinematreasures.org/production/photos/261879/1544315279/large.jpg?1544315279,theater_images/4531.jpg,1915,1954,1924,Closed,1,Cinema Treasures,https://cinematreasures.org/theaters/4531,9/15/26,,,,,high,,,,,,,,,,,,,,
21704,Dewey Theatre,,"126 E. 14th Street, New York, NY 10003",Manhattan,40.733345,-73.98823,https://photos.cinematreasures.org/production/photos/173207/1468170941/large.jpg?1468170941,theater_images/21704.jpg,1898,unknown,,Closed,1,Cinema Treasures,https://cinematreasures.org/theaters/21704,9/15/26,,,,,medium,"Not stated on source page: closing year. Current-address audit found no confirmed continuation of this theater; it is closed, but the closing year is unknown.",Match,Exact,"126 E 14TH ST, NEW YORK, NY, 10003",40.7337101,-73.98833394,Farook's Halal Cart,amenity,restaurant,closed_unknown_date,medium,U.S. Census Geocoder; OpenStreetMap via Photon and Overpass,9/16/26,No matching current theater was found at the geocoded address. Closing date remains unknown.
7049,Directors Guild of America Theater,"Normandie Theatre, Cinema Rendezvous, Playboy Theatre, 57th Street Playhouse, Trans-Lux Normandie Theatre","110 W. 57th Street, New York, NY 10019",Manhattan,40.764862,-73.978471,https://photos.cinematreasures.org/production/photos/21675/1313355659/large.JPG?1313355659,theater_images/7049.jpg,1951,,,Open (Showing movies),1,Cinema Treasures,https://cinematreasures.org/theaters/7049,9/15/26,,,,,low,Most recent stated closing year retained.,,,,,,,,,,,,,
10961,Ditmars Theatre,,"22-68 31st Street, Astoria, NY 11105",Queens,40.7782972,-73.9081119,https://photos.cinematreasures.org/production/photos/298707/1583084038/large.jpeg?1583084038,theater_images/10961.jpeg,1936,unknown,,Closed,1,Cinema Treasures,https://cinematreasures.org/theaters/10961,9/15/26,,,,,medium,"Not stated on source page: closing year. Current-address audit found no confirmed continuation of this theater; it is closed, but the closing year is unknown.",Tie,,,,,20-74,building,yes,closed_unknown_date,medium,U.S. Census Geocoder; OpenStreetMap via Photon and Overpass,9/16/26,No matching current theater was found at the geocoded address. Closing date remains unknown.
19040,Ditmas Theater,,"115 Ditmas Avenue, Brooklyn, NY 11218",Brooklyn,40.635892,-73.9775669,https://photos.cinematreasures.org/production/photos/77402/1375108893/large.JPG?1375108893,theater_images/19040.jpg,,1920,,Closed,1,Cinema Treasures,https://cinematreasures.org/theaters/19040,9/15/26,,,,,medium,Not stated on source page: opening year.,,,,,,,,,,,,,
34545,Ditmas Theatre,,"990 McDonald Avenue, Brooklyn, NY 11230",Brooklyn,40.6295206,-73.9773198,https://photos.cinematreasures.org/production/photos/77404/1375110051/large.JPG?1375110051,theater_images/34545.jpg,,unknown,,Closed,1,Cinema Treasures,https://cinematreasures.org/theaters/34545,9/15/26,,,,,medium,"Not stated on source page: opening year, closing year. Current-address audit found no confirmed continuation of this theater; it is closed, but the closing year is unknown.",Match,Exact,"990 MCDONALD AVE, BROOKLYN, NY, 11230",40.62980588,-73.97706104,18th Avenue,railway,platform,closed_unknown_date,medium,U.S. Census Geocoder; OpenStreetMap via Photon and Overpass,9/16/26,No matching current theater was found at the geocoded address. Closing date remains unknown.
11844,DMac Theatre,"Astoria Theatre, Theatre 62, Channel One Video Theater, Fortune Theatre, Andy Warhol's Theatre:Boys to Adore","62 E. 4th Street, New York, NY 10003",Manhattan,40.7265783,-73.9906039,https://photos.cinematreasures.org/production/photos/44642/1337117309/large.jpg?1337117309,theater_images/11844.jpg,,,,Open (Showing movies),1,Cinema Treasures,https://cinematreasures.org/theaters/11844,9/15/26,,,,unresolved_high_priority,medium,Not stated on source page: opening year. External research did not identify a defensible exact opening year.,,,,,,,,,,,,,
17318,Doll Theater,,"719 7th Avenue, New York, NY 10036",Manhattan,40.759617,-73.983967,https://photos.cinematreasures.org/production/photos/28443/1318307645/large.jpg?1318307645,theater_images/17318.jpg,,unknown,,Closed,1,Cinema Treasures,https://cinematreasures.org/theaters/17318,9/15/26,,,,,medium,"Not stated on source page: opening year, closing year. Current-address audit found no confirmed continuation of this theater; it is closed, but the closing year is unknown.",Match,Exact,"719 7TH AVE, NEW YORK, NY, 10036",40.75976179,-73.9841453,719,place,house,closed_unknown_date,medium,U.S. Census Geocoder; OpenStreetMap via Photon and Overpass,9/16/26,No matching current theater was found at the geocoded address. Closing date remains unknown.
36223,Dorchester Theatre,Dorchester Photoplay Theatre,"828 Coney Island Avenue, Brooklyn, NY 11218",Brooklyn,40.638953,-73.968664,https://photos.cinematreasures.org/production/photos/6095/1308592335/large.jpg?1308592335,theater_images/36223.jpg,1910,1920,,Closed,1,Cinema Treasures,https://cinematreasures.org/theaters/36223,9/15/26,,,,,low,Most recent stated closing year retained.,,,,,,,,,,,,,
14777,Douglas Theatre,,"652 Lenox Avenue, New York, NY 10037",Manhattan,40.8188989,-73.9372422,https://photos.cinematreasures.org/production/photos/52073/1344839177/large.jpg?1344839177,theater_images/14777.jpg,,unknown,,Closed,1,Cinema Treasures,https://cinematreasures.org/theaters/14777,9/15/26,,,,,medium,"Not stated on source page: opening year, closing year. Current-address audit found no confirmed continuation of this theater; it is closed, but the closing year is unknown.",Match,Exact,"652 LENOX AVE, NEW YORK, NY, 10037",40.81861894,-73.93747998,Malcolm X Boulevard,highway,secondary,closed_unknown_date,medium,U.S. Census Geocoder; OpenStreetMap via Photon and Overpass,9/16/26,No matching current theater was found at the geocoded address. Closing date remains unknown.
7983,Dover Theatre,,"1723 Boston Road, Bronx, NY 10468",Bronx,40.8369994,-73.8884992,https://photos.cinematreasures.org/production/photos/66836/1360964043/large.jpg?1360964043,theater_images/7983.jpg,1930,unknown,,Closed,1,Cinema Treasures,https://cinematreasures.org/theaters/7983,9/15/26,,,,,low,"Opening year is approximate (1930). Not stated on source page: closing year. Current-address audit found no confirmed continuation of this theater; it is closed, but the closing year is unknown.",Match,Non_Exact,"1723 BOSTON RD, BRONX, NY, 10460",40.83694189,-73.88850548,1717,place,house,closed_unknown_date,medium,U.S. Census Geocoder; OpenStreetMap via Photon and Overpass,9/16/26,No matching current theater was found at the geocoded address. Closing date remains unknown.
4614,Drake Theatre,,"62-90 Woodhaven Boulevard, Rego Park, NY 11374",Queens,40.7246752,-73.8695818,https://photos.cinematreasures.org/production/photos/495499/1757981052/large.jpg?1757981052,theater_images/4614.jpg,1935,2014,1988,Closed,1,Cinema Treasures,https://cinematreasures.org/theaters/4614,9/15/26,,,,,low,Most recent stated closing year retained.,,,,,,,,,,,,,
36290,Dreamland Theatre,,"4410 3rd Avenue, Brooklyn, NY 11232",Brooklyn,40.65143,-74.010221,https://photos.cinematreasures.org/production/photos/7000/1308927890/large.jpg?1308927890,theater_images/36290.jpg,,1915,,Closed,1,Cinema Treasures,https://cinematreasures.org/theaters/36290,9/15/26,,,,,low,Most recent stated closing year retained. Not stated on source page: opening year.,,,,,,,,,,,,,
34823,Driggs Palace,,"206 Driggs Avenue, Brooklyn, NY 11222",Brooklyn,40.7229533,-73.9464365,,,,unknown,,Closed,1,Cinema Treasures,https://cinematreasures.org/theaters/34823,9/15/26,,,,,medium,"Not stated on source page: opening year, closing year, image. Current-address audit found no confirmed continuation of this theater; it is closed, but the closing year is unknown.",Match,Exact,"206 DRIGGS AVE, BROOKLYN, NY, 11222",40.72289671,-73.94647612,206,place,house,closed_unknown_date,medium,U.S. Census Geocoder; OpenStreetMap via Photon and Overpass,9/16/26,No matching current theater was found at the geocoded address. Closing date remains unknown.
14740,Drury Lane Theatre,,"615 8th Avenue, New York, NY 10018",Manhattan,40.7558721,-73.9908101,,,1901,unknown,,Closed,1,Cinema Treasures,https://cinematreasures.org/theaters/14740,9/15/26,,,,,medium,"Not stated on source page: closing year, image. Current-address audit found no confirmed continuation of this theater; it is closed, but the closing year is unknown.",Match,Exact,"615 8TH AVE, NEW YORK, NY, 10018",40.75592908,-73.99082925,West 40th Street,highway,residential,closed_unknown_date,medium,U.S. Census Geocoder; OpenStreetMap via Photon and Overpass,9/16/26,"A nearby mapped venue matched part of the name, but review did not confirm it as the same historical theater; the theater is closed and its closing year remains unknown."
27049,Dyckman Theatre,"Loew's Dyckman Theatre, New Dyckman Theatre","552 W. 207th Street, New York, NY 10034",Manhattan,40.8660407,-73.9201675,https://photos.cinematreasures.org/production/photos/34792/1328105841/large.jpg?1328105841,theater_images/27049.jpg,1913,unknown,,Closed,1,Cinema Treasures,https://cinematreasures.org/theaters/27049,9/15/26,,,,,medium,"Not stated on source page: closing year. Current-address audit found no confirmed continuation of this theater; it is closed, but the closing year is unknown.",Match,Exact,"552 W 207TH ST, NEW YORK, NY, 10034",40.86599529,-73.92020687,West 207th Street,highway,primary,closed_unknown_date,medium,U.S. Census Geocoder; OpenStreetMap via Photon and Overpass,9/16/26,No matching current theater was found at the geocoded address. Closing date remains unknown.
4020,Eagle Theater,Earle Theater,"73-07 37th Road, Jackson Heights, NY 11372",Queens,40.7488875,-73.892614,https://photos.cinematreasures.org/production/photos/33124/1325893327/large.jpg?1325893327,theater_images/4020.jpg,1938,2009,,Closed,1,Cinema Treasures,https://cinematreasures.org/theaters/4020,9/15/26,,,,,high,,,,,,,,,,,,,,
8021,Eagle Theater,"Central Theater, Luxor Theater","431 Central Avenue, Brooklyn, NY 11221",Brooklyn,40.692596,-73.91504,https://photos.cinematreasures.org/production/photos/80601/1378410671/large.jpg?1378410671,theater_images/8021.jpg,1916,1936,,Closed,1,Cinema Treasures,https://cinematreasures.org/theaters/8021,9/15/26,,,,,high,,,,,,,,,,,,,,
13893,Eagle Theatre,New Eagle Theatre,"1852 3rd Avenue, New York, NY 10029",Manhattan,40.7894097,-73.9464763,https://photos.cinematreasures.org/production/photos/6849/1308851761/large.jpg?1308851761,theater_images/13893.jpg,,unknown,,Closed,1,Cinema Treasures,https://cinematreasures.org/theaters/13893,9/15/26,,,,,medium,"Not stated on source page: opening year, closing year. Current-address audit found no confirmed continuation of this theater; it is closed, but the closing year is unknown.",Match,Exact,"1852 3RD AVE, NEW YORK, NY, 10029",40.78919735,-73.94649636,Hushrush,shop,convenience,closed_unknown_date,medium,U.S. Census Geocoder; OpenStreetMap via Photon and Overpass,9/16/26,No matching current theater was found at the geocoded address. Closing date remains unknown.
56980,Earl Carroll Theatre,"Casino Theatre, French Casino, International Casino, Casa Manana","753 7th Avenue, New York, NY 10019",Manhattan,40.7605725,-73.982935,https://photos.cinematreasures.org/production/photos/231816/1516820708/large.gif?1516820708,theater_images/56980.gif,1922,1990,1938,Closed,1,Cinema Treasures,https://cinematreasures.org/theaters/56980,9/15/26,,,,,low,Most recent stated closing year retained. Most recent stated reopening year retained.,,,,,,,,,,,,,
5968,Earl Theatre,,"58 E. 161st Street, Bronx, NY 10452",Bronx,40.8280228,-73.9266322,https://photos.cinematreasures.org/production/photos/198378/1484589893/large.jpg?1484589893,theater_images/5968.jpg,1936,unknown,,Closed,1,Cinema Treasures,https://cinematreasures.org/theaters/5968,9/15/26,,,,,medium,"Not stated on source page: closing year. Current-address audit found no confirmed continuation of this theater; it is closed, but the closing year is unknown.",Match,Non_Exact,"58 E 161ST ST, BRONX, NY, 10451",40.82737966,-73.92531751,CityMD Urgent Care,amenity,clinic,closed_unknown_date,medium,U.S. Census Geocoder; OpenStreetMap via Photon and Overpass,9/16/26,No matching current theater was found at the geocoded address. Closing date remains unknown.
7469,East 86th Street Cinemas,"Yorkville Casino Theatre, 86th Street Casino Theatre, 86th Street East Cinema","210 E. 86th Street, New York, NY 10028",Manhattan,40.7783357,-73.9532437,https://photos.cinematreasures.org/production/photos/363007/1642636807/large.jpg?1642636807,theater_images/7469.jpg,,2019,1935,Closed,4,Cinema Treasures,https://cinematreasures.org/theaters/7469,9/15/26,,,,,low,Most recent stated closing year retained. Not stated on source page: opening year.,,,,,,,,,,,,,
13587,East Side Beauty Theatre,"East Side Beauty Show, Royal Theatre, Finger's Theatre","235 Avenue A, New York, NY 10009",Manhattan,40.7303788,-73.980414,https://photos.cinematreasures.org/production/photos/179060/1472914431/large.gif?1472914431,theater_images/13587.gif,,unknown,,Closed,1,Cinema Treasures,https://cinematreasures.org/theaters/13587,9/15/26,,,,,medium,"Not stated on source page: opening year, closing year. Current-address audit found no confirmed continuation of this theater; it is closed, but the closing year is unknown.",Match,Exact,"235 AVE A, NEW YORK, NY, 10009",40.72997252,-73.98076541,Zaragoza,amenity,restaurant,closed_unknown_date,medium,U.S. Census Geocoder; OpenStreetMap via Photon and Overpass,9/16/26,No matching current theater was found at the geocoded address. Closing date remains unknown.
6231,Eastside Cinema,Eastside Playhouse,"919 3rd Avenue, New York, NY 10022",Manhattan,40.7587327,-73.9677901,https://photos.cinematreasures.org/production/photos/23/1305941562/large.jpg?1305941562,theater_images/6231.jpg,1973,2003,1993,Closed,1,Cinema Treasures,https://cinematreasures.org/theaters/6231,9/15/26,,,,,low,Most recent stated closing year retained.,,,,,,,,,,,,,
8167,Echo Theatre,,"368 Bushwick Avenue, Brooklyn, NY 11206",Brooklyn,40.704046,-73.9386085,https://photos.cinematreasures.org/production/photos/284994/1567397732/large.JPG?1567397732,theater_images/8167.jpg,1921,1941,,Closed,1,Cinema Treasures,https://cinematreasures.org/theaters/8167,9/15/26,,,,,high,,,,,,,,,,,,,,
16933,Eden Theatre,,"409 5th Avenue, Brooklyn, NY 11215",Brooklyn,40.6701717,-73.9854489,https://photos.cinematreasures.org/production/photos/21541/1313255673/large.JPG?1313255673,theater_images/16933.jpg,1910,1937,,Closed,1,Cinema Treasures,https://cinematreasures.org/theaters/16933,9/15/26,,,,,high,,,,,,,,,,,,,,
20650,Eldorado Theatre,,"52 W. 125th Street, New York, NY 10027",Manhattan,40.8070816,-73.9441489,,,1903,unknown,,Closed,1,Cinema Treasures,https://cinematreasures.org/theaters/20650,9/15/26,,,,,medium,"Not stated on source page: closing year, image. Current-address audit found no confirmed continuation of this theater; it is closed, but the closing year is unknown.",Match,Exact,"52 W 125TH ST, NEW YORK, NY, 10027",40.8070695,-73.94397521,52,building,yes,closed_unknown_date,medium,U.S. Census Geocoder; OpenStreetMap via Photon and Overpass,9/16/26,No matching current theater was found at the geocoded address. Closing date remains unknown.
3969,Electra Theater,,"7418 3rd Avenue, Brooklyn, NY 11209",Brooklyn,40.6317016,-74.0277178,https://photos.cinematreasures.org/production/photos/137418/1443197575/large.jpg?1443197575,theater_images/3969.jpg,1913,1953,,Closed,1,Cinema Treasures,https://cinematreasures.org/theaters/3969,9/15/26,,,,,low,Opening year is approximate (1913).,,,,,,,,,,,,,
17723,Ellwest Stereo Theater,,"155 W. 47th Street, New York, NY 10036",Manhattan,40.7588898,-73.9836411,https://photos.cinematreasures.org/production/photos/120152/1426637942/large.jpg?1426637942,theater_images/17723.jpg,,unknown,,Closed,1,Cinema Treasures,https://cinematreasures.org/theaters/17723,9/15/26,,,,,medium,"Not stated on source page: opening year, closing year. Current-address audit found no confirmed continuation of this theater; it is closed, but the closing year is unknown.",Match,Exact,"155 W 47TH ST, NEW YORK, NY, 10036",40.7587237,-73.98331787,155,place,house,closed_unknown_date,medium,U.S. Census Geocoder; OpenStreetMap via Photon and Overpass,9/16/26,No matching current theater was found at the geocoded address. Closing date remains unknown.
17728,Ellwest Stereo Theater,,"723 7th Avenue, New York, NY 10036",Manhattan,40.7600113,-73.9840557,https://photos.cinematreasures.org/production/photos/218193/1504975990/large.JPG?1504975990,theater_images/17728.jpg,,unknown,,Closed,1,Cinema Treasures,https://cinematreasures.org/theaters/17728,9/15/26,,,,,medium,"Not stated on source page: opening year, closing year. Current-address audit found no confirmed continuation of this theater; it is closed, but the closing year is unknown.",Match,Non_Exact,"723 7TH AVE, NEW YORK, NY, 10019",40.7599928,-73.98397866,7th Ave Smoke Shop,shop,tobacco,closed_unknown_date,medium,U.S. Census Geocoder; OpenStreetMap via Photon and Overpass,9/16/26,No matching current theater was found at the geocoded address. Closing date remains unknown.
3857,Elm Theatre,,"1617 Avenue M, Brooklyn, NY 11230",Brooklyn,40.618181,-73.958507,https://photos.cinematreasures.org/production/photos/6065/1308585634/large.jpg?1308585634,theater_images/3857.jpg,1937,1973,,Closed,1,Cinema Treasures,https://cinematreasures.org/theaters/3857,9/15/26,,,,,high,,,,,,,,,,,,,,
66025,Elm Theatre,Elm Hall,"100 Innis Street, Staten Island, NY 10306",Staten Island,40.634156,-74.1443254,https://photos.cinematreasures.org/production/photos/356486/1633530137/large.png?1633530137,theater_images/66025.png,,unknown,,Closed,1,Cinema Treasures,https://cinematreasures.org/theaters/66025,9/15/26,,,,,medium,"Not stated on source page: opening year, closing year. Current-address audit found no confirmed continuation of this theater; it is closed, but the closing year is unknown.",Match,Non_Exact,"100 INNIS ST, STATEN ISLAND, NY, 10302",40.63441676,-74.14527124,Innis Street,highway,residential,closed_unknown_date,medium,U.S. Census Geocoder; OpenStreetMap via Photon and Overpass,9/16/26,No matching current theater was found at the geocoded address. Closing date remains unknown.
1942,Elmwood Theatre,"Queensboro Theatre, Loews Cineplex Elmwood","57-02 Hoffman Drive, Elmhurst, NY 11373",Queens,40.733749,-73.874152,https://photos.cinematreasures.org/production/photos/6/1305870829/large.jpg?1305870829,theater_images/1942.jpg,1928,2002,,Closed,4,Cinema Treasures,https://cinematreasures.org/theaters/1942,9/15/26,,,,,high,,,,,,,,,,,,,,
2931,Elysee Theatre,"John Golden Theatre, Cort's 58th Street Theatre, Filmarte Theatre, Fine Arts Theatre, Concert Theatre","202 W. 58th Street, New York, NY 10019",Manhattan,40.766259,-73.980286,https://photos.cinematreasures.org/production/photos/217208/1503945193/large.jpg?1503945193,theater_images/2931.jpg,,1985,,Closed,1,Cinema Treasures,https://cinematreasures.org/theaters/2931,9/15/26,,,,,medium,Not stated on source page: opening year.,,,,,,,,,,,,,
7212,Embassy 1 Theatre,"Embassy Theatre, Embassy Newsreel Theatre, New Embassy 46th Street Theatre","1560 Broadway, New York, NY 10036",Manhattan,40.758577,-73.984464,https://photos.cinematreasures.org/production/photos/24920/1315434595/large.jpg?1315434595,theater_images/7212.jpg,,2014,2019,Closed,1,Cinema Treasures,https://cinematreasures.org/theaters/7212,9/15/26,,,,,low,Most recent stated closing year retained. Most recent stated reopening year retained. Not stated on source page: opening year.,,,,,,,,,,,,,
501,"Embassy 1,2,3 Theatre","Columbia Theatre, RKO Mayfair Theatre, Loew's Mayfair Theatre, Brandt's Mayfair Theatre, DeMille Theatre, Mark I,II,III Theatre, Embassy 2,3,4 Theatre","707 7th Avenue, New York, NY 10036",Manhattan,40.7594236,-73.9844639,https://photos.cinematreasures.org/production/photos/4742/1308268658/large.jpg?1308268658,theater_images/501.jpg,1910,2013,1930,Closed,3,Cinema Treasures,https://cinematreasures.org/theaters/501,9/15/26,,,,,low,Most recent stated closing year retained.,,,,,,,,,,,,,
2664,Embassy 49th Street Theatre,"Punch and Judy Theatre, Charles Hopkins Theatre, Westminster Cinema, World Theatre","153 W. 49th Street, New York, NY 10019",Manhattan,40.7598449,-73.9822152,https://photos.cinematreasures.org/production/photos/46689/1339531526/large.jpg?1339531526,theater_images/2664.jpg,1914,1987,,Closed,1,Cinema Treasures,https://cinematreasures.org/theaters/2664,9/15/26,,,,,low,Most recent stated closing year retained.,,,,,,,,,,,,,
7826,Embassy 72nd Street Twin 1 and 2,"72nd Street Newsreel Theatre, Embassy 72nd Street Theatre","2089 Broadway, New York, NY 10023",Manhattan,40.7792323,-73.9819664,https://photos.cinematreasures.org/production/photos/42429/1334710751/large.jpg?1334710751,theater_images/7826.jpg,1938,1988,,Closed,2,Cinema Treasures,https://cinematreasures.org/theaters/7826,9/15/26,,,,,high,,,,,,,,,,,,,,
5796,Embassy Theatre,Concord Theatre,"3208 Fulton Street, Brooklyn, NY 11208",Brooklyn,40.6822069,-73.8770308,https://photos.cinematreasures.org/production/photos/261947/1544449681/large.jpg?1544449681,theater_images/5796.jpg,1914,1968,,Closed,1,Cinema Treasures,https://cinematreasures.org/theaters/5796,9/15/26,,,,,high,,,,,,,,,,,,,,
3412,Empire Theater,Leo's Empire Theater,"2094 Richmond Terrace, Staten Island, NY 10302",Staten Island,40.6402874,-74.1330418,https://photos.cinematreasures.org/production/photos/95020/1392554521/large.jpg?1392554521,theater_images/3412.jpg,,1978,,Closed,1,Cinema Treasures,https://cinematreasures.org/theaters/3412,9/15/26,,,,,low,Most recent stated closing year retained. Not stated on source page: opening year.,,,,,,,,,,,,,
7294,Empire Theatre,,"10 Ralph Avenue, Brooklyn, NY 11221",Brooklyn,40.6902672,-73.9242916,https://photos.cinematreasures.org/production/photos/114309/1419291146/large.jpg?1419291146,theater_images/7294.jpg,1908,1953,,Closed,1,Cinema Treasures,https://cinematreasures.org/theaters/7294,9/15/26,,,,,high,,,,,,,,,,,,,,
8222,Empire Theatre,RKO Empire Theatre,"864 Westchester Avenue, Bronx, NY 10459",Bronx,40.8201605,-73.9004201,https://photos.cinematreasures.org/production/photos/67645/1361815207/large.jpg?1361815207,theater_images/8222.jpg,1894,unknown,,Closed,1,Cinema Treasures,https://cinematreasures.org/theaters/8222,9/15/26,,,,,low,"Opening year is approximate (1894). Not stated on source page: closing year. Current-address audit found no confirmed continuation of this theater; it is closed, but the closing year is unknown.",Match,Exact,"864 WESTCHESTER AVE, BRONX, NY, 10459",40.82019136,-73.90045977,860,place,house,closed_unknown_date,medium,U.S. Census Geocoder; OpenStreetMap via Photon and Overpass,9/16/26,No matching current theater was found at the geocoded address. Closing date remains unknown.
41501,Empire Theatre,,"525 Grand Street, Brooklyn, NY 11211",Brooklyn,40.711265,-73.9503189,https://photos.cinematreasures.org/production/photos/77319/1375019017/large.JPG?1375019017,theater_images/41501.jpg,1907,unknown,,Closed,1,Cinema Treasures,https://cinematreasures.org/theaters/41501,9/15/26,,,,,medium,"Not stated on source page: closing year. Current-address audit found no confirmed continuation of this theater; it is closed, but the closing year is unknown.",Match,Exact,"525 GRAND ST, BROOKLYN, NY, 11211",40.71108828,-73.95035905,Dobbin St. Vintage Co-op,shop,antiques,closed_unknown_date,medium,U.S. Census Geocoder; OpenStreetMap via Photon and Overpass,9/16/26,No matching current theater was found at the geocoded address. Closing date remains unknown.
20112,Empress Theater,,"104 W. 116th Street, New York, NY 10026",Manhattan,40.8021782,-73.9500946,,,,unknown,,Closed,1,Cinema Treasures,https://cinematreasures.org/theaters/20112,9/15/26,,,,,medium,"Not stated on source page: opening year, closing year, image. Current-address audit found no confirmed continuation of this theater; it is closed, but the closing year is unknown.",Match,Exact,"104 W 116TH ST, NEW YORK, NY, 10026",40.80257115,-73.95114085,West 116th Street,highway,tertiary,closed_unknown_date,medium,U.S. Census Geocoder; OpenStreetMap via Photon and Overpass,9/16/26,No matching current theater was found at the geocoded address. Closing date remains unknown.
11751,Empress Theatre,Palace Theatre,"882 DeKalb Avenue, Brooklyn, NY 11221",Brooklyn,40.692363,-73.940588,https://photos.cinematreasures.org/production/photos/80657/1378460012/large.JPG?1378460012,theater_images/11751.jpg,1911,2005,1916,Closed,1,Cinema Treasures,https://cinematreasures.org/theaters/11751,9/15/26,,,,,low,Most recent stated closing year retained.,,,,,,,,,,,,,
8357,Endicott Theatre,,"7020 13th Avenue, Brooklyn, NY 11219",Brooklyn,40.6228321,-74.0048299,https://photos.cinematreasures.org/production/photos/283639/1566256922/large.jpg?1566256922,theater_images/8357.jpg,1927,1954,,Closed,1,Cinema Treasures,https://cinematreasures.org/theaters/8357,9/15/26,,,,,high,,,,,,,,,,,,,,
50063,Erie Basin Theatre,,"296 Van Brunt Street, Brooklyn, NY 11231",Brooklyn,40.679587,-74.010637,https://photos.cinematreasures.org/production/photos/136873/1442774638/large.JPG?1442774638,theater_images/50063.jpg,,unknown,,Closed,1,Cinema Treasures,https://cinematreasures.org/theaters/50063,9/15/26,,,,,medium,"Not stated on source page: opening year, closing year. Current-address audit found no confirmed continuation of this theater; it is closed, but the closing year is unknown.",Match,Exact,"296 VAN BRUNT ST, BROOKLYN, NY, 11231",40.67945619,-74.01053423,Van Brunt Street,highway,secondary,closed_unknown_date,medium,U.S. Census Geocoder; OpenStreetMap via Photon and Overpass,9/16/26,No matching current theater was found at the geocoded address. Closing date remains unknown.
9811,Eros Theatre,Eros 1 Theatre,"732 8th Avenue, New York, NY 10036",Manhattan,40.759298,-73.987849,https://photos.cinematreasures.org/production/photos/117520/1423346459/large.jpg?1423346459,theater_images/9811.jpg,1969,1997,,Closed,1,Cinema Treasures,https://cinematreasures.org/theaters/9811,9/15/26,,,,,high,,,,,,,,,,,,,,
7881,Essex Theatre,,"375 Grand Street, New York, NY 10002",Manhattan,40.7163251,-73.9884876,https://photos.cinematreasures.org/production/photos/158124/1455020801/large.png?1455020801,theater_images/7881.png,1962,unknown,,Closed,1,Cinema Treasures,https://cinematreasures.org/theaters/7881,9/15/26,,,,,medium,"Not stated on source page: closing year. Current-address audit found no confirmed continuation of this theater; it is closed, but the closing year is unknown.",Match,Exact,"375 GRAND ST, NEW YORK, NY, 10002",40.71645771,-73.98859854,357,place,house,closed_unknown_date,medium,U.S. Census Geocoder; OpenStreetMap via Photon and Overpass,9/16/26,"A nearby mapped venue matched part of the name, but review did not confirm it as the same historical theater; the theater is closed and its closing year remains unknown."
42131,Euclid Theatre,Elite Theatre,"2707 Pitkin Avenue, Brooklyn, NY 11208",Brooklyn,40.6753494,-73.8723954,,,1914,1940,1936,Closed,1,Cinema Treasures,https://cinematreasures.org/theaters/42131,9/15/26,,,,,medium,Not stated on source page: image.,,,,,,,,,,,,,
8026,Evergreen Theatre,Evergreen Airdrome,"926 Seneca Avenue, Ridgewood, NY 11385",Queens,40.7001736,-73.9032643,https://photos.cinematreasures.org/production/photos/242630/1526162938/large.jpg?1526162938,theater_images/8026.jpg,1913,unknown,,Closed,2,Cinema Treasures,https://cinematreasures.org/theaters/8026,9/15/26,,,,,medium,"Not stated on source page: closing year. Current-address audit found no confirmed continuation of this theater; it is closed, but the closing year is unknown.",Match,Exact,"926 SENECA AVE, RIDGEWOOD, NY, 11385",40.70015749,-73.90334714,Goddess Unisex Salon,shop,beauty,closed_unknown_date,medium,U.S. Census Geocoder; OpenStreetMap via Photon and Overpass,9/16/26,No matching current theater was found at the geocoded address. Closing date remains unknown.
11780,Evergreen Theatre,"Renata Theatre, Soho Cinema, Sobo Theatre","53 E. 11th Street, New York, NY 10003",Manhattan,40.733292,-73.992563,https://photos.cinematreasures.org/production/photos/48562/1341762140/large.jpg?1341762140,theater_images/11780.jpg,1964,,,Open,1,Cinema Treasures,https://cinematreasures.org/theaters/11780,9/15/26,,,,,high,,,,,,,,,,,,,,
4030,Fair Theatre,,"90-18 Astoria Boulevard, East Elmhurst, NY 11369",Queens,40.7633807,-73.8786994,https://photos.cinematreasures.org/production/photos/365333/1646023749/large.jpg?1646023749,theater_images/4030.jpg,1939,,,Open (Showing movies),5,Cinema Treasures,https://cinematreasures.org/theaters/4030,9/15/26,,,,,high,,,,,,,,,,,,,,
16958,Fair Theatre,"Grace Theatre, Miriam Theatre, Navarre Theatre","1830 Coney Island Avenue, Brooklyn, NY 11230",Brooklyn,40.612794,-73.963239,https://photos.cinematreasures.org/production/photos/6057/1308584599/large.jpg?1308584599,theater_images/16958.jpg,1917,unknown,,Closed,1,Cinema Treasures,https://cinematreasures.org/theaters/16958,9/15/26,,,,,medium,"Not stated on source page: closing year. Current-address audit found no confirmed continuation of this theater; it is closed, but the closing year is unknown.",Match,Exact,"1830 CONEY ISLAND AVE, BROOKLYN, NY, 11230",40.61278612,-73.96297996,1834,building,yes,closed_unknown_date,medium,U.S. Census Geocoder; OpenStreetMap via Photon and Overpass,9/16/26,No matching current theater was found at the geocoded address. Closing date remains unknown.
50189,Family Theatre,Princess Theatre,"3186 Fulton Street, Brooklyn, NY 11208",Brooklyn,40.6821878,-73.8772935,https://photos.cinematreasures.org/production/photos/139935/1445350108/large.JPG?1445350108,theater_images/50189.jpg,1909,1915,,Closed,1,Cinema Treasures,https://cinematreasures.org/theaters/50189,9/15/26,,,,,low,Most recent stated closing year retained.,,,,,,,,,,,,,
50191,Family Theatre,,"2831 Fulton Street, Brooklyn, NY 11207",Brooklyn,40.678438,-73.8902449,,,,unknown,,Closed,1,Cinema Treasures,https://cinematreasures.org/theaters/50191,9/15/26,,,,,medium,"Not stated on source page: opening year, closing year, image. Current-address audit found no confirmed continuation of this theater; it is closed, but the closing year is unknown.",Match,Exact,"2831 FULTON ST, BROOKLYN, NY, 11207",40.67833152,-73.89005384,2835,building,yes,closed_unknown_date,medium,U.S. Census Geocoder; OpenStreetMap via Photon and Overpass,9/16/26,No matching current theater was found at the geocoded address. Closing date remains unknown.
6266,Farragut Theatre,,"1401 Flatbush Avenue, Brooklyn, NY 11210",Brooklyn,40.6366146,-73.9514572,https://photos.cinematreasures.org/production/photos/2154/1307140380/large.jpg?1307140380,theater_images/6266.jpg,1920,1959,1963,Closed,1,Cinema Treasures,https://cinematreasures.org/theaters/6266,9/15/26,,,,,low,Closing year is approximate (1959). Most recent stated reopening year retained.,,,,,,,,,,,,,
42237,Farragut Theatre,Farragut Hall,"1371 Rodgers Avenue, Brooklyn, NY 11210",Brooklyn,40.636332,-73.950612,https://photos.cinematreasures.org/production/photos/77432/1375118517/large.JPG?1375118517,theater_images/42237.jpg,1910,1917,,Closed,1,Cinema Treasures,https://cinematreasures.org/theaters/42237,9/15/26,,,,,low,Most recent stated closing year retained.,,,,,,,,,,,,,
8863,Farrell Theatre,,"118-12 Rockaway Boulevard, South Ozone Park, NY 11420",Queens,40.6761677,-73.8195632,,,1940,1955,,Closed,1,Cinema Treasures,https://cinematreasures.org/theaters/8863,9/15/26,,,,,low,Opening year is an upper bound ('prior to/before 1940'). Not stated on source page: image.,,,,,,,,,,,,,
3415,Fifth Avenue Theatre,"Fifth Avenue Opera House, Keith & Proctor's Fifth Avenue Theatre, Proctor's 5th Avenue Theatre","27-31 W. 28th Street, New York, NY 10001",Manhattan,40.745538,-73.9893313,https://photos.cinematreasures.org/production/photos/87593/1384617688/large.JPG?1384617688,theater_images/3415.jpg,1865,unknown,,Closed,1,Cinema Treasures,https://cinematreasures.org/theaters/3415,9/15/26,,,,,medium,"Not stated on source page: closing year. Current-address audit found no confirmed continuation of this theater; it is closed, but the closing year is unknown.",Match,Non_Exact,"31 W 28TH ST, NEW YORK, NY, 10001",40.74548266,-73.98904149,27,place,house,closed_unknown_date,medium,U.S. Census Geocoder; OpenStreetMap via Photon and Overpass,9/16/26,No matching current theater was found at the geocoded address. Closing date remains unknown.
36174,Film at Lincoln Center,Elinor Bunin Munroe Film Center,"144 W. 65th Street, New York, NY 10023",Manhattan,40.773586,-73.984004,https://photos.cinematreasures.org/production/photos/42225/1334539134/large.JPG?1334539134,theater_images/36174.jpg,2011,,,Open (Showing movies),2,Cinema Treasures,https://cinematreasures.org/theaters/36174,9/15/26,,,,,high,,,,,,,,,,,,,,
5957,Film Forum,,"209 W. Houston Street, New York, NY 10014",Manhattan,40.7284283,-74.0043534,https://photos.cinematreasures.org/production/photos/18/1305940519/large.jpg?1305940519,theater_images/5957.jpg,1970,,2018,Open (Showing movies),4,Cinema Treasures,https://cinematreasures.org/theaters/5957,9/15/26,Art House New York,https://arthouseny.org/film-forum,9/15/26,verified_external,high,Opening year verified from Art House New York.,,,,,,,,,,,,,
14194,Film Forum 1 & 2,,"57 Watts Street, New York, NY 10013",Manhattan,40.7233078,-74.0055756,https://photos.cinematreasures.org/production/photos/223372/1510038036/large.jpg?1510038036,theater_images/14194.jpg,,1981,,Closed,2,Cinema Treasures,https://cinematreasures.org/theaters/14194,9/15/26,,,,,medium,Not stated on source page: opening year.,,,,,,,,,,,,,
64711,Film Noir Cinema,,"122 Meserole Avenue, Brooklyn, NY 11222",Brooklyn,40.7273005,-73.9515454,https://photos.cinematreasures.org/production/photos/341504/1617365141/large.jpg?1617365141,theater_images/64711.jpg,2017,,,Open (Showing movies),1,Cinema Treasures,https://cinematreasures.org/theaters/64711,9/15/26,,,,,high,,,,,,,,,,,,,,
6371,Fine Arts Theatre,,"128 E. 58th Street, New York, NY 10022",Manhattan,40.7618236,-73.969195,https://photos.cinematreasures.org/production/photos/150250/1450819713/large.gif?1450819713,theater_images/6371.gif,1951,1978,,Closed,1,Cinema Treasures,https://cinematreasures.org/theaters/6371,9/15/26,,,,,high,,,,,,,,,,,,,,
68947,Firehouse Cinema,,"87 Lafayette Street, New York, NY 10013",Manhattan,40.7173462,-74.001236,,,2022,,,Open (Showing movies),1,Cinema Treasures,https://cinematreasures.org/theaters/68947,9/15/26,,,,,medium,Not stated on source page: image.,,,,,,,,,,,,,
23938,First Avenue Theater,,"5 1st Avenue, New York, NY 10003",Manhattan,40.7231329,-73.9885163,https://photos.cinematreasures.org/production/photos/341814/1617647431/large.png?1617647431,theater_images/23938.png,,unknown,,Closed,1,Cinema Treasures,https://cinematreasures.org/theaters/23938,9/15/26,,,,,medium,"Not stated on source page: opening year, closing year. Current-address audit found no confirmed continuation of this theater; it is closed, but the closing year is unknown.",Match,Exact,"5 1ST AVE, NEW YORK, NY, 10003",40.72342592,-73.98842502,Superbueno,amenity,bar,closed_unknown_date,medium,U.S. Census Geocoder; OpenStreetMap via Photon and Overpass,9/16/26,No matching current theater was found at the geocoded address. Closing date remains unknown.
7470,Fisk Theatre,"Apollo Theatre, Winfield Theatre","68-02 Woodside Avenue, Woodside, NY 11377",Queens,40.7426477,-73.8962411,https://photos.cinematreasures.org/production/photos/241010/1524678971/large.gif?1524678971,theater_images/7470.gif,1914,unknown,,Closed,1,Cinema Treasures,https://cinematreasures.org/theaters/7470,9/15/26,,,,,medium,"Not stated on source page: closing year. Current-address audit found no confirmed continuation of this theater; it is closed, but the closing year is unknown.",Match,Exact,"68-02 WOODSIDE AVE, WOODSIDE, NY, 11377",40.74272108,-73.89608285,Woodside Avenue,highway,tertiary,closed_unknown_date,medium,U.S. Census Geocoder; OpenStreetMap via Photon and Overpass,9/16/26,No matching current theater was found at the geocoded address. Closing date remains unknown.
4713,Five Towns Theatre,,"253-01 Rockaway Boulevard, Rosedale, NY 11422",Queens,40.637203,-73.740341,https://photos.cinematreasures.org/production/photos/10434/1310069770/large.JPG?1310069770,theater_images/4713.jpg,1970,1982,,Closed,1,Cinema Treasures,https://cinematreasures.org/theaters/4713,9/15/26,,,,,high,,,,,,,,,,,,,,
2106,Flatbush Pavilion,"Bunny Theatre, Plaza Theatre, Plaza Twin","314 Flatbush Avenue, Brooklyn, NY 11238",Brooklyn,40.6770972,-73.972425,https://photos.cinematreasures.org/production/photos/265875/1550870821/large.jpg?1550870821,theater_images/2106.jpg,,2004,,Closed,2,Cinema Treasures,https://cinematreasures.org/theaters/2106,9/15/26,,,,,medium,Not stated on source page: opening year.,,,,,,,,,,,,,
5874,Flatbush Theatre,"Werba's Theatre, B.F. Keith's Flatbush Theatre, Brandt's Flatbush Theatre","2207 Church Avenue, Brooklyn, NY 11226",Brooklyn,40.6504223,-73.9584431,https://photos.cinematreasures.org/production/photos/6861/1308853668/large.jpg?1308853668,theater_images/5874.jpg,,1952,,Closed,1,Cinema Treasures,https://cinematreasures.org/theaters/5874,9/15/26,,,,,medium,Not stated on source page: opening year.,,,,,,,,,,,,,
7879,Fleetwood Theatre,,"1000 Morris Avenue, Bronx, NY 10456",Bronx,40.8289223,-73.9165206,https://photos.cinematreasures.org/production/photos/102490/1402614873/large.jpg?1402614873,theater_images/7879.jpg,1927,1958,,Closed,1,Cinema Treasures,https://cinematreasures.org/theaters/7879,9/15/26,,,,,high,,,,,,,,,,,,,,
60227,Florence Theatre,,"331 Bowery, New York, NY 10003",Manhattan,,,https://photos.cinematreasures.org/production/photos/279184/1563551540/large.JPG?1563551540,theater_images/60227.jpg,,unknown,,Closed,1,Cinema Treasures,https://cinematreasures.org/theaters/60227,9/15/26,,,,,medium,"Not stated on source page: opening year, closing year, coordinates. Current-address audit found no confirmed continuation of this theater; it is closed, but the closing year is unknown.",Match,Exact,"331 BOWERY, NEW YORK, NY, 10003",40.72587081,-73.99190115,Bowery,highway,primary,closed_unknown_date,medium,U.S. Census Geocoder; OpenStreetMap via Photon and Overpass,9/16/26,No matching current theater was found at the geocoded address. Closing date remains unknown.
7026,Folly Theatre,Fox's Folly Theatre,"15 Debevoise Street, Brooklyn, NY 11206",Brooklyn,40.7016226,-73.9425419,https://photos.cinematreasures.org/production/photos/122627/1428856099/large.jpg?1428856099,theater_images/7026.jpg,1901,1939,,Closed,1,Cinema Treasures,https://cinematreasures.org/theaters/7026,9/15/26,,,,,high,,,,,,,,,,,,,,
55798,Forsyth Theatre,,"Forsyth Street, New York, NY 10002",Manhattan,40.7188482,-73.9925927,,,1927,1931,,Closed,1,Cinema Treasures,https://cinematreasures.org/theaters/55798,9/15/26,,,,,low,Most recent stated closing year retained. Not stated on source page: image.,,,,,,,,,,,,,
36038,Fort Hamilton Army Base Theater,,"403 General Robert E. Lee Avenue, Brooklyn, NY 11209",Brooklyn,40.700165,-73.953856,https://photos.cinematreasures.org/production/photos/120897/1427556329/large.jpg?1427556329,theater_images/36038.jpg,,,,Open,1,Cinema Treasures,https://cinematreasures.org/theaters/36038,9/15/26,,,,unresolved_high_priority,medium,Not stated on source page: opening year. External research did not identify a defensible exact opening year.,,,,,,,,,,,,,
29185,Fort Jay Theatre,,"Owasco Road at Division Road, New York, NY 11231",Brooklyn,40.6913772,-74.0157457,,,2009,1996,,Closed,1,Cinema Treasures,https://cinematreasures.org/theaters/29185,9/15/26,,,,,medium,Not stated on source page: image.,,,,,,,,,,,,,
7786,Forum Theatre,"Teatro Puerto Rico, Cinema Center","490 E. 138th Street, Bronx, NY 10454",Bronx,40.807242,-73.919983,https://photos.cinematreasures.org/production/photos/224114/1510595152/large.jpg?1510595152,theater_images/7786.jpg,1923,1994,,Closed,3,Cinema Treasures,https://cinematreasures.org/theaters/7786,9/15/26,,,,,high,,,,,,,,,,,,,,
36288,Fourth Avenue Showhouse,Fourth Avenue Playhouse,"706 Fourth Avenue, Brooklyn, NY 11232",Brooklyn,40.662689,-73.995935,https://photos.cinematreasures.org/production/photos/6996/1308924636/large.jpg?1308924636,theater_images/36288.jpg,1914,1929,,Closed,1,Cinema Treasures,https://cinematreasures.org/theaters/36288,9/15/26,,,,,low,Most recent stated closing year retained.,,,,,,,,,,,,,
6058,Fox Kew Gardens Theatre,,"118-01 Queens Boulevard, Kew Gardens, NY 11375",Queens,40.7149998,-73.8315564,https://photos.cinematreasures.org/production/photos/495498/1757980828/large.jpg?1757980828,theater_images/6058.jpg,1929,unknown,,Closed,1,Cinema Treasures,https://cinematreasures.org/theaters/6058,9/15/26,,,,,medium,"Not stated on source page: closing year. Current-address audit found no confirmed continuation of this theater; it is closed, but the closing year is unknown.",Match,Non_Exact,"118-01 QUEENS BLVD, FOREST HILLS, NY, 11375",40.71512183,-73.83212528,78th Avenue,highway,residential,closed_unknown_date,medium,U.S. Census Geocoder; OpenStreetMap via Photon and Overpass,9/16/26,No matching current theater was found at the geocoded address. Closing date remains unknown.
602,Fox Theatre,Fabian Fox Theatre,"20 Flatbush Avenue, Brooklyn, NY 11217",Brooklyn,40.6886461,-73.9808778,https://photos.cinematreasures.org/production/photos/23944/1314627089/large.jpg?1314627089,theater_images/602.jpg,1928,1966,,Closed,1,Cinema Treasures,https://cinematreasures.org/theaters/602,9/15/26,,,,,high,,,,,,,,,,,,,,
14362,Franklin Theatre,,"440 Lenox Avenue, New York, NY 10037",Manhattan,40.8119962,-73.9420995,https://photos.cinematreasures.org/production/photos/143235/1447336631/large.jpg?1447336631,theater_images/14362.jpg,,unknown,,Closed,1,Cinema Treasures,https://cinematreasures.org/theaters/14362,9/15/26,,,,,medium,"Not stated on source page: opening year, closing year. Current-address audit found no confirmed continuation of this theater; it is closed, but the closing year is unknown.",Match,Exact,"440 LENOX AVE, NEW YORK, NY, 10037",40.8120754,-73.94225576,440,place,house,closed_unknown_date,medium,U.S. Census Geocoder; OpenStreetMap via Photon and Overpass,9/16/26,No matching current theater was found at the geocoded address. Closing date remains unknown.
7920,Freeman Theatre,,"1240 Southern Boulevard, Bronx, NY 10459",Bronx,40.8297968,-73.8918634,https://photos.cinematreasures.org/production/photos/123680/1430093936/large.jpg?1430093936,theater_images/7920.jpg,1922,2015,,Closed,1,Cinema Treasures,https://cinematreasures.org/theaters/7920,9/15/26,,,,,low,Opening year is approximate (1922).,,,,,,,,,,,,,
17449,Frisco Theatre,New Mini Cinema,"732 7th Avenue, New York, NY 10019",Manhattan,40.7602577,-73.9841329,https://photos.cinematreasures.org/production/photos/162011/1458040415/large.jpg?1458040415,theater_images/17449.jpg,1969,unknown,,Closed,1,Cinema Treasures,https://cinematreasures.org/theaters/17449,9/15/26,,,,,medium,"Not stated on source page: closing year. Current-address audit found no confirmed continuation of this theater; it is closed, but the closing year is unknown.",Match,Exact,"732 7TH AVE, NEW YORK, NY, 10019",40.7602065,-73.98399753,BMT Broadway Line,railway,subway,closed_unknown_date,medium,U.S. Census Geocoder; OpenStreetMap via Photon and Overpass,9/16/26,No matching current theater was found at the geocoded address. Closing date remains unknown.
14687,Fugazy Theatre,,"150 W. Houston Street, New York, NY 10012",Manhattan,40.7280706,-74.0020505,https://photos.cinematreasures.org/production/photos/84436/1382124035/large.jpg?1382124035,theater_images/14687.jpg,1923,1929,,Closed,1,Cinema Treasures,https://cinematreasures.org/theaters/14687,9/15/26,,,,,high,,,,,,,,,,,,,,
30517,G & M Theatre,,"448 Bushwick Avenue, Brooklyn, NY 11206",Brooklyn,40.7020619,-73.937084,,,,unknown,,Closed,1,Cinema Treasures,https://cinematreasures.org/theaters/30517,9/15/26,,,,,medium,"Not stated on source page: opening year, closing year, image. Current-address audit found no confirmed continuation of this theater; it is closed, but the closing year is unknown.",Match,Exact,"448 BUSHWICK AVE, BROOKLYN, NY, 11206",40.70152297,-73.93690197,464,building,yes,closed_unknown_date,medium,U.S. Census Geocoder; OpenStreetMap via Photon and Overpass,9/16/26,No matching current theater was found at the geocoded address. Closing date remains unknown.
9809,Gaiety Burlesk,"Kings Cinema, New Paris Cinema, Pussycat Cinema, Pussycat Theatre, Gaiety Male Burlesk","201 W. 46th Street, New York, NY 10036",Manhattan,40.7586034,-73.9850822,https://photos.cinematreasures.org/production/photos/138061/1443748554/large.jpg?1443748554,theater_images/9809.jpg,,2005,,Closed,1,Cinema Treasures,https://cinematreasures.org/theaters/9809,9/15/26,,,,,medium,Not stated on source page: opening year.,,,,,,,,,,,,,
20223,Gane's Manhattan Theatre,Manhattan Theatre,"1240 Broadway, New York, NY 10001",Manhattan,40.747727,-73.987829,https://photos.cinematreasures.org/production/photos/94280/1391632281/large.PNG?1391632281,theater_images/20223.png,1909,unknown,,Closed,1,Cinema Treasures,https://cinematreasures.org/theaters/20223,9/15/26,,,,,medium,"Not stated on source page: closing year. Current-address audit found no confirmed continuation of this theater; it is closed, but the closing year is unknown.",Match,Exact,"1240 BROADWAY, NEW YORK, NY, 10001",40.74729049,-73.98827803,Saher USA Inc.,shop,clothes,closed_unknown_date,medium,U.S. Census Geocoder; OpenStreetMap via Photon and Overpass,9/16/26,No matching current theater was found at the geocoded address. Closing date remains unknown.
16397,Ganes Theatre,"Eagle Variety Theatre, Standard Theatre, Manhattan Theatre","102 W. 33rd Street, New York, NY 10001",Manhattan,40.7491763,-73.9884793,https://photos.cinematreasures.org/production/photos/165946/1461799525/large.jpg?1461799525,theater_images/16397.jpg,1875,unknown,,Closed,1,Cinema Treasures,https://cinematreasures.org/theaters/16397,9/15/26,,,,,medium,"Not stated on source page: closing year. Current-address audit found no confirmed continuation of this theater; it is closed, but the closing year is unknown.",Match,Exact,"102 W 33RD ST, NEW YORK, NY, 10001",40.74914754,-73.98842737,IND Sixth Avenue Line,railway,subway,closed_unknown_date,medium,U.S. Census Geocoder; OpenStreetMap via Photon and Overpass,9/16/26,No matching current theater was found at the geocoded address. Closing date remains unknown.
6629,Garden Theater,,"113-12 Jamaica Avenue, Queens, NY 11421",Queens,40.698114,-73.835131,https://photos.cinematreasures.org/production/photos/52030/1344805387/large.jpg?1344805387,theater_images/6629.jpg,,unknown,,Closed,1,Cinema Treasures,https://cinematreasures.org/theaters/6629,9/15/26,,,,,medium,"Not stated on source page: opening year, closing year. Current-address audit found no confirmed continuation of this theater; it is closed, but the closing year is unknown.",No_Match,,,,,Jamaica Avenue & 114th Street,highway,bus_stop,closed_unknown_date,medium,U.S. Census Geocoder; OpenStreetMap via Photon and Overpass,9/16/26,No matching current theater was found at the geocoded address. Closing date remains unknown.
11234,Garden Theater,,"742 Manhattan Avenue, Brooklyn, NY 11222",Brooklyn,40.7264837,-73.9522253,https://photos.cinematreasures.org/production/photos/327028/1607720008/large.jpg?1607720008,theater_images/11234.jpg,1906,1929,,Closed,1,Cinema Treasures,https://cinematreasures.org/theaters/11234,9/15/26,,,,,low,Opening year is approximate (1906).,,,,,,,,,,,,,
5845,Garden Theatre,,"4601 New Utrecht Avenue, Brooklyn, NY 11219",Brooklyn,40.6389784,-73.9942692,https://photos.cinematreasures.org/production/photos/264730/1549089320/large.jpg?1549089320,theater_images/5845.jpg,,unknown,,Closed,1,Cinema Treasures,https://cinematreasures.org/theaters/5845,9/15/26,,,,,medium,"Not stated on source page: opening year, closing year. Current-address audit found no confirmed continuation of this theater; it is closed, but the closing year is unknown.",Match,Exact,"4601 NEW UTRECHT AVE, BROOKLYN, NY, 11219",40.639087,-73.99435802,46th Street,highway,residential,closed_unknown_date,medium,U.S. Census Geocoder; OpenStreetMap via Photon and Overpass,9/16/26,No matching current theater was found at the geocoded address. Closing date remains unknown.
8000,Garden Theatre,,"2755 Webster Avenue, Bronx, NY 10458",Bronx,40.865787,-73.886828,https://photos.cinematreasures.org/production/photos/291091/1573860092/large.jpg?1573860092,theater_images/8000.jpg,1914,1926,,Closed,1,Cinema Treasures,https://cinematreasures.org/theaters/8000,9/15/26,,,,,high,,,,,,,,,,,,,,
8442,Garden Theatre,,"130-35 Merrick Boulevard, Springfield Gardens, NY 11434",Queens,40.680845,-73.761895,https://photos.cinematreasures.org/production/photos/224032/1510553748/large.jpg?1510553748,theater_images/8442.jpg,1925,unknown,,Closed,1,Cinema Treasures,https://cinematreasures.org/theaters/8442,9/15/26,,,,,medium,"Not stated on source page: closing year. Current-address audit found no confirmed continuation of this theater; it is closed, but the closing year is unknown.",Match,Non_Exact,"130-35 MERRICK BLVD, JAMAICA, NY, 11434",40.68017219,-73.76239109,130-29,place,house,closed_unknown_date,medium,U.S. Census Geocoder; OpenStreetMap via Photon and Overpass,9/16/26,No matching current theater was found at the geocoded address. Closing date remains unknown.
34896,Garden Theatre,,"393 Grand Street, Brooklyn, NY 11211",Brooklyn,40.7118436,-73.9542651,,,,unknown,,Closed,1,Cinema Treasures,https://cinematreasures.org/theaters/34896,9/15/26,,,,,medium,"Not stated on source page: opening year, closing year, image. Current-address audit found no confirmed continuation of this theater; it is closed, but the closing year is unknown.",Match,Exact,"393 GRAND ST, BROOKLYN, NY, 11211",40.71237338,-73.9555988,Gertie,amenity,restaurant,closed_unknown_date,medium,U.S. Census Geocoder; OpenStreetMap via Photon and Overpass,9/16/26,No matching current theater was found at the geocoded address. Closing date remains unknown.
50182,Garden Theatre,,"1048 46th Street, Brooklyn, NY 11219",Brooklyn,40.6398638,-73.9958317,https://photos.cinematreasures.org/production/photos/139728/1445184492/large.JPG?1445184492,theater_images/50182.jpg,,1916,,Closed,1,Cinema Treasures,https://cinematreasures.org/theaters/50182,9/15/26,,,,,medium,Not stated on source page: opening year.,,,,,,,,,,,,,
4078,Garfield Theater,,"269 5th Avenue, Brooklyn, NY 11215",Brooklyn,40.6739641,-73.9820137,https://photos.cinematreasures.org/production/photos/22216/1313621963/large.jpg?1313621963,theater_images/4078.jpg,1925,1958,,Closed,1,Cinema Treasures,https://cinematreasures.org/theaters/4078,9/15/26,,,,,low,Most recent stated closing year retained.,,,,,,,,,,,,,
11737,Garrick Cinema,"New Andy Warhol Garrick Theatre, Andy Warhol's Garrick Cinema, Little Fox Theatre, Nickelodeon","152 Bleecker Street, New York, NY 10012",Manhattan,40.7283687,-73.9996117,https://photos.cinematreasures.org/production/photos/263051/1546435078/large.jpg?1546435078,theater_images/11737.jpg,1964,unknown,,Closed,1,Cinema Treasures,https://cinematreasures.org/theaters/11737,9/15/26,,,,,low,"Opening year is an upper bound ('prior to/before 1964'). Not stated on source page: closing year. Current-address audit found no confirmed continuation of this theater; it is closed, but the closing year is unknown.",Match,Exact,"152 BLEECKER ST, NEW YORK, NY, 10012",40.72831528,-73.99960048,154,place,house,closed_unknown_date,medium,U.S. Census Geocoder; OpenStreetMap via Photon and Overpass,9/16/26,No matching current theater was found at the geocoded address. Closing date remains unknown.
36366,Gayety Theatre,,"18-22 Throop Avenue, Brooklyn, NY 11206",Brooklyn,40.704118,-73.948436,https://photos.cinematreasures.org/production/photos/45840/1338403465/large.jpg?1338403465,theater_images/36366.jpg,1892,unknown,,Closed,1,Cinema Treasures,https://cinematreasures.org/theaters/36366,9/15/26,,,,,medium,"Not stated on source page: closing year. Current-address audit found no confirmed continuation of this theater; it is closed, but the closing year is unknown.",Match,Non_Exact,"22 THROOP AVE, BROOKLYN, NY, 11206",40.70448774,-73.94889756,12,place,house,closed_unknown_date,medium,U.S. Census Geocoder; OpenStreetMap via Photon and Overpass,9/16/26,No matching current theater was found at the geocoded address. Closing date remains unknown.
10653,Gem Theatre,Adelphi Thetare,"3355 Fulton Street, Brooklyn, NY 11208",Brooklyn,40.6838166,-73.8716659,https://photos.cinematreasures.org/production/photos/264731/1549089799/large.jpg?1549089799,theater_images/10653.jpg,1914,1954,1939,Closed,1,Cinema Treasures,https://cinematreasures.org/theaters/10653,9/15/26,,,,,low,Most recent stated reopening year retained.,,,,,,,,,,,,,
14730,Gem Theatre,"Crescent Theatre, New Crescent Theatre, New Gem Theatre","36 W. 135th Street, New York, NY 10037",Manhattan,40.8134831,-73.9394317,,,1909,1935,,Closed,1,Cinema Treasures,https://cinematreasures.org/theaters/14730,9/15/26,,,,,low,Closing year is approximate (1935). Most recent stated closing year retained. Not stated on source page: image.,,,,,,,,,,,,,
14742,Gem Theatre,Classic Theatre,"564 W. 181st Street, New York, NY 10033",Manhattan,40.848931,-73.933581,https://photos.cinematreasures.org/production/photos/3959/1307915634/large.jpg?1307915634,theater_images/14742.jpg,,unknown,,Closed,1,Cinema Treasures,https://cinematreasures.org/theaters/14742,9/15/26,,,,,medium,"Not stated on source page: opening year, closing year. Current-address audit found no confirmed continuation of this theater; it is closed, but the closing year is unknown.",Match,Exact,"564 W 181ST ST, NEW YORK, NY, 10033",40.8489966,-73.93312214,West 181st Street & Saint Nicholas Avenue,highway,bus_stop,closed_unknown_date,medium,U.S. Census Geocoder; OpenStreetMap via Photon and Overpass,9/16/26,No matching current theater was found at the geocoded address. Closing date remains unknown.
4330,Geo. M. Cohan Theatre,Geo. M. Cohan's Theatre,"1482 Broadway, New York, NY 10036",Manhattan,40.7562962,-73.9862367,https://photos.cinematreasures.org/production/photos/94150/1391475859/large.jpg?1391475859,theater_images/4330.jpg,1911,unknown,,Closed,1,Cinema Treasures,https://cinematreasures.org/theaters/4330,9/15/26,,,,,medium,"Not stated on source page: closing year. Current-address audit found no confirmed continuation of this theater; it is closed, but the closing year is unknown.",Match,Exact,"1482 BROADWAY, NEW YORK, NY, 10036",40.7555083,-73.98641382,Times Square–42nd Street,railway,stop,closed_unknown_date,medium,U.S. Census Geocoder; OpenStreetMap via Photon and Overpass,9/16/26,No matching current theater was found at the geocoded address. Closing date remains unknown.
22465,Germania Air-Drome,,"19-37 Greene Avenue, Ridgewood, NY 11385",Queens,40.708555,-73.90896,,,1915,unknown,,Closed,1,Cinema Treasures,https://cinematreasures.org/theaters/22465,9/15/26,,,,,medium,"Not stated on source page: closing year, image. Current-address audit found no confirmed continuation of this theater; it is closed, but the closing year is unknown.",Match,Exact,"19-37 GREENE AVE, RIDGEWOOD, NY, 11385",40.70791572,-73.90970683,1915,building,apartments,closed_unknown_date,medium,U.S. Census Geocoder; OpenStreetMap via Photon and Overpass,9/16/26,No matching current theater was found at the geocoded address. Closing date remains unknown.
3920,Glen Oaks Theater,,"255-01 Union Turnpike, Glen Oaks, NY 11004",Queens,40.745127,-73.7157518,https://photos.cinematreasures.org/production/photos/157153/1454363290/large.jpg?1454363290,theater_images/3920.jpg,,unknown,,Closed,1,Cinema Treasures,https://cinematreasures.org/theaters/3920,9/15/26,,,,,medium,"Not stated on source page: opening year, closing year. Current-address audit found no confirmed continuation of this theater; it is closed, but the closing year is unknown.",Match,Exact,"255-01 UNION TPKE, GLEN OAKS, NY, 11004",40.74509653,-73.71574464,75-54,building,yes,closed_unknown_date,medium,U.S. Census Geocoder; OpenStreetMap via Photon and Overpass,9/16/26,No matching current theater was found at the geocoded address. Closing date remains unknown.
10952,Glenwood Theater,Antoinette Theater,"1475 Flatbush Avenue, Brooklyn, NY 11210",Brooklyn,40.634587,-73.9492738,https://photos.cinematreasures.org/production/photos/6994/1308922515/large.jpg?1308922515,theater_images/10952.jpg,1914,1939,,Closed,1,Cinema Treasures,https://cinematreasures.org/theaters/10952,9/15/26,,,,,low,Closing year is approximate (1939).,,,,,,,,,,,,,
4623,Glenwood Theatre,,"60-60 Myrtle Avenue, Ridgewood, NY 11385",Queens,40.700459,-73.895707,https://photos.cinematreasures.org/production/photos/242634/1526165433/large.jpg?1526165433,theater_images/4623.jpg,1921,unknown,,Closed,1,Cinema Treasures,https://cinematreasures.org/theaters/4623,9/15/26,,,,,medium,"Not stated on source page: closing year. Current-address audit found no confirmed continuation of this theater; it is closed, but the closing year is unknown.",Match,Exact,"60-60 MYRTLE AVE, RIDGEWOOD, NY, 11385",40.70061283,-73.89601402,Decatur Street & Myrtle Avenue,highway,bus_stop,closed_unknown_date,medium,U.S. Census Geocoder; OpenStreetMap via Photon and Overpass,9/16/26,No matching current theater was found at the geocoded address. Closing date remains unknown.
9021,Globe Theater,,"640 Pelham Parkway S, Bronx, NY 10462",Bronx,40.856308,-73.868016,https://photos.cinematreasures.org/production/photos/55841/1348088790/large.jpg?1348088790,theater_images/9021.jpg,1946,unknown,,Closed,1,Cinema Treasures,https://cinematreasures.org/theaters/9021,9/15/26,,,,,medium,"Not stated on source page: closing year. Current-address audit found no confirmed continuation of this theater; it is closed, but the closing year is unknown.",Match,Exact,"640 PELHAM PKWY S, BRONX, NY, 10462",40.85656247,-73.86829778,626,building,yes,closed_unknown_date,medium,U.S. Census Geocoder; OpenStreetMap via Photon and Overpass,9/16/26,No matching current theater was found at the geocoded address. Closing date remains unknown.
3882,Globe Theatre,"Sander's Globe Theatre, Brandt's Globe Theatre","226 15th Street, Brooklyn, NY 11215",Brooklyn,40.665047,-73.98895,https://photos.cinematreasures.org/production/photos/5686/1308503012/large.jpg?1308503012,theater_images/3882.jpg,1913,1957,,Closed,1,Cinema Treasures,https://cinematreasures.org/theaters/3882,9/15/26,,,,,high,,,,,,,,,,,,,,
23784,Globe Theatre,,"7 Sumpter Street, Brooklyn, NY 11233",Brooklyn,40.679437,-73.926777,https://photos.cinematreasures.org/production/photos/264722/1549065617/large.jpg?1549065617,theater_images/23784.jpg,,unknown,,Closed,1,Cinema Treasures,https://cinematreasures.org/theaters/23784,9/15/26,,,,,medium,"Not stated on source page: opening year, closing year. Current-address audit found no confirmed continuation of this theater; it is closed, but the closing year is unknown.",Match,Exact,"7 SUMPTER ST, BROOKLYN, NY, 11233",40.67922879,-73.92644563,17,building,apartments,closed_unknown_date,medium,U.S. Census Geocoder; OpenStreetMap via Photon and Overpass,9/16/26,No matching current theater was found at the geocoded address. Closing date remains unknown.
5359,Gloria Theater,,"395 Court Street, Brooklyn, NY 11231",Brooklyn,40.6798452,-73.9969911,https://photos.cinematreasures.org/production/photos/5694/1308504854/large.jpg?1308504854,theater_images/5359.jpg,1925,1952,,Closed,1,Cinema Treasures,https://cinematreasures.org/theaters/5359,9/15/26,,,,,high,,,,,,,,,,,,,,
13579,Glory Theatre,"Victoria Theatre, Betsy Ross Theatre, Cannon Movies","112-114 Cannon Street, New York, NY 10002",Manhattan,40.7151586,-73.9803169,https://photos.cinematreasures.org/production/photos/264021/1547941587/large.jpg?1547941587,theater_images/13579.jpg,,unknown,,Closed,1,Cinema Treasures,https://cinematreasures.org/theaters/13579,9/15/26,,,,,medium,"Not stated on source page: opening year, closing year. Current-address audit found no confirmed continuation of this theater; it is closed, but the closing year is unknown.",No_Match,,,,,Cannon Street,highway,service,closed_unknown_date,medium,U.S. Census Geocoder; OpenStreetMap via Photon and Overpass,9/16/26,No matching current theater was found at the geocoded address. Closing date remains unknown.
20008,Glory Theatre,Park Palace Theatre,"71 Park Avenue, Brooklyn, NY 11205",Brooklyn,40.6964162,-73.9779741,,,,unknown,,Closed,1,Cinema Treasures,https://cinematreasures.org/theaters/20008,9/15/26,,,,,medium,"Not stated on source page: opening year, closing year, image. Current-address audit found no confirmed continuation of this theater; it is closed, but the closing year is unknown.",Match,Non_Exact,"71 PARK AVE, BROOKLYN, NY, 11201",40.69656499,-73.97898561,Park Avenue,highway,secondary,closed_unknown_date,medium,U.S. Census Geocoder; OpenStreetMap via Photon and Overpass,9/16/26,No matching current theater was found at the geocoded address. Closing date remains unknown.
11115,Gold Theatre,,"176 Sands Street, Brooklyn, NY 11201",Brooklyn,40.6996881,-73.9816848,https://photos.cinematreasures.org/production/photos/263167/1546643039/large.jpg?1546643039,theater_images/11115.jpg,,1953,,Closed,1,Cinema Treasures,https://cinematreasures.org/theaters/11115,9/15/26,,,,,medium,Not stated on source page: opening year.,,,,,,,,,,,,,
44421,Golden Rod Theatre,,"College Point Boulevard and 21st Avenue, College Point, NY 11356",Queens,40.7808477,-73.8459983,,,,unknown,,Closed,1,Cinema Treasures,https://cinematreasures.org/theaters/44421,9/15/26,,,,,medium,"Not stated on source page: opening year, closing year, image. Current-address audit found no confirmed continuation of this theater; it is closed, but the closing year is unknown.",Match,Exact,"COLLEGE POINT BLVD & 21ST AVE, COLLEGE POINT, NY, 11356",40.78085472,-73.8459841,20-30,place,house,closed_unknown_date,medium,U.S. Census Geocoder; OpenStreetMap via Photon and Overpass,9/16/26,No matching current theater was found at the geocoded address. Closing date remains unknown.
14696,Golden Rule Theatre,,"125 Rivington Street, New York, NY 10002",Manhattan,40.719512,-73.987228,https://photos.cinematreasures.org/production/photos/120156/1426639656/large.jpg?1426639656,theater_images/14696.jpg,,unknown,,Closed,1,Cinema Treasures,https://cinematreasures.org/theaters/14696,9/15/26,,,,,medium,"Not stated on source page: opening year, closing year. Current-address audit found no confirmed continuation of this theater; it is closed, but the closing year is unknown.",Match,Exact,"125 RIVINGTON ST, NEW YORK, NY, 10002",40.7196402,-73.98711057,Rivington Street,highway,residential,closed_unknown_date,medium,U.S. Census Geocoder; OpenStreetMap via Photon and Overpass,9/16/26,No matching current theater was found at the geocoded address. Closing date remains unknown.
55796,Golden Rule Theatre,,"3755 3rd Avenue, Bronx, NY 10456",Bronx,40.8357207,-73.9030315,,,1926,unknown,,Closed,1,Cinema Treasures,https://cinematreasures.org/theaters/55796,9/15/26,,,,,low,"Opening year is an upper bound ('prior to/before 1926'). Not stated on source page: closing year, image. Current-address audit found no confirmed continuation of this theater; it is closed, but the closing year is unknown.",Match,Exact,"3755 3RD AVE, BRONX, NY, 10456",40.83556361,-73.9032327,Third Avenue,highway,secondary,closed_unknown_date,medium,U.S. Census Geocoder; OpenStreetMap via Photon and Overpass,9/16/26,No matching current theater was found at the geocoded address. Closing date remains unknown.
29546,Golden Theatre,"Theatre Masque, John Golden Theatre","252 W. 45th Street, New York, NY 10036",Manhattan,40.758713,-73.98795,https://photos.cinematreasures.org/production/photos/45123/1337749586/large.jpg?1337749586,theater_images/29546.jpg,1927,,,Open,1,Cinema Treasures,https://cinematreasures.org/theaters/29546,9/15/26,,,,,high,,,,,,,,,,,,,,
8062,Gotham Theater,"Brooklyn Music Hall, New Gotham Theater","2562 Fulton Street, Brooklyn, NY 11207",Brooklyn,40.6771936,-73.9012124,https://photos.cinematreasures.org/production/photos/45999/1338526372/large.jpg?1338526372,theater_images/8062.jpg,,unknown,,Closed,1,Cinema Treasures,https://cinematreasures.org/theaters/8062,9/15/26,,,,,medium,"Not stated on source page: opening year, closing year. Current-address audit found no confirmed continuation of this theater; it is closed, but the closing year is unknown.",Match,Exact,"2562 FULTON ST, BROOKLYN, NY, 11207",40.67711583,-73.90091373,Fulton Street,highway,secondary,closed_unknown_date,medium,U.S. Census Geocoder; OpenStreetMap via Photon and Overpass,9/16/26,No matching current theater was found at the geocoded address. Closing date remains unknown.
6523,Gotham Theatre,"Gotham Music Hall, Odeon Theatre, Bon-Ton Theatre, New 125th Street Theatre, Triboro Theatre, Latino Theatre","165 E. 125th Street, New York, NY 10035",Manhattan,40.8041027,-73.9363817,https://photos.cinematreasures.org/production/photos/213544/1499734848/large.png?1499734848,theater_images/6523.png,1903,unknown,,Closed,1,Cinema Treasures,https://cinematreasures.org/theaters/6523,9/15/26,,,,,medium,"Not stated on source page: closing year. Current-address audit found no confirmed continuation of this theater; it is closed, but the closing year is unknown.",Match,Exact,"165 E 125TH ST, NEW YORK, NY, 10035",40.80409367,-73.93660402,East 125th Street & 3rd Avenue,highway,bus_stop,closed_unknown_date,medium,U.S. Census Geocoder; OpenStreetMap via Photon and Overpass,9/16/26,No matching current theater was found at the geocoded address. Closing date remains unknown.
13549,Governor Theatre,"Chatham Theatre, New Chatham Square Theatre","5 Chatham Square, New York, NY 10038",Manhattan,40.714054,-73.998458,https://photos.cinematreasures.org/production/photos/43746/1336185048/large.jpg?1336185048,theater_images/13549.jpg,,unknown,,Closed,1,Cinema Treasures,https://cinematreasures.org/theaters/13549,9/15/26,,,,,medium,"Not stated on source page: opening year, closing year. Current-address audit found no confirmed continuation of this theater; it is closed, but the closing year is unknown.",Match,Exact,"5 CHATHAM SQ, NEW YORK, NY, 10038",40.71368536,-73.99792143,Chatham Square,highway,primary,closed_unknown_date,medium,U.S. Census Geocoder; OpenStreetMap via Photon and Overpass,9/16/26,No matching current theater was found at the geocoded address. Closing date remains unknown.
3864,Grace Theatre,White House Theatre,"2 Whipple Street, Brooklyn, NY 11206",Brooklyn,40.7002297,-73.9462648,https://photos.cinematreasures.org/production/photos/1229/1306863338/large.jpg?1306863338,theater_images/3864.jpg,1922,1937,,Closed,1,Cinema Treasures,https://cinematreasures.org/theaters/3864,9/15/26,,,,,high,,,,,,,,,,,,,,
6189,Gracie Square Theatre,Park Lane Theatre,"1726 1st Avenue, New York, NY 10128",Manhattan,40.7791603,-73.947689,https://photos.cinematreasures.org/production/photos/187724/1476821848/large.gif?1476821848,theater_images/6189.gif,1927,1955,,Closed,1,Cinema Treasures,https://cinematreasures.org/theaters/6189,9/15/26,,,,,low,Most recent stated closing year retained.,,,,,,,,,,,,,
3862,Graham Cinema,Graham Theater,"3171 Whitney Avenue, Brooklyn, NY 11229",Brooklyn,40.5980952,-73.9324253,https://photos.cinematreasures.org/production/photos/109050/1411333646/large.jpg?1411333646,theater_images/3862.jpg,,unknown,,Closed,1,Cinema Treasures,https://cinematreasures.org/theaters/3862,9/15/26,,,,,medium,"Not stated on source page: opening year, closing year. Current-address audit found no confirmed continuation of this theater; it is closed, but the closing year is unknown.",Match,Exact,"3171 WHITNEY AVE, BROOKLYN, NY, 11229",40.59813653,-73.93204661,Whitney Avenue,highway,residential,closed_unknown_date,medium,U.S. Census Geocoder; OpenStreetMap via Photon and Overpass,9/16/26,No matching current theater was found at the geocoded address. Closing date remains unknown.
5740,Graham Theater,"Reel Theater, Capri Theater","279 Graham Avenue, Brooklyn, NY 11211",Brooklyn,40.712013,-73.9441124,https://photos.cinematreasures.org/production/photos/261420/1543700254/large.gif?1543700254,theater_images/5740.gif,,unknown,,Closed,1,Cinema Treasures,https://cinematreasures.org/theaters/5740,9/15/26,,,,,medium,"Not stated on source page: opening year, closing year. Current-address audit found no confirmed continuation of this theater; it is closed, but the closing year is unknown.",Match,Exact,"279 GRAHAM AVE, BROOKLYN, NY, 11211",40.71204627,-73.94405366,279,place,house,closed_unknown_date,medium,U.S. Census Geocoder; OpenStreetMap via Photon and Overpass,9/16/26,No matching current theater was found at the geocoded address. Closing date remains unknown.
6113,Gramercy Theater,"Gramercy Park Theater, Blender Theater at Gramercy","127 E. 23rd Street, New York, NY 10010",Manhattan,40.7399,-73.984911,https://photos.cinematreasures.org/production/photos/215685/1502206568/large.gif?1502206568,theater_images/6113.gif,1937,,,Open,1,Cinema Treasures,https://cinematreasures.org/theaters/6113,9/15/26,,,,,high,,,,,,,,,,,,,,
21781,Gramercy Theater,,"310 1st Avenue, New York, NY 10009",Manhattan,40.733877,-73.980303,https://photos.cinematreasures.org/production/photos/264025/1547942109/large.jpg?1547942109,theater_images/21781.jpg,1943,1947,,Closed,1,Cinema Treasures,https://cinematreasures.org/theaters/21781,9/15/26,,,,,low,Most recent stated closing year retained.,,,,,,,,,,,,,
3924,Granada Theatre,"Filmland Theatre, Crescent Theatre, Avoca Villa Theatre","2819 Church Avenue, Brooklyn, NY 11226",Brooklyn,40.6508919,-73.9507816,https://photos.cinematreasures.org/production/photos/186694/1476411717/large.jpg?1476411717,theater_images/3924.jpg,1921,2020,,Closed,1,Cinema Treasures,https://cinematreasures.org/theaters/3924,9/15/26,,,,,low,Most recent stated closing year retained.,,,,,,,,,,,,,
8794,Granada Theatre,,"101-02 37th Avenue, Corona, NY 11368",Queens,40.7527942,-73.8661514,https://photos.cinematreasures.org/production/photos/262006/1544542770/large.gif?1544542770,theater_images/8794.gif,1927,unknown,,Closed,1,Cinema Treasures,https://cinematreasures.org/theaters/8794,9/15/26,,,,,medium,"Not stated on source page: closing year. Current-address audit found no confirmed continuation of this theater; it is closed, but the closing year is unknown.",Match,Exact,"101-02 37TH AVE, CORONA, NY, 11368",40.75274406,-73.86615419,Laundromat,shop,laundry,closed_unknown_date,medium,U.S. Census Geocoder; OpenStreetMap via Photon and Overpass,9/16/26,No matching current theater was found at the geocoded address. Closing date remains unknown.
3766,Grand Central Theatre,,"89 E. 42nd Street, New York, NY 10017",Manhattan,40.7525703,-73.9776273,https://photos.cinematreasures.org/production/photos/127479/1434020971/large.png?1434020971,theater_images/3766.png,1937,unknown,,Closed,1,Cinema Treasures,https://cinematreasures.org/theaters/3766,9/15/26,,,,,medium,"Not stated on source page: closing year. Current-address audit found no confirmed continuation of this theater; it is closed, but the closing year is unknown.",Match,Exact,"89 E 42ND ST, NEW YORK, NY, 10017",40.75254138,-73.97851443,East 42nd Street,highway,primary,closed_unknown_date,medium,U.S. Census Geocoder; OpenStreetMap via Photon and Overpass,9/16/26,No matching current theater was found at the geocoded address. Closing date remains unknown.
61844,Grand Prospect Hall,"Prospect Hall, Idle Hour Motion Picture Theatre","263 Prospect Avenue, Brooklyn, NY 11215",Brooklyn,40.6639811,-73.9894209,https://photos.cinematreasures.org/production/photos/298922/1583608251/large.jpg?1583608251,theater_images/61844.jpg,1910,unknown,,Closed,1,Cinema Treasures,https://cinematreasures.org/theaters/61844,9/15/26,,,,,medium,"Not stated on source page: closing year. Current-address audit found no confirmed continuation of this theater; it is closed, but the closing year is unknown.",Match,Exact,"263 PROSPECT AVE, BROOKLYN, NY, 11215",40.66362923,-73.98954431,Prospect Avenue,highway,tertiary,closed_unknown_date,medium,U.S. Census Geocoder; OpenStreetMap via Photon and Overpass,9/16/26,No matching current theater was found at the geocoded address. Closing date remains unknown.
6611,Grand Pussycat Cinema,"Trans-Lux Broadway Theatre, Trans-Lux West Theatre, Embassy 49th Street Theatre, Bryan West Theatre, West Theatre","1607 Broadway, New York, NY 10019",Manhattan,40.7606506,-73.9845463,https://photos.cinematreasures.org/production/photos/363010/1642654106/large.jpg?1642654106,theater_images/6611.jpg,1936,1981,1967,Closed,1,Cinema Treasures,https://cinematreasures.org/theaters/6611,9/15/26,,,,,high,,,,,,,,,,,,,,
630,Grand Theatre,,"22-15 31st Street, Astoria, NY 11105",Queens,40.775521,-73.9112077,https://photos.cinematreasures.org/production/photos/9156/1309741263/large.JPG?1309741263,theater_images/630.jpg,1924,1960,,Closed,1,Cinema Treasures,https://cinematreasures.org/theaters/630,9/15/26,,,,,low,Most recent stated closing year retained.,,,,,,,,,,,,,
6491,Grand Theatre,,"743 Grand Street, Brooklyn, NY 11211",Brooklyn,40.7117419,-73.9430789,https://photos.cinematreasures.org/production/photos/29826/1320003585/large.jpg?1320003585,theater_images/6491.jpg,1913,unknown,,Closed,1,Cinema Treasures,https://cinematreasures.org/theaters/6491,9/15/26,,,,,medium,"Not stated on source page: closing year. Current-address audit found no confirmed continuation of this theater; it is closed, but the closing year is unknown.",Match,Exact,"743 GRAND ST, BROOKLYN, NY, 11211",40.71176298,-73.94324719,Indian Kitchen,amenity,restaurant,closed_unknown_date,medium,U.S. Census Geocoder; OpenStreetMap via Photon and Overpass,9/16/26,No matching current theater was found at the geocoded address. Closing date remains unknown.
41214,Grand Theatre,,"257 Grand Street, New York, NY 10002",Manhattan,40.7181343,-73.9938663,https://photos.cinematreasures.org/production/photos/209903/1496354993/large.jpg?1496354993,theater_images/41214.jpg,1903,unknown,,Closed,1,Cinema Treasures,https://cinematreasures.org/theaters/41214,9/15/26,,,,,medium,"Not stated on source page: closing year. Current-address audit found no confirmed continuation of this theater; it is closed, but the closing year is unknown.",Match,Exact,"257 GRAND ST, NEW YORK, NY, 10002",40.71815739,-73.99406645,CT Seafood Marts,shop,seafood,closed_unknown_date,medium,U.S. Census Geocoder; OpenStreetMap via Photon and Overpass,9/16/26,No matching current theater was found at the geocoded address. Closing date remains unknown.
41505,Grand Unique Theatre,,"615 Grand Street, Brooklyn, NY 11211",Brooklyn,40.7115099,-73.947621,,,,unknown,,Closed,1,Cinema Treasures,https://cinematreasures.org/theaters/41505,9/15/26,,,,,medium,"Not stated on source page: opening year, closing year, image. Current-address audit found no confirmed continuation of this theater; it is closed, but the closing year is unknown.",Match,Exact,"615 GRAND ST, BROOKLYN, NY, 11211",40.7113536,-73.94750739,Mad For Chicken,amenity,restaurant,closed_unknown_date,medium,U.S. Census Geocoder; OpenStreetMap via Photon and Overpass,9/16/26,No matching current theater was found at the geocoded address. Closing date remains unknown.
9160,Grand View Theatre,,"716 Woodward Avenue, Ridgewood, NY 11385",Queens,40.7046285,-73.9052678,,,1912,1915,,Closed,1,Cinema Treasures,https://cinematreasures.org/theaters/9160,9/15/26,,,,,low,Most recent stated closing year retained. Not stated on source page: image.,,,,,,,,,,,,,
7897,Grandview Theater,,"659 Grandview Avenue, Ridgewood, NY 11385",Queens,40.7077245,-73.9042953,https://photos.cinematreasures.org/production/photos/1230/1306863466/large.jpg?1306863466,theater_images/7897.jpg,,unknown,,Closed,1,Cinema Treasures,https://cinematreasures.org/theaters/7897,9/15/26,,,,,medium,"Not stated on source page: opening year, closing year. Current-address audit found no confirmed continuation of this theater; it is closed, but the closing year is unknown.",Match,Exact,"6-59 GRANDVIEW AVE, RIDGEWOOD, NY, 11385",40.70768715,-73.90414289,Jun-69,place,house,closed_unknown_date,medium,U.S. Census Geocoder; OpenStreetMap via Photon and Overpass,9/16/26,No matching current theater was found at the geocoded address. Closing date remains unknown.
14694,Grange Theatre,,"11 Hamilton Place, New York, NY 10031",Manhattan,40.8211029,-73.9538992,https://photos.cinematreasures.org/production/photos/6466/1308688390/large.jpg?1308688390,theater_images/14694.jpg,,unknown,,Closed,1,Cinema Treasures,https://cinematreasures.org/theaters/14694,9/15/26,,,,,medium,"Not stated on source page: opening year, closing year. Current-address audit found no confirmed continuation of this theater; it is closed, but the closing year is unknown.",Match,Exact,"11 HAMILTON PL, NEW YORK, NY, 10031",40.82123472,-73.95361914,Hamilton Place,highway,pedestrian,closed_unknown_date,medium,U.S. Census Geocoder; OpenStreetMap via Photon and Overpass,9/16/26,No matching current theater was found at the geocoded address. Closing date remains unknown.
27035,Great Kills Theatre,,"3997 Amboy Road, Staten Island, NY 10308",Staten Island,40.5502893,-74.1508342,,,,unknown,,Closed,1,Cinema Treasures,https://cinematreasures.org/theaters/27035,9/15/26,,,,,medium,"Not stated on source page: opening year, closing year, image. Current-address audit found no confirmed continuation of this theater; it is closed, but the closing year is unknown.",Match,Exact,"3997 AMBOY RD, STATEN ISLAND, NY, 10308",40.55008256,-74.15085241,Nelson Avenue & Amboy Road,highway,bus_stop,closed_unknown_date,medium,U.S. Census Geocoder; OpenStreetMap via Photon and Overpass,9/16/26,No matching current theater was found at the geocoded address. Closing date remains unknown.
11987,Greeley Theatre,Loew's Greeley Square Theatre,"857 Avenue of the Americas, New York, NY 10013",Manhattan,40.7474495,-73.9897805,https://photos.cinematreasures.org/production/photos/175948/1470837846/large.gif?1470837846,theater_images/11987.gif,1911,1950,,Closed,1,Cinema Treasures,https://cinematreasures.org/theaters/11987,9/15/26,,,,,low,Most recent stated closing year retained.,,,,,,,,,,,,,
13492,Green Street Arcade Theater,Arcade Theater,"153 Green Street, Brooklyn, NY 11222",Brooklyn,40.733858,-73.9554519,https://photos.cinematreasures.org/production/photos/7958/1309283751/large.jpg?1309283751,theater_images/13492.jpg,,unknown,,Closed,1,Cinema Treasures,https://cinematreasures.org/theaters/13492,9/15/26,,,,,medium,"Not stated on source page: opening year, closing year. Current-address audit found no confirmed continuation of this theater; it is closed, but the closing year is unknown.",Match,Exact,"153 GREEN ST, BROOKLYN, NY, 11222",40.73372933,-73.95556395,151,building,apartments,closed_unknown_date,medium,U.S. Census Geocoder; OpenStreetMap via Photon and Overpass,9/16/26,No matching current theater was found at the geocoded address. Closing date remains unknown.
34820,Greenpoint Star Theatre,Rosenson's Theatre,"257 Driggs Avenue, Brooklyn, NY 11222",Brooklyn,40.7226611,-73.9480278,,,,unknown,,Closed,1,Cinema Treasures,https://cinematreasures.org/theaters/34820,9/15/26,,,,,medium,"Not stated on source page: opening year, closing year, image. Current-address audit found no confirmed continuation of this theater; it is closed, but the closing year is unknown.",Match,Exact,"257 DRIGGS AVE, BROOKLYN, NY, 11222",40.72260903,-73.94802005,257,place,house,closed_unknown_date,medium,U.S. Census Geocoder; OpenStreetMap via Photon and Overpass,9/16/26,No matching current theater was found at the geocoded address. Closing date remains unknown.
23985,Greenwich Theatre,Village Theatre,"115 8th Avenue, New York, NY 10011",Manhattan,40.7407276,-74.0018389,https://photos.cinematreasures.org/production/photos/269854/1555655642/large.jpg?1555655642,theater_images/23985.jpg,1917,unknown,,Closed,1,Cinema Treasures,https://cinematreasures.org/theaters/23985,9/15/26,,,,,low,"Opening year is approximate (1917). Not stated on source page: closing year. Current-address audit found no confirmed continuation of this theater; it is closed, but the closing year is unknown.",Match,Exact,"115 8TH AVE, NEW YORK, NY, 10011",40.74106112,-74.00165624,Citi Bike - 8 Ave & W 16 St,amenity,bicycle_rental,closed_unknown_date,medium,U.S. Census Geocoder; OpenStreetMap via Photon and Overpass,9/16/26,No matching current theater was found at the geocoded address. Closing date remains unknown.
23974,Greenwich Village Theatre,,"220 W. 4th Street, New York, NY 10014",Manhattan,40.733778,-74.003168,https://photos.cinematreasures.org/production/photos/145926/1448381594/large.jpg?1448381594,theater_images/23974.jpg,1917,unknown,,Closed,1,Cinema Treasures,https://cinematreasures.org/theaters/23974,9/15/26,,,,,medium,"Not stated on source page: closing year. Current-address audit found no confirmed continuation of this theater; it is closed, but the closing year is unknown.",Match,Exact,"220 W 4TH ST, NEW YORK, NY, 10014",40.73402612,-74.0029759,Citi Bike - W 4 St & 7 Ave S,amenity,bicycle_rental,closed_unknown_date,medium,U.S. Census Geocoder; OpenStreetMap via Photon and Overpass,9/16/26,"A nearby mapped venue matched part of the name, but review did not confirm it as the same historical theater; the theater is closed and its closing year remains unknown."
8034,Grove Theater,"Jefferson Casino Theater, Wilson Theater, Rige Theater","474 Wilson Avenue, Brooklyn, NY 11221",Brooklyn,40.6927926,-73.9118507,https://photos.cinematreasures.org/production/photos/262687/1545866865/large.jpg?1545866865,theater_images/8034.jpg,1912,1951,,Closed,1,Cinema Treasures,https://cinematreasures.org/theaters/8034,9/15/26,,,,,low,Most recent stated closing year retained.,,,,,,,,,,,,,
1077,Guild 50th Street Theater,"Newsreel Theater, Embassy Newsreel Theater","33 W. 50th Street, New York, NY 10020",Manhattan,40.7587309,-73.9776061,https://photos.cinematreasures.org/production/photos/206/1306347429/large.jpg?1306347429,theater_images/1077.jpg,1938,1999,,Closed,1,Cinema Treasures,https://cinematreasures.org/theaters/1077,9/15/26,,,,,high,,,,,,,,,,,,,,
7027,Halsey Theatre,,"928 Halsey Street, Brooklyn, NY 11233",Brooklyn,40.685531,-73.9172892,https://photos.cinematreasures.org/production/photos/260638/1542720572/large.jpg?1542720572,theater_images/7027.jpg,1912,1943,,Closed,1,Cinema Treasures,https://cinematreasures.org/theaters/7027,9/15/26,,,,,high,,,,,,,,,,,,,,
50181,Hamilton Theatre,Hamilton Vaudeville Theatre,"3805 Fort Hamilton Parkway, Brooklyn, NY 11218",Brooklyn,40.6434633,-73.9900224,https://photos.cinematreasures.org/production/photos/139724/1445183047/large.JPG?1445183047,theater_images/50181.jpg,1911,1911,,Closed,1,Cinema Treasures,https://cinematreasures.org/theaters/50181,9/15/26,,,,,high,,,,,,,,,,,,,,
1182,Hammerstein's Victoria Theatre,,"1481 Broadway, New York, NY 10036",Manhattan,40.756842,-73.9858404,https://photos.cinematreasures.org/production/photos/160760/1457137737/large.jpg?1457137737,theater_images/1182.jpg,1899,unknown,,Closed,1,Cinema Treasures,https://cinematreasures.org/theaters/1182,9/15/26,,,,,medium,"Not stated on source page: closing year. Current-address audit found no confirmed continuation of this theater; it is closed, but the closing year is unknown.",Match,Non_Exact,"1481 BROADWAY, NEW YORK, NY, 10018",40.75483011,-73.98678192,"Times Square–42nd Street (N,Q,R,W)",railway,platform,closed_unknown_date,low,U.S. Census Geocoder; OpenStreetMap via Photon and Overpass,9/16/26,"A nearby mapped venue matched part of the name, but review did not confirm it as the same historical theater; the theater is closed and its closing year remains unknown."
50068,Hanover Theatre,"Electric Theatre, Cameraphone","571 Fulton Street, Brooklyn, NY 11201",Brooklyn,40.6895567,-73.9819851,https://photos.cinematreasures.org/production/photos/136959/1442852697/large.JPG?1442852697,theater_images/50068.jpg,1906,1920,,Closed,1,Cinema Treasures,https://cinematreasures.org/theaters/50068,9/15/26,,,,,high,,,,,,,,,,,,,,
4085,Happy Hour Theatre,,"234 Columbia Street, Brooklyn, NY 11231",Brooklyn,40.6840956,-74.0031778,https://photos.cinematreasures.org/production/photos/210368/1496928982/large.jpg?1496928982,theater_images/4085.jpg,,1966,,Closed,1,Cinema Treasures,https://cinematreasures.org/theaters/4085,9/15/26,,,,,medium,Not stated on source page: opening year.,,,,,,,,,,,,,
27032,Happyland Park Theatre,,"Sand Lane, Staten Island, NY 10305",Staten Island,40.5949526,-74.0694741,https://photos.cinematreasures.org/production/photos/356512/1633544909/large.png?1633544909,theater_images/27032.png,1906,1935,,Closed,1,Cinema Treasures,https://cinematreasures.org/theaters/27032,9/15/26,,,,,high,,,,,,,,,,,,,,
3890,Harbor Theatre,,"9215 4th Avenue, Brooklyn, NY 11209",Brooklyn,40.6178033,-74.0303038,https://photos.cinematreasures.org/production/photos/167151/1462798007/large.JPG?1462798007,theater_images/3890.jpg,1935,1979,,Closed,1,Cinema Treasures,https://cinematreasures.org/theaters/3890,9/15/26,,,,,high,,,,,,,,,,,,,,
66032,Harbor Theatre,,"3005 Richmond Terrace, Staten Island, NY 10303",Staten Island,40.637193,-74.1600444,https://photos.cinematreasures.org/production/photos/356577/1633628604/large.png?1633628604,theater_images/66032.png,1914,1925,,Closed,1,Cinema Treasures,https://cinematreasures.org/theaters/66032,9/15/26,,,,,high,,,,,,,,,,,,,,
17459,Harem Theatre,,"249 W. 42nd Street, New York, NY 10036",Manhattan,40.7569978,-73.9891962,https://photos.cinematreasures.org/production/photos/26934/1316653298/large.jpg?1316653298,theater_images/17459.jpg,1970,1995,,Closed,1,Cinema Treasures,https://cinematreasures.org/theaters/17459,9/15/26,,,,,high,,,,,,,,,,,,,,
27056,Harlem Grand Theatre,Harlem Strand Theatre,"117 E. 125th Street, New York, NY 10035",Manhattan,40.8047637,-73.9383004,https://photos.cinematreasures.org/production/photos/34254/1327341401/large.jpg?1327341401,theater_images/27056.jpg,,unknown,,Closed,1,Cinema Treasures,https://cinematreasures.org/theaters/27056,9/15/26,,,,,medium,"Not stated on source page: opening year, closing year. Current-address audit found no confirmed continuation of this theater; it is closed, but the closing year is unknown.",Match,Exact,"117 E 125TH ST, NEW YORK, NY, 10035",40.80474279,-73.93814092,La Sinagoga,amenity,place_of_worship,closed_unknown_date,medium,U.S. Census Geocoder; OpenStreetMap via Photon and Overpass,9/16/26,No matching current theater was found at the geocoded address. Closing date remains unknown.
533,Harlem Opera House,Keith & Proctor's Harlem Opera House,"211 W. 125th Street, New York, NY 10027",Manhattan,40.8092855,-73.94902,https://photos.cinematreasures.org/production/photos/138751/1444247554/large.jpg?1444247554,theater_images/533.jpg,1889,unknown,,Closed,1,Cinema Treasures,https://cinematreasures.org/theaters/533,9/15/26,,,,,medium,"Not stated on source page: closing year. Current-address audit found no confirmed continuation of this theater; it is closed, but the closing year is unknown.",Match,Exact,"211 W 125TH ST, NEW YORK, NY, 10027",40.80916607,-73.94863281,209,place,house,closed_unknown_date,medium,U.S. Census Geocoder; OpenStreetMap via Photon and Overpass,9/16/26,No matching current theater was found at the geocoded address. Closing date remains unknown.
2657,Harris Theatre,"Candler Theatre, Cohan and Harris Theatre, Sam H. Harris Theatre, The Academy","226 W. 42nd Street, New York, NY 10036",Manhattan,40.7564739,-73.9880431,https://photos.cinematreasures.org/production/photos/26932/1316653098/large.jpg?1316653098,theater_images/2657.jpg,1914,2026,,Closed,1,Cinema Treasures,https://cinematreasures.org/theaters/2657,9/15/26,,,,,high,,,,,,,,,,,,,,
4613,Haven Theatre,Forest Park Theatre,"80-16 Jamaica Avenue, Woodhaven, NY 11421",Queens,40.69193,-73.861707,https://photos.cinematreasures.org/production/photos/6336/1308637218/large.jpg?1308637218,theater_images/4613.jpg,1914,1936,,Closed,1,Cinema Treasures,https://cinematreasures.org/theaters/4613,9/15/26,,,,,high,,,,,,,,,,,,,,
11143,Haven Theatre,"Peerless Theatre, Mott Haven Theatre","310 E. 138th Street, Bronx, NY 10454",Bronx,40.8105969,-73.9264743,https://photos.cinematreasures.org/production/photos/158692/1455497411/large.jpg?1455497411,theater_images/11143.jpg,,unknown,,Closed,1,Cinema Treasures,https://cinematreasures.org/theaters/11143,9/15/26,,,,,medium,"Not stated on source page: opening year, closing year. Current-address audit found no confirmed continuation of this theater; it is closed, but the closing year is unknown.",Match,Exact,"310 E 138TH ST, BRONX, NY, 10454",40.81032434,-73.9258958,3rd Avenue–138th Street,railway,platform,closed_unknown_date,medium,U.S. Census Geocoder; OpenStreetMap via Photon and Overpass,9/16/26,No matching current theater was found at the geocoded address. Closing date remains unknown.
42098,Heart of Ridgewood Theatre,Pride of Ridgewood Theatre,"1448 Myrtle Avenue, Brooklyn, NY 11237",Brooklyn,40.698689,-73.916811,,,,unknown,,Closed,1,Cinema Treasures,https://cinematreasures.org/theaters/42098,9/15/26,,,,,medium,"Not stated on source page: opening year, closing year, image. Current-address audit found no confirmed continuation of this theater; it is closed, but the closing year is unknown.",Match,Exact,"1448 MYRTLE AVE, BROOKLYN, NY, 11237",40.69892238,-73.91667125,1454,place,house,closed_unknown_date,medium,U.S. Census Geocoder; OpenStreetMap via Photon and Overpass,9/16/26,No matching current theater was found at the geocoded address. Closing date remains unknown.
4086,Heights Theater,Teatro Heights,"159 Washington Street, Brooklyn, NY 11201",Brooklyn,40.7007801,-73.9897052,https://photos.cinematreasures.org/production/photos/125606/1432004715/large.jpg?1432004715,theater_images/4086.jpg,,unknown,,Closed,1,Cinema Treasures,https://cinematreasures.org/theaters/4086,9/15/26,,,,,medium,"Not stated on source page: opening year, closing year. Current-address audit found no confirmed continuation of this theater; it is closed, but the closing year is unknown.",Match,Exact,"159 WASHINGTON ST, BROOKLYN, NY, 11201",40.70130868,-73.98958993,Brooklyn-Queens Expressway,highway,motorway,closed_unknown_date,medium,U.S. Census Geocoder; OpenStreetMap via Photon and Overpass,9/16/26,No matching current theater was found at the geocoded address. Closing date remains unknown.
11135,Heights Theater,,"150 Wadsworth Avenue, New York, NY 10033",Manhattan,40.849624,-73.9351513,https://photos.cinematreasures.org/production/photos/112477/1415723116/large.jpg?1415723116,theater_images/11135.jpg,1913,unknown,,Closed,1,Cinema Treasures,https://cinematreasures.org/theaters/11135,9/15/26,,,,,medium,"Not stated on source page: closing year. Current-address audit found no confirmed continuation of this theater; it is closed, but the closing year is unknown.",Match,Exact,"150 WADSWORTH AVE, NEW YORK, NY, 10033",40.84960164,-73.93522666,Wadsworth Avenue,highway,tertiary,closed_unknown_date,medium,U.S. Census Geocoder; OpenStreetMap via Photon and Overpass,9/16/26,No matching current theater was found at the geocoded address. Closing date remains unknown.
29360,Helen Hayes Theatre,"Folies-Bergere, Fulton Theatre","210 W. 46th Street, New York, NY 10032",Manhattan,40.75872,-73.9854399,https://photos.cinematreasures.org/production/photos/25393/1315787032/large.jpg?1315787032,theater_images/29360.jpg,1911,unknown,1911,Closed,1,Cinema Treasures,https://cinematreasures.org/theaters/29360,9/15/26,,,,,medium,"Not stated on source page: closing year. Current-address audit found no confirmed continuation of this theater; it is closed, but the closing year is unknown.",Match,Non_Exact,"210 W 46TH ST, NEW YORK, NY, 10036",40.75877303,-73.98567744,T-Mobile,shop,mobile_phone,closed_unknown_date,low,U.S. Census Geocoder; OpenStreetMap via Photon and Overpass,9/16/26,"A nearby mapped venue matched part of the name, but review did not confirm it as the same historical theater; the theater is closed and its closing year remains unknown."
56061,Helen Hayes Theatre,"Winthrop Ames Theatre, Little Theatre, Ann Nichols' Little Theatre, Times Hall Theatre","238 W. 44th Street, New York, NY 10036",Manhattan,40.7580201,-73.9876296,https://photos.cinematreasures.org/production/photos/213624/1499807085/large.gif?1499807085,theater_images/56061.gif,1912,,1964,Open,1,Cinema Treasures,https://cinematreasures.org/theaters/56061,9/15/26,,,,,high,,,,,,,,,,,,,,
2969,Henry Miller's Theatre,"Park-Miller Theatre, Avon-at-the-Hudson, Xenon, Shout, Kit Kat Klub","124 W. 43rd Street, New York, NY 10036",Manhattan,40.7562108,-73.9853161,https://photos.cinematreasures.org/production/photos/108747/1411064912/large.JPG?1411064912,theater_images/2969.jpg,1918,2004,2001,Closed,1,Cinema Treasures,https://cinematreasures.org/theaters/2969,9/15/26,,,,,low,Most recent stated closing year retained. Most recent stated reopening year retained.,,,,,,,,,,,,,
4895,Herald Square Theatre,"New Park Theatre, Loew's Herald Square Theatre","1331 Broadway, New York, NY 10018",Manhattan,40.7507074,-73.9878022,https://photos.cinematreasures.org/production/photos/209906/1496355112/large.jpg?1496355112,theater_images/4895.jpg,1894,1914,,Closed,1,Cinema Treasures,https://cinematreasures.org/theaters/4895,9/15/26,,,,,high,,,,,,,,,,,,,,
10229,High Theatre,,"Sands Street, Brooklyn, NY 11201",Brooklyn,40.6993042,-73.9845363,,,,unknown,,Closed,1,Cinema Treasures,https://cinematreasures.org/theaters/10229,9/15/26,,,,,medium,"Not stated on source page: opening year, closing year, image. Current-address audit found no confirmed continuation of this theater; it is closed, but the closing year is unknown.",No_Match,,,,,Brooklyn-Queens Expressway,highway,motorway,closed_unknown_date,medium,U.S. Census Geocoder; OpenStreetMap via Photon and Overpass,9/16/26,No matching current theater was found at the geocoded address. Closing date remains unknown.
3868,Highway Theater,Sohmer's Highway Theater,"283 Kings Highway, Brooklyn, NY 11223",Brooklyn,40.6051921,-73.9801243,https://photos.cinematreasures.org/production/photos/207652/1493309449/large.jpg?1493309449,theater_images/3868.jpg,1925,1988,,Closed,1,Cinema Treasures,https://cinematreasures.org/theaters/3868,9/15/26,,,,,high,,,,,,,,,,,,,,
3975,Hillside Theatre,Loew's Hillside Theatre,"90-29 Sutphin Boulevard, Jamaica, NY 11435",Queens,40.7020036,-73.8079736,https://photos.cinematreasures.org/production/photos/21299/1313110009/large.jpg?1313110009,theater_images/3975.jpg,1927,1972,,Closed,1,Cinema Treasures,https://cinematreasures.org/theaters/3975,9/15/26,,,,,low,Most recent stated closing year retained.,,,,,,,,,,,,,
534,Hippodrome Theatre,"B.F. Keith's Hippodrome, RKO Hippodrome Theatre","1120 6th Avenue, New York, NY 10036",Manhattan,40.755695,-73.9834653,https://photos.cinematreasures.org/production/photos/46661/1339503319/large.jpg?1339503319,theater_images/534.jpg,1905,1939,1935,Closed,1,Cinema Treasures,https://cinematreasures.org/theaters/534,9/15/26,,,,,high,,,,,,,,,,,,,,
6431,Hobart Theatre,,"51-05 31st Avenue, Woodside, NY 11377",Queens,40.756668,-73.907651,https://photos.cinematreasures.org/production/photos/140173/1445550432/large.jpg?1445550432,theater_images/6431.jpg,1936,1963,,Closed,1,Cinema Treasures,https://cinematreasures.org/theaters/6431,9/15/26,,,,,high,,,,,,,,,,,,,,
4286,Hollis Cinema,"Hollis Theatre, Hollis Art Theatre, Hollis Repertory Cinema","191-12 Jamaica Avenue, Hollis, NY 11423",Queens,40.7126495,-73.7682876,https://photos.cinematreasures.org/production/photos/122414/1428677311/large.jpg?1428677311,theater_images/4286.jpg,1927,unknown,,Closed,1,Cinema Treasures,https://cinematreasures.org/theaters/4286,9/15/26,,,,,medium,"Not stated on source page: closing year. Current-address audit found no confirmed continuation of this theater; it is closed, but the closing year is unknown.",Match,Exact,"191-12 JAMAICA AVE, HOLLIS, NY, 11423",40.71257116,-73.76841408,191-04,building,yes,closed_unknown_date,medium,U.S. Census Geocoder; OpenStreetMap via Photon and Overpass,9/16/26,No matching current theater was found at the geocoded address. Closing date remains unknown.
312,Hollywood Theatre,"51st Street Theatre, Warner Theatre, Mark Hellinger Theatre","237 W. 51st Street, New York, NY 10019",Manhattan,40.7625898,-73.9848351,https://photos.cinematreasures.org/production/photos/30253/1320864707/large.jpg?1320864707,theater_images/312.jpg,1930,1989,1949,Closed,1,Cinema Treasures,https://cinematreasures.org/theaters/312,9/15/26,,,,,low,Most recent stated closing year retained.,,,,,,,,,,,,,
520,Hollywood Theatre,Loew's Hollywood Theatre,"98 Avenue A, New York, NY 10009",Manhattan,40.725653,-73.983492,https://photos.cinematreasures.org/production/photos/64161/1357533849/large.jpg?1357533849,theater_images/520.jpg,1926,1959,,Closed,1,Cinema Treasures,https://cinematreasures.org/theaters/520,9/15/26,,,,,high,,,,,,,,,,,,,,
3963,Hollywood Theatre,,"7725 New Utrecht Avenue, Brooklyn, NY 11214",Brooklyn,40.6134683,-74.0006652,https://photos.cinematreasures.org/production/photos/263865/1547702060/large.jpg?1547702060,theater_images/3963.jpg,1922,1951,,Closed,1,Cinema Treasures,https://cinematreasures.org/theaters/3963,9/15/26,,,,,high,,,,,,,,,,,,,,
23977,Hombre Theatre,,"144 E. 53rd Street, New York, NY 10022",Manhattan,40.7581487,-73.9705052,,,1976,unknown,,Closed,1,Cinema Treasures,https://cinematreasures.org/theaters/23977,9/15/26,,,,,low,"Opening year represents an approximate decade reference (1976). Not stated on source page: closing year, image. Current-address audit found no confirmed continuation of this theater; it is closed, but the closing year is unknown.",Match,Exact,"144 E 53RD ST, NEW YORK, NY, 10022",40.75840084,-73.97121599,610 Lexington Avenue,building,yes,closed_unknown_date,medium,U.S. Census Geocoder; OpenStreetMap via Photon and Overpass,9/16/26,No matching current theater was found at the geocoded address. Closing date remains unknown.
69428,Hopkinson Theatre,"Howe's Brownsville Theatre, M&S Theatre, Rose Silbert Theatre","482 Thomas S. Boyland Street, Brooklyn, NY 11212",Brooklyn,40.6688405,-73.9137205,https://photos.cinematreasures.org/production/photos/419555/1694117017/large.gif?1694117017,theater_images/69428.gif,1911,1953,1947,Closed,1,Cinema Treasures,https://cinematreasures.org/theaters/69428,9/15/26,,,,,low,Most recent stated reopening year retained.,,,,,,,,,,,,,
55833,Houston Hippodrome,,"143 E. Houston Street, New York, NY 10002",Manhattan,40.7231894,-73.9898357,https://photos.cinematreasures.org/production/photos/209047/1495261600/large.jpg?1495261600,theater_images/55833.jpg,1909,1916,,Closed,1,Cinema Treasures,https://cinematreasures.org/theaters/55833,9/15/26,,,,,low,Closing year is approximate (1916).,,,,,,,,,,,,,
23922,Houston Theatre,Rexy Theatre,"67 E. Houston Street, New York, NY 10012",Manhattan,40.7244293,-73.9936787,,,1930,unknown,,Closed,1,Cinema Treasures,https://cinematreasures.org/theaters/23922,9/15/26,,,,,medium,"Not stated on source page: closing year, image. Current-address audit found no confirmed continuation of this theater; it is closed, but the closing year is unknown.",Match,Exact,"67 E HOUSTON ST, NEW YORK, NY, 10012",40.72432455,-73.99332516,East Houston Street,highway,primary,closed_unknown_date,medium,U.S. Census Geocoder; OpenStreetMap via Photon and Overpass,9/16/26,No matching current theater was found at the geocoded address. Closing date remains unknown.
2971,Hudson Theatre,"Avon-at-the-Hudson, Savoy","141 W. 44th Street, New York, NY 10036",Manhattan,40.7567814,-73.9846334,https://photos.cinematreasures.org/production/photos/136464/1442425121/large.JPG?1442425121,theater_images/2971.jpg,1903,,2017,Open,1,Cinema Treasures,https://cinematreasures.org/theaters/2971,9/15/26,NYC Landmarks Preservation Commission,https://s-media.nyc.gov/agencies/lpc/lp/1340.pdf,9/15/26,verified_external,high,Most recent stated reopening year retained. Opening year verified from NYC Landmarks Preservation Commission.,,,,,,,,,,,,,
31880,Hudson Theatre,,"1968 Amsterdam Avenue, New York, NY 10032",Manhattan,40.8331488,-73.9418564,https://photos.cinematreasures.org/production/photos/59240/1351044681/large.jpg?1351044681,theater_images/31880.jpg,1912,1941,,Closed,1,Cinema Treasures,https://cinematreasures.org/theaters/31880,9/15/26,,,,,high,,,,,,,,,,,,,,
50168,Huntington Theatre,Universal Theatre,"284 Hamilton Avenue, Brooklyn, NY 11231",Brooklyn,40.6765069,-74.0021828,https://photos.cinematreasures.org/production/photos/139255/1444830652/large.JPG?1444830652,theater_images/50168.jpg,1912,1928,,Closed,1,Cinema Treasures,https://cinematreasures.org/theaters/50168,9/15/26,,,,,high,,,,,,,,,,,,,,
3761,Hylan Cinema,,"2520 Hylan Boulevard, Staten Island, NY 10306",Staten Island,40.5700179,-74.1100621,https://photos.cinematreasures.org/production/photos/287925/1570262236/large.jpg?1570262236,theater_images/3761.jpg,1971,1994,,Closed,4,Cinema Treasures,https://cinematreasures.org/theaters/3761,9/15/26,,,,,high,,,,,,,,,,,,,,
3762,Hylan Plaza Cinemas,"Fox Theatre, UA Hylan Plaza","107 Mill Road, Staten Island, NY 10306",Staten Island,40.566729,-74.109837,https://photos.cinematreasures.org/production/photos/221947/1508950897/large.jpg?1508950897,theater_images/3762.jpg,1966,2017,1993,Closed,5,Cinema Treasures,https://cinematreasures.org/theaters/3762,9/15/26,,,,,low,Most recent stated closing year retained.,,,,,,,,,,,,,
13995,Hyperion Theatre,,"11101 43rd Avenue, Corona, NY 11368",Queens,40.749832,-73.854752,https://photos.cinematreasures.org/production/photos/173376/1468442661/large.jpg?1468442661,theater_images/13995.jpg,1910,unknown,,Closed,1,Cinema Treasures,https://cinematreasures.org/theaters/13995,9/15/26,,,,,medium,"Not stated on source page: closing year. Current-address audit found no confirmed continuation of this theater; it is closed, but the closing year is unknown.",Match,Exact,"111-01 43RD AVE, CORONA, NY, 11368",40.74963594,-73.85475214,R Stop 1 Supermarket,shop,convenience,closed_unknown_date,medium,U.S. Census Geocoder; OpenStreetMap via Photon and Overpass,9/16/26,No matching current theater was found at the geocoded address. Closing date remains unknown.
8708,Idle Hour Theater,New Idle Hour Theater,"24-29 Jackson Avenue, Long Island City, NY 11101",Queens,40.746598,-73.944532,https://photos.cinematreasures.org/production/photos/96119/1394296240/large.jpeg?1394296240,theater_images/8708.jpeg,,unknown,,Closed,1,Cinema Treasures,https://cinematreasures.org/theaters/8708,9/15/26,,,,,medium,"Not stated on source page: opening year, closing year. Current-address audit found no confirmed continuation of this theater; it is closed, but the closing year is unknown.",Match,Exact,"24-29 JACKSON AVE, LONG ISLAND CITY, NY, 11101",40.74620165,-73.94484466,Jackson Avenue,highway,primary,closed_unknown_date,medium,U.S. Census Geocoder; OpenStreetMap via Photon and Overpass,9/16/26,No matching current theater was found at the geocoded address. Closing date remains unknown.
34684,Idle Hour Theatre,,"308 St. Nicholas Avenue, Brooklyn, NY 11237",Brooklyn,40.700942,-73.911041,,,,unknown,,Closed,1,Cinema Treasures,https://cinematreasures.org/theaters/34684,9/15/26,,,,,medium,"Not stated on source page: opening year, closing year, image. Current-address audit found no confirmed continuation of this theater; it is closed, but the closing year is unknown.",Match,Exact,"308 ST NICHOLAS AVE, BROOKLYN, NY, 11237",40.70133597,-73.91129683,Children’s Medical Group,amenity,doctors,closed_unknown_date,medium,U.S. Census Geocoder; OpenStreetMap via Photon and Overpass,9/16/26,No matching current theater was found at the geocoded address. Closing date remains unknown.
1200,IFC Center,"Waverly Theatre, Waverly 1 & 2","323 6th Avenue, New York, NY 10003",Manhattan,40.7311188,-74.0013978,https://photos.cinematreasures.org/production/photos/43833/1336267689/large.jpg?1336267689,theater_images/1200.jpg,1938,,2005,Open (Showing movies),5,Cinema Treasures,https://cinematreasures.org/theaters/1200,9/15/26,,,,,low,Most recent stated closing year retained.,,,,,,,,,,,,,
8166,Imperial Theatre,,"157 Irving Avenue, Brooklyn, NY 11237",Brooklyn,40.7025986,-73.9206406,https://photos.cinematreasures.org/production/photos/1238/1306863899/large.jpg?1306863899,theater_images/8166.jpg,1914,1940,,Closed,1,Cinema Treasures,https://cinematreasures.org/theaters/8166,9/15/26,,,,,high,,,,,,,,,,,,,,
8168,Imperial Theatre,,"869 Halsey Street, Brooklyn, NY 11233",Brooklyn,40.685699,-73.917927,https://photos.cinematreasures.org/production/photos/1237/1306863805/large.jpg?1306863805,theater_images/8168.jpg,1909,1940,,Closed,1,Cinema Treasures,https://cinematreasures.org/theaters/8168,9/15/26,,,,,high,,,,,,,,,,,,,,
33333,IndieHouse Cinema at the Producers Club,,"358 W. 44th Street, New York, NY 10036",Manhattan,40.7593889,-73.991319,https://photos.cinematreasures.org/production/photos/87253/1384374396/large.JPG?1384374396,theater_images/33333.jpg,2010,,,Open,5,Cinema Treasures,https://cinematreasures.org/theaters/33333,9/15/26,The Hollywood Reporter,https://www.imdb.com/news/ni1298095/,9/15/26,verified_external,medium,Opening year verified from The Hollywood Reporter.,,,,,,,,,,,,,
8053,Inman's Casino,,"Bowery Street and Henderson's Walk, Brooklyn, NY 11224",Brooklyn,40.5748009,-73.9808931,https://photos.cinematreasures.org/production/photos/209407/1495669875/large.jpg?1495669875,theater_images/8053.jpg,,unknown,,Closed,1,Cinema Treasures,https://cinematreasures.org/theaters/8053,9/15/26,,,,,medium,"Not stated on source page: opening year, closing year. Current-address audit found no confirmed continuation of this theater; it is closed, but the closing year is unknown.",No_Match,,,,,3015,place,house,closed_unknown_date,medium,U.S. Census Geocoder; OpenStreetMap via Photon and Overpass,9/16/26,No matching current theater was found at the geocoded address. Closing date remains unknown.
4088,Interboro Theatre,"Interborough Theatre, UA/Interboro Four","3462 E. Tremont Avenue, Bronx, NY 10465",Bronx,40.8317715,-73.8273884,https://photos.cinematreasures.org/production/photos/113600/1417639233/large.jpg?1417639233,theater_images/4088.jpg,,1996,,Closed,4,Cinema Treasures,https://cinematreasures.org/theaters/4088,9/15/26,,,,,low,Most recent stated closing year retained. Not stated on source page: opening year.,,,,,,,,,,,,,
63443,International Airport Drive-In,,"S. Conduit Avenue and 119th Street, South Ozone Park, NY 11420",Queens,,,,,1951,1951,,Closed,1,Cinema Treasures,https://cinematreasures.org/theaters/63443,9/15/26,,,,,medium,"Not stated on source page: coordinates, image.",,,,,,,,,,,,,
50064,International Moving Pictures,"Italian Star Theatre, Italian Marrionette Theatre","101 Union Street, Brooklyn, NY 11231",Brooklyn,40.6848084,-74.0037186,https://photos.cinematreasures.org/production/photos/136946/1442845954/large.JPG?1442845954,theater_images/50064.jpg,,1930,,Closed,1,Cinema Treasures,https://cinematreasures.org/theaters/50064,9/15/26,,,,,medium,Not stated on source page: opening year.,,,,,,,,,,,,,
2936,International Theatre,"Majestic Theatre, Park Theatre, Minsky's Park Music Hall, Cosmopolitan Theatre, Ufa Cosmopolitan Theatre, Theatre of Young America","5 Columbus Circle, New York, NY 10023",Manhattan,40.7682816,-73.9822633,https://photos.cinematreasures.org/production/photos/6426/1308684253/large.jpg?1308684253,theater_images/2936.jpg,1903,1929,1931,Closed,1,Cinema Treasures,https://cinematreasures.org/theaters/2936,9/15/26,,,,,high,,,,,,,,,,,,,,
6622,Iris & B. Gerald Cantor Film Center,"Art Theatre, Movieland 8th Street Triplex","36 E. 8th Street, New York, NY 10003",Manhattan,40.7311679,-73.994435,https://photos.cinematreasures.org/production/photos/54344/1346683768/large.jpg?1346683768,theater_images/6622.jpg,1940,,,Open (Showing movies),3,Cinema Treasures,https://cinematreasures.org/theaters/6622,9/15/26,,,,,low,Most recent stated closing year retained.,,,,,,,,,,,,,
11996,Irving Place Theatre,"Amberg's German Theatre, Amberg's Theatre","118 E. 15th Street, New York, NY 10003",Manhattan,40.7346674,-73.9883356,https://photos.cinematreasures.org/production/photos/211403/1498100610/large.jpg?1498100610,theater_images/11996.jpg,,unknown,,Closed,1,Cinema Treasures,https://cinematreasures.org/theaters/11996,9/15/26,,,,,medium,"Not stated on source page: opening year, closing year. Current-address audit found no confirmed continuation of this theater; it is closed, but the closing year is unknown.",Match,Exact,"118 E 15TH ST, NEW YORK, NY, 10003",40.73452264,-73.98812462,New York Sports Club,leisure,fitness_centre,closed_unknown_date,medium,U.S. Census Geocoder; OpenStreetMap via Photon and Overpass,9/16/26,"A nearby mapped venue matched part of the name, but review did not confirm it as the same historical theater; the theater is closed and its closing year remains unknown."
7528,Irving Theatre,Mozart Theatre,"1533-1537 Myrtle Avenue, Brooklyn, NY 11237",Brooklyn,40.6993039,-73.9137428,https://photos.cinematreasures.org/production/photos/1869/1307033277/large.jpg?1307033277,theater_images/7528.jpg,1914,1942,,Closed,1,Cinema Treasures,https://cinematreasures.org/theaters/7528,9/15/26,,,,,high,,,,,,,,,,,,,,
7891,Isla Theatre,Tiffany Theatre,"1007 Tiffany Street, Bronx, NY 10459",Bronx,40.8233693,-73.8950478,https://photos.cinematreasures.org/production/photos/56033/1348160976/large.JPG?1348160976,theater_images/7891.jpg,1913,unknown,,Closed,1,Cinema Treasures,https://cinematreasures.org/theaters/7891,9/15/26,,,,,medium,"Not stated on source page: closing year. Current-address audit found no confirmed continuation of this theater; it is closed, but the closing year is unknown.",Match,Exact,"1007 TIFFANY ST, BRONX, NY, 10459",40.82348868,-73.89495284,1007,place,house,closed_unknown_date,medium,U.S. Census Geocoder; OpenStreetMap via Photon and Overpass,9/16/26,No matching current theater was found at the geocoded address. Closing date remains unknown.
6272,Island Theatre,,"2875 Richmond Avenue, Staten Island, NY 10314",Staten Island,40.5792969,-74.1693363,https://photos.cinematreasures.org/production/photos/80020/1377727885/large.jpg?1377727885,theater_images/6272.jpg,1966,1987,,Closed,2,Cinema Treasures,https://cinematreasures.org/theaters/6272,9/15/26,,,,,high,,,,,,,,,,,,,,
8329,Island Theatre,,"203-11 Hollis Avenue, Hollis, NY 11412",Queens,40.706949,-73.75435,https://photos.cinematreasures.org/production/photos/262528/1545583680/large.gif?1545583680,theater_images/8329.gif,1934,unknown,,Closed,1,Cinema Treasures,https://cinematreasures.org/theaters/8329,9/15/26,,,,,medium,"Not stated on source page: closing year. Current-address audit found no confirmed continuation of this theater; it is closed, but the closing year is unknown.",Match,Non_Exact,"203-11 HOLLIS AVE, SAINT ALBANS, NY, 11412",40.70665197,-73.75452046,Top Tier Restaurant & Lounge,amenity,restaurant,closed_unknown_date,medium,U.S. Census Geocoder; OpenStreetMap via Photon and Overpass,9/16/26,No matching current theater was found at the geocoded address. Closing date remains unknown.
35678,Italian Theatre,,"260 Bushwick Avenue, Brooklyn, NY 11206",Brooklyn,40.7071045,-73.9397698,https://photos.cinematreasures.org/production/photos/264790/1549226094/large.png?1549226094,theater_images/35678.png,,unknown,,Closed,1,Cinema Treasures,https://cinematreasures.org/theaters/35678,9/15/26,,,,,medium,"Not stated on source page: opening year, closing year. Current-address audit found no confirmed continuation of this theater; it is closed, but the closing year is unknown.",Match,Exact,"260 BUSHWICK AVE, BROOKLYN, NY, 11206",40.70739313,-73.93986868,236,place,house,closed_unknown_date,medium,U.S. Census Geocoder; OpenStreetMap via Photon and Overpass,9/16/26,No matching current theater was found at the geocoded address. Closing date remains unknown.
16769,Jackson Heights Airdrome,,"82nd Street and Roosevelt Avenue, Jackson Heights, NY 11372",Queens,40.74763,-73.883936,,,1919,unknown,,Closed,1,Cinema Treasures,https://cinematreasures.org/theaters/16769,9/15/26,,,,,medium,"Not stated on source page: closing year, image. Current-address audit found no confirmed continuation of this theater; it is closed, but the closing year is unknown.",Match,Exact,"82ND ST & ROOSEVELT AVE, JACKSON HEIGHTS, NY, 11372",40.74762673,-73.88393709,82nd Street-Jackson Heights,railway,platform,closed_unknown_date,medium,U.S. Census Geocoder; OpenStreetMap via Photon and Overpass,9/16/26,No matching current theater was found at the geocoded address. Closing date remains unknown.
4022,Jackson Heights Cinema,"Jackson Theatre, Jackson Triplex Cinema","40-31 82nd Street, Jackson Heights, NY 11373",Queens,40.746572,-73.8837267,https://photos.cinematreasures.org/production/photos/33112/1325892108/large.jpg?1325892108,theater_images/4022.jpg,1924,2013,2010,Closed,3,Cinema Treasures,https://cinematreasures.org/theaters/4022,9/15/26,,,,,low,Most recent stated closing year retained.,,,,,,,,,,,,,
8347,Jackson Theatre,"Coleman Theatre, Louis Theatre, Borinquen Theatre","745 Westchester Avenue, Bronx, NY 10455",Bronx,40.8176122,-73.9059057,https://photos.cinematreasures.org/production/photos/211019/1497570669/large.jpg?1497570669,theater_images/8347.jpg,1919,unknown,,Closed,1,Cinema Treasures,https://cinematreasures.org/theaters/8347,9/15/26,,,,,medium,"Not stated on source page: closing year. Current-address audit found no confirmed continuation of this theater; it is closed, but the closing year is unknown.",Match,Exact,"745 WESTCHESTER AVE, BRONX, NY, 10455",40.81771066,-73.90582248,733,place,house,closed_unknown_date,medium,U.S. Census Geocoder; OpenStreetMap via Photon and Overpass,9/16/26,No matching current theater was found at the geocoded address. Closing date remains unknown.
6155,Jamaica Multiplex Cinemas,,"159-02 Jamaica Avenue, Jamaica, NY 11425",Queens,40.7033988,-73.8000519,https://photos.cinematreasures.org/production/photos/109399/1411788559/large.jpg?1411788559,theater_images/6155.jpg,2002,2024,,Closed,15,Cinema Treasures,https://cinematreasures.org/theaters/6155,9/15/26,,,,,high,,,,,,,,,,,,,,
6528,Jamaica Theatre,Fox Jamaica Theatre,"155-16 Jamaica Avenue, Jamaica, NY 11432",Queens,40.7028975,-73.8006916,https://photos.cinematreasures.org/production/photos/125051/1431459536/large.jpg?1431459536,theater_images/6528.jpg,1913,unknown,,Closed,1,Cinema Treasures,https://cinematreasures.org/theaters/6528,9/15/26,,,,,medium,"Not stated on source page: closing year. Current-address audit found no confirmed continuation of this theater; it is closed, but the closing year is unknown.",Match,Exact,"155-16 JAMAICA AVE, JAMAICA, NY, 11432",40.70279342,-73.80186995,Jamaica Avenue & 153rd Street,highway,bus_stop,closed_unknown_date,medium,U.S. Census Geocoder; OpenStreetMap via Photon and Overpass,9/16/26,"A nearby mapped venue matched part of the name, but review did not confirm it as the same historical theater; the theater is closed and its closing year remains unknown."
14170,Janice Theatre,,"Main Street, Flushing, NY 11367",Queens,40.7403373,-73.8249925,https://photos.cinematreasures.org/production/photos/113587/1417568046/large.jpg?1417568046,theater_images/14170.jpg,1914,1914,,Closed,1,Cinema Treasures,https://cinematreasures.org/theaters/14170,9/15/26,,,,,high,,,,,,,,,,,,,,
68759,Japan Society,,"333 E. 47th Street, New York, NY 10017",Manhattan,40.7525025,-73.9682642,,,1971,,,Open (Showing movies),1,Cinema Treasures,https://cinematreasures.org/theaters/68759,9/15/26,,,,,low,Opening year represents an approximate decade reference (1971). Not stated on source page: image.,,,,,,,,,,,,,
1356,Japanese Roof Garden Theatre,,"2559 Broadway, New York, NY 10025",Manhattan,40.7947286,-73.9718669,https://photos.cinematreasures.org/production/photos/1643/1306959587/large.jpg?1306959587,theater_images/1356.jpg,1913,unknown,,Closed,1,Cinema Treasures,https://cinematreasures.org/theaters/1356,9/15/26,,,,,medium,"Not stated on source page: closing year. Current-address audit found no confirmed continuation of this theater; it is closed, but the closing year is unknown.",Match,Exact,"2559 BROADWAY, NEW YORK, NY, 10025",40.79462944,-73.97188896,West 96th Street,highway,secondary,closed_unknown_date,medium,U.S. Census Geocoder; OpenStreetMap via Photon and Overpass,9/16/26,No matching current theater was found at the geocoded address. Closing date remains unknown.
11141,Jean Renoir Cinema,"Tambellini's Gate Theatre, Gate Theatre, Camelot Twin Cinema","162 2nd Avenue, New York, NY 10003",Manhattan,40.7298987,-73.9865239,https://photos.cinematreasures.org/production/photos/209470/1495730627/large.JPG?1495730627,theater_images/11141.jpg,1977,unknown,,Closed,1,Cinema Treasures,https://cinematreasures.org/theaters/11141,9/15/26,,,,,medium,"Not stated on source page: closing year. Current-address audit found no confirmed continuation of this theater; it is closed, but the closing year is unknown.",Match,Exact,"162 2ND AVE, NEW YORK, NY, 10003",40.729946,-73.98660497,Urban Outfitters,shop,clothes,closed_unknown_date,medium,U.S. Census Geocoder; OpenStreetMap via Photon and Overpass,9/16/26,No matching current theater was found at the geocoded address. Closing date remains unknown.
8156,Jefferson Theatre,,"811 Myrtle Avenue, Brooklyn, NY 11206",Brooklyn,40.6953452,-73.9496524,https://photos.cinematreasures.org/production/photos/52085/1344875784/large.jpg?1344875784,theater_images/8156.jpg,1914,1946,,Closed,1,Cinema Treasures,https://cinematreasures.org/theaters/8156,9/15/26,,,,,high,,,,,,,,,,,,,,
5928,Jerome Theater,,"113-14 101st Avenue, Queens, NY 11419",Queens,40.6886682,-73.8304624,https://photos.cinematreasures.org/production/photos/261969/1544472309/large.gif?1544472309,theater_images/5928.gif,,unknown,,Closed,1,Cinema Treasures,https://cinematreasures.org/theaters/5928,9/15/26,,,,,medium,"Not stated on source page: opening year, closing year. Current-address audit found no confirmed continuation of this theater; it is closed, but the closing year is unknown.",Match,Non_Exact,"113-14 101ST AVE, SOUTH RICHMOND HILL, NY, 11419",40.68852869,-73.83079817,113-02,place,house,closed_unknown_date,medium,U.S. Census Geocoder; OpenStreetMap via Photon and Overpass,9/16/26,No matching current theater was found at the geocoded address. Closing date remains unknown.
3760,Jerry Lewis Cinema,,"2166 Forest Avenue, Staten Island, NY 10303",Staten Island,40.6266308,-74.1616481,https://photos.cinematreasures.org/production/photos/281673/1565010799/large.jpg?1565010799,theater_images/3760.jpg,1973,2018,,Closed,1,Cinema Treasures,https://cinematreasures.org/theaters/3760,9/15/26,,,,,low,Most recent stated closing year retained.,,,,,,,,,,,,,
20085,Jewel Theater,Grant Theater,"11 W. 116th Street, New York, NY 10026",Manhattan,40.8011162,-73.9470482,https://photos.cinematreasures.org/production/photos/36865/1330290221/large.jpg?1330290221,theater_images/20085.jpg,1910,unknown,,Closed,1,Cinema Treasures,https://cinematreasures.org/theaters/20085,9/15/26,,,,,medium,"Not stated on source page: closing year. Current-address audit found no confirmed continuation of this theater; it is closed, but the closing year is unknown.",Match,Exact,"11 W 116TH ST, NEW YORK, NY, 10026",40.80110903,-73.94737016,15,building,yes,closed_unknown_date,medium,U.S. Census Geocoder; OpenStreetMap via Photon and Overpass,9/16/26,No matching current theater was found at the geocoded address. Closing date remains unknown.
60151,Joe Franklin's Memory Lane Ye Old Time Movies,"Feltmans' Seaside Garden Theatre, Feltmans' Airdome, Ye Old Time Movies","Surf Avenue and W. 10th Street, Brooklyn, NY 11224",Brooklyn,,,https://photos.cinematreasures.org/production/photos/277134/1561754123/large.gif?1561754123,theater_images/60151.gif,1914,unknown,,Closed,1,Cinema Treasures,https://cinematreasures.org/theaters/60151,9/15/26,,,,,medium,"Not stated on source page: closing year, coordinates. Current-address audit found no confirmed continuation of this theater; it is closed, but the closing year is unknown.",Match,Exact,"SURF AVE & W 10TH ST, BROOKLYN, NY, 11224",40.57542977,-73.97787007,Surf Avenue,highway,secondary,closed_unknown_date,medium,U.S. Census Geocoder; OpenStreetMap via Photon and Overpass,9/16/26,No matching current theater was found at the geocoded address. Closing date remains unknown.
6353,Joyce Theater,"Elgin Theatre, Elgin Cinema","175 8th Avenue, New York, NY 10011",Manhattan,40.7427725,-74.000559,https://photos.cinematreasures.org/production/photos/139/1306183933/large.JPG?1306183933,theater_images/6353.jpg,1942,,,Open,1,Cinema Treasures,https://cinematreasures.org/theaters/6353,9/15/26,,,,,high,,,,,,,,,,,,,,
36324,Joyce Theatre,Prospecta Theatre,"267-269 Prospect Park West, Brooklyn, NY 11215",Brooklyn,40.658609,-73.981914,https://photos.cinematreasures.org/production/photos/8173/1309383391/large.jpg?1309383391,theater_images/36324.jpg,1914,1921,,Closed,1,Cinema Treasures,https://cinematreasures.org/theaters/36324,9/15/26,,,,,low,Most recent stated closing year retained.,,,,,,,,,,,,,
7824,Juliet I & II,,"1474 3rd Avenue, New York, NY 10028",Manhattan,40.777254,-73.955535,https://photos.cinematreasures.org/production/photos/196735/1483366690/large.png?1483366690,theater_images/7824.png,1970,1978,,Closed,2,Cinema Treasures,https://cinematreasures.org/theaters/7824,9/15/26,,,,,high,,,,,,,,,,,,,,
8107,Kameo Theatre,New Lyric Theatre,"4367 Third Avenue, Bronx, NY 10457",Bronx,40.8503693,-73.8942981,https://photos.cinematreasures.org/production/photos/134057/1440882342/large.jpg?1440882342,theater_images/8107.jpg,,unknown,,Closed,1,Cinema Treasures,https://cinematreasures.org/theaters/8107,9/15/26,,,,,medium,"Not stated on source page: opening year, closing year. Current-address audit found no confirmed continuation of this theater; it is closed, but the closing year is unknown.",Match,Exact,"4367 3RD AVE, BRONX, NY, 10457",40.85029444,-73.8943796,Third Avenue,highway,secondary,closed_unknown_date,medium,U.S. Census Geocoder; OpenStreetMap via Photon and Overpass,9/16/26,No matching current theater was found at the geocoded address. Closing date remains unknown.
17439,Kelton Theatre,Pantheon Theatre,"71 W. Burnside Avenue, Bronx, NY 10453",Bronx,40.8544861,-73.9100965,https://photos.cinematreasures.org/production/photos/301872/1586487019/large.jpg?1586487019,theater_images/17439.jpg,1923,1930,,Closed,1,Cinema Treasures,https://cinematreasures.org/theaters/17439,9/15/26,,,,,high,,,,,,,,,,,,,,
1749,Kenmore Theatre,"Keith-Albee Kenmore Theatre, B.F. Keith's Kenmore Theatre, RKO Kenmore Theatre","2101 Church Avenue, Brooklyn, NY 11226",Brooklyn,40.65054,-73.95958,https://photos.cinematreasures.org/production/photos/22276/1313624270/large.jpg?1313624270,theater_images/1749.jpg,1928,unknown,,Closed,4,Cinema Treasures,https://cinematreasures.org/theaters/1749,9/15/26,,,,,medium,"Not stated on source page: closing year. Current-address audit found no confirmed continuation of this theater; it is closed, but the closing year is unknown.",Match,Exact,"2101 CHURCH AVE, BROOKLYN, NY, 11226",40.6502776,-73.95991772,Target,shop,department_store,closed_unknown_date,medium,U.S. Census Geocoder; OpenStreetMap via Photon and Overpass,9/16/26,No matching current theater was found at the geocoded address. Closing date remains unknown.
42229,Kensington Theatre,,"789 McDonald Avenue, Brooklyn, NY 11218",Brooklyn,40.6348205,-73.9777694,https://photos.cinematreasures.org/production/photos/77409/1375111447/large.JPG?1375111447,theater_images/42229.jpg,,unknown,,Closed,1,Cinema Treasures,https://cinematreasures.org/theaters/42229,9/15/26,,,,,medium,"Not stated on source page: opening year, closing year. Current-address audit found no confirmed continuation of this theater; it is closed, but the closing year is unknown.",Match,Exact,"789 MCDONALD AVE, BROOKLYN, NY, 11218",40.63501652,-73.97785673,783,building,yes,closed_unknown_date,medium,U.S. Census Geocoder; OpenStreetMap via Photon and Overpass,9/16/26,No matching current theater was found at the geocoded address. Closing date remains unknown.
4667,Kent Theater,,"1170 Coney Island Avenue, Brooklyn, NY 11230",Brooklyn,40.628921,-73.966315,https://photos.cinematreasures.org/production/photos/263768/1547600312/large.JPG?1547600312,theater_images/4667.jpg,1939,,1991,Open (Showing movies),3,Cinema Treasures,https://cinematreasures.org/theaters/4667,9/15/26,,,,,low,Most recent stated reopening year retained.,,,,,,,,,,,,,
4671,Kent Theatre,,"190 E. 167th Street, Bronx, NY 10456",Bronx,40.8342299,-73.9171989,https://photos.cinematreasures.org/production/photos/142053/1446597197/large.jpg?1446597197,theater_images/4671.jpg,1936,1992,,Closed,2,Cinema Treasures,https://cinematreasures.org/theaters/4671,9/15/26,,,,,high,,,,,,,,,,,,,,
41562,Kerman's Vaudeville House Theatre,Eagle Theatre,"1724 Pitkin Avenue, Brooklyn, NY 11212",Brooklyn,40.6697643,-73.9094585,https://photos.cinematreasures.org/production/photos/78918/1376666883/large.JPG?1376666883,theater_images/41562.jpg,1910,1920,,Closed,1,Cinema Treasures,https://cinematreasures.org/theaters/41562,9/15/26,,,,,high,,,,,,,,,,,,,,
6156,Kew Gardens Cinemas,Austin Theatre,"81-05 Lefferts Boulevard, Kew Gardens, NY 11415",Queens,40.7091663,-73.8299541,https://photos.cinematreasures.org/production/photos/114832/1419971900/large.jpg?1419971900,theater_images/6156.jpg,1935,,1999,Open (Showing movies),6,Cinema Treasures,https://cinematreasures.org/theaters/6156,9/15/26,,,,,high,,,,,,,,,,,,,,
5795,Kinema Theatre,,"2505 Pitkin Avenue, Brooklyn, NY 11207",Brooklyn,40.674537,-73.879598,https://photos.cinematreasures.org/production/photos/42234/1334567171/large.jpg?1334567171,theater_images/5795.jpg,1925,1969,,Closed,1,Cinema Treasures,https://cinematreasures.org/theaters/5795,9/15/26,,,,,high,,,,,,,,,,,,,,
60535,Kinetoscope,,"1155 Broadway, New York, NY 10001",Manhattan,,,https://photos.cinematreasures.org/production/photos/284039/1566665445/large.jpg?1566665445,theater_images/60535.jpg,1894,unknown,,Closed,10,Cinema Treasures,https://cinematreasures.org/theaters/60535,9/15/26,,,,,medium,"Not stated on source page: closing year, coordinates. Current-address audit found no confirmed continuation of this theater; it is closed, but the closing year is unknown.",Match,Exact,"1155 BROADWAY, NEW YORK, NY, 10001",40.7444203,-73.98896597,1157,place,house,closed_unknown_date,medium,U.S. Census Geocoder; OpenStreetMap via Photon and Overpass,9/16/26,No matching current theater was found at the geocoded address. Closing date remains unknown.
7919,King Theatre,"McKinley Square Theatre, McKinley Theatre","1319 Boston Road, Bronx, NY 10456",Bronx,40.8314673,-73.8998284,https://photos.cinematreasures.org/production/photos/146258/1448637564/large.jpg?1448637564,theater_images/7919.jpg,1916,2002,,Closed,1,Cinema Treasures,https://cinematreasures.org/theaters/7919,9/15/26,,,,,high,,,,,,,,,,,,,,
9813,Kings Cinema,"50th Street Cinema, King's All Male Theatre","236 W. 50th Street, New York, NY 10019",Manhattan,40.7619858,-73.9854257,https://photos.cinematreasures.org/production/photos/306227/1590029174/large.PNG?1590029174,theater_images/9813.png,1967,unknown,,Closed,1,Cinema Treasures,https://cinematreasures.org/theaters/9813,9/15/26,,,,,medium,"Not stated on source page: closing year. Current-address audit found no confirmed continuation of this theater; it is closed, but the closing year is unknown.",Match,Exact,"236 W 50TH ST, NEW YORK, NY, 10019",40.76168773,-73.98483288,citizenM,tourism,hotel,closed_unknown_date,medium,U.S. Census Geocoder; OpenStreetMap via Photon and Overpass,9/16/26,No matching current theater was found at the geocoded address. Closing date remains unknown.
66129,Kings Cinema,,"356 W. 44th Street, New York, NY 10036",Manhattan,40.7593418,-73.9912901,,,,unknown,,Closed,1,Cinema Treasures,https://cinematreasures.org/theaters/66129,9/15/26,,,,,medium,"Not stated on source page: opening year, closing year, image. Current-address audit found no confirmed continuation of this theater; it is closed, but the closing year is unknown.",Match,Exact,"356 W 44TH ST, NEW YORK, NY, 10036",40.75916467,-73.99049349,Alamo,amenity,car_rental,closed_unknown_date,medium,U.S. Census Geocoder; OpenStreetMap via Photon and Overpass,9/16/26,No matching current theater was found at the geocoded address. Closing date remains unknown.
6071,Kings Plaza 6 Theaters,Century Kings Plaza Twin,"5201 Kings Plaza, Brooklyn, NY 11234",Brooklyn,40.6103496,-73.9210396,https://photos.cinematreasures.org/production/photos/6431/1308684849/large.jpg?1308684849,theater_images/6071.jpg,,2010,,Closed,6,Cinema Treasures,https://cinematreasures.org/theaters/6071,9/15/26,,,,,medium,Not stated on source page: opening year.,,,,,,,,,,,,,
1360,Kings Theatre,Loew's Kings Theatre,"1027 Flatbush Avenue, Brooklyn, NY 11226",Brooklyn,40.645895,-73.958051,https://photos.cinematreasures.org/production/photos/166022/1461874622/large.jpg?1461874622,theater_images/1360.jpg,1929,,2015,Open (Showing movies),1,Cinema Treasures,https://cinematreasures.org/theaters/1360,9/15/26,,,,,low,Most recent stated reopening year retained.,,,,,,,,,,,,,
7884,Kingsbridge Theatre,,"15 E. Kingsbridge Road, Bronx, NY 10468",Bronx,40.8671496,-73.8965141,https://photos.cinematreasures.org/production/photos/56524/1348496208/large.JPG?1348496208,theater_images/7884.jpg,1922,unknown,,Closed,1,Cinema Treasures,https://cinematreasures.org/theaters/7884,9/15/26,,,,,medium,"Not stated on source page: closing year. Current-address audit found no confirmed continuation of this theater; it is closed, but the closing year is unknown.",Match,Exact,"15 E KINGSBRIDGE RD, BRONX, NY, 10468",40.86737431,-73.89699498,Morton Williams,shop,supermarket,closed_unknown_date,medium,U.S. Census Geocoder; OpenStreetMap via Photon and Overpass,9/16/26,No matching current theater was found at the geocoded address. Closing date remains unknown.
50116,Kingston Theatre,,"1508 Fulton Street, Brooklyn, NY 11213",Brooklyn,40.6797807,-73.9405768,https://photos.cinematreasures.org/production/photos/138558/1444057683/large.JPG?1444057683,theater_images/50116.jpg,1912,1921,,Closed,1,Cinema Treasures,https://cinematreasures.org/theaters/50116,9/15/26,,,,,high,,,,,,,,,,,,,,
1361,Kingsway Theatre,RKO Kingsway Theatre,"946 Kings Highway, Brooklyn, NY 11223",Brooklyn,40.6071234,-73.9621461,https://photos.cinematreasures.org/production/photos/37561/1330902013/large.jpg?1330902013,theater_images/1361.jpg,1921,2023,,Closed,5,Cinema Treasures,https://cinematreasures.org/theaters/1361,9/15/26,,,,,low,Most recent stated closing year retained.,,,,,,,,,,,,,
28779,Kismet Temple,Kismet Temple Shrine,"92 Herkimer Street, Brooklyn, NY 11216",Brooklyn,40.679184,-73.950536,https://photos.cinematreasures.org/production/photos/264724/1549067698/large.jpg?1549067698,theater_images/28779.jpg,,unknown,,Closed,1,Cinema Treasures,https://cinematreasures.org/theaters/28779,9/15/26,,,,,medium,"Not stated on source page: opening year, closing year. Current-address audit found no confirmed continuation of this theater; it is closed, but the closing year is unknown.",Match,Exact,"92 HERKIMER ST, BROOKLYN, NY, 11216",40.67959058,-73.94988085,556,building,yes,closed_unknown_date,medium,U.S. Census Geocoder; OpenStreetMap via Photon and Overpass,9/16/26,No matching current theater was found at the geocoded address. Closing date remains unknown.
7822,Kismet Theatre,Fox Kismet Theatre,"785 DeKalb Avenue, Brooklyn, NY 11206",Brooklyn,40.692158,-73.944709,https://photos.cinematreasures.org/production/photos/21524/1313245471/large.JPG?1313245471,theater_images/7822.jpg,1922,1962,,Closed,1,Cinema Treasures,https://cinematreasures.org/theaters/7822,9/15/26,,,,,high,,,,,,,,,,,,,,
8360,Knickerbocker Casino Theater,,"274 Knickerbocker Avenue, Brooklyn, NY 11237",Brooklyn,40.702001,-73.924482,https://photos.cinematreasures.org/production/photos/3861/1307843902/large.jpg?1307843902,theater_images/8360.jpg,,unknown,,Closed,1,Cinema Treasures,https://cinematreasures.org/theaters/8360,9/15/26,,,,,medium,"Not stated on source page: opening year, closing year. Current-address audit found no confirmed continuation of this theater; it is closed, but the closing year is unknown.",Match,Exact,"274 KNICKERBOCKER AVE, BROOKLYN, NY, 11237",40.70217467,-73.92439216,El Mercardito,shop,convenience,closed_unknown_date,medium,U.S. Census Geocoder; OpenStreetMap via Photon and Overpass,9/16/26,No matching current theater was found at the geocoded address. Closing date remains unknown.
39953,Knickerbocker Theatre,"Abbey's Theatre, Henry Abbey's Theatre","1396 Broadway, New York, NY 10018",Manhattan,40.7533725,-73.9872089,https://photos.cinematreasures.org/production/photos/59748/1351577420/large.jpg?1351577420,theater_images/39953.jpg,1893,unknown,,Closed,1,Cinema Treasures,https://cinematreasures.org/theaters/39953,9/15/26,,,,,medium,"Not stated on source page: closing year. Current-address audit found no confirmed continuation of this theater; it is closed, but the closing year is unknown.",Match,Exact,"1396 BROADWAY, NEW YORK, NY, 10018",40.75277747,-73.98726232,1384,place,house,closed_unknown_date,medium,U.S. Census Geocoder; OpenStreetMap via Photon and Overpass,9/16/26,No matching current theater was found at the geocoded address. Closing date remains unknown.
16811,Korn's Bayside Theatre,,"39-21 Bell Boulevard, Bayside, NY 11361",Queens,40.764695,-73.771251,https://photos.cinematreasures.org/production/photos/12161/1310610983/large.JPG?1310610983,theater_images/16811.jpg,1913,unknown,,Closed,1,Cinema Treasures,https://cinematreasures.org/theaters/16811,9/15/26,,,,,medium,"Not stated on source page: closing year. Current-address audit found no confirmed continuation of this theater; it is closed, but the closing year is unknown.",Match,Exact,"39-21 BELL BLVD, BAYSIDE, NY, 11361",40.76509606,-73.77169345,39-05,building,yes,closed_unknown_date,medium,U.S. Census Geocoder; OpenStreetMap via Photon and Overpass,9/16/26,No matching current theater was found at the geocoded address. Closing date remains unknown.
17194,Kossuth Theater,,"6911 Fresh Pond Road, Ridgewood, NY 11385",Queens,40.6980051,-73.8879357,https://photos.cinematreasures.org/production/photos/196221/1483052152/large.jpg?1483052152,theater_images/17194.jpg,1916,1926,,Closed,1,Cinema Treasures,https://cinematreasures.org/theaters/17194,9/15/26,,,,,low,Opening year is approximate (1916). Closing year is approximate (1926). Most recent stated closing year retained.,,,,,,,,,,,,,
14770,Koster & Bial's Music Hall,Manhattan Opera House,"135 W. 34th Street, New York, NY 10001",Manhattan,40.7502869,-73.9888771,https://photos.cinematreasures.org/production/photos/135983/1442103114/large.jpg?1442103114,theater_images/14770.jpg,1892,1893,,Closed,1,Cinema Treasures,https://cinematreasures.org/theaters/14770,9/15/26,,,,,high,,,,,,,,,,,,,,
8091,Laconia Theatre,,"3942 White Plains Road, Bronx, NY 10467",Bronx,40.8867874,-73.8610545,,,1926,unknown,,Closed,1,Cinema Treasures,https://cinematreasures.org/theaters/8091,9/15/26,,,,,medium,"Not stated on source page: closing year, image. Current-address audit found no confirmed continuation of this theater; it is closed, but the closing year is unknown.",Match,Non_Exact,"3942 WHITE PLAINS RD, BRONX, NY, 10466",40.88702478,-73.86082029,3942,place,house,closed_unknown_date,medium,U.S. Census Geocoder; OpenStreetMap via Photon and Overpass,9/16/26,No matching current theater was found at the geocoded address. Closing date remains unknown.
12596,Lafayette Theatre,,"2227 Adam Clayton Powell Jr. Boulevard, New York, NY 10027",Manhattan,40.8130479,-73.9452041,https://photos.cinematreasures.org/production/photos/6781/1308837251/large.jpg?1308837251,theater_images/12596.jpg,1912,unknown,,Closed,1,Cinema Treasures,https://cinematreasures.org/theaters/12596,9/15/26,,,,,medium,"Not stated on source page: closing year. Current-address audit found no confirmed continuation of this theater; it is closed, but the closing year is unknown.",Match,Exact,"2227 ADAM CLAYTON POWELL JR BLVD, NEW YORK, NY, 10027",40.81298028,-73.94531438,Adam Clayton Powell Jr. Boulevard,highway,primary,closed_unknown_date,medium,U.S. Census Geocoder; OpenStreetMap via Photon and Overpass,9/16/26,No matching current theater was found at the geocoded address. Closing date remains unknown.
10150,Lakeland Theatre,Brighton Playhouse,"273 Brighton Beach Avenue, Brooklyn, NY 11235",Brooklyn,40.577193,-73.964872,https://photos.cinematreasures.org/production/photos/21551/1313258178/large.JPG?1313258178,theater_images/10150.jpg,1925,1951,,Closed,1,Cinema Treasures,https://cinematreasures.org/theaters/10150,9/15/26,,,,,high,,,,,,,,,,,,,,
3414,Lane Theatre,,"168 New Dorp Lane, Staten Island, NY 10306",Staten Island,40.573193,-74.115519,https://photos.cinematreasures.org/production/photos/45703/1338304622/large.jpg?1338304622,theater_images/3414.jpg,1938,2011,2009,Closed,1,Cinema Treasures,https://cinematreasures.org/theaters/3414,9/15/26,,,,,low,Most recent stated closing year retained.,,,,,,,,,,,,,
7864,Lane Theatre,,"560 W. 181st Street, New York, NY 10033",Manhattan,40.8489103,-73.9328065,https://photos.cinematreasures.org/production/photos/278170/1562697517/large.jpg?1562697517,theater_images/7864.jpg,1937,1959,,Closed,1,Cinema Treasures,https://cinematreasures.org/theaters/7864,9/15/26,,,,,low,Opening year is an upper bound ('prior to/before 1937').,,,,,,,,,,,,,
8077,Laurelton Theatre,,"227-10 Merrick Boulevard, Laurelton, NY 11413",Queens,40.676546,-73.742955,https://photos.cinematreasures.org/production/photos/105735/1408065698/large.jpg?1408065698,theater_images/8077.jpg,1941,unknown,,Closed,1,Cinema Treasures,https://cinematreasures.org/theaters/8077,9/15/26,,,,,medium,"Not stated on source page: closing year. Current-address audit found no confirmed continuation of this theater; it is closed, but the closing year is unknown.",Match,Exact,"227-10 MERRICK BLVD, LAURELTON, NY, 11413",40.67689346,-73.74296125,Evangel Temple,amenity,place_of_worship,closed_unknown_date,medium,U.S. Census Geocoder; OpenStreetMap via Photon and Overpass,9/16/26,No matching current theater was found at the geocoded address. Closing date remains unknown.
3885,Leader Theatre,,"947 Coney Island Avenue, Brooklyn, NY 11230",Brooklyn,40.6343975,-73.9673611,https://photos.cinematreasures.org/production/photos/6081/1308586536/large.jpg?1308586536,theater_images/3885.jpg,1927,1960,,Closed,1,Cinema Treasures,https://cinematreasures.org/theaters/3885,9/15/26,,,,,high,,,,,,,,,,,,,,
4686,Lefferts Theatre,,"122-02 Liberty Avenue, Richmond Hill, NY 11419",Queens,40.6872106,-73.8216033,https://photos.cinematreasures.org/production/photos/43901/1336339175/large.jpg?1336339175,theater_images/4686.jpg,1926,unknown,,Closed,3,Cinema Treasures,https://cinematreasures.org/theaters/4686,9/15/26,,,,,low,"Opening year is an upper bound ('prior to/before 1926'). Not stated on source page: closing year. Current-address audit found no confirmed continuation of this theater; it is closed, but the closing year is unknown.",Match,Non_Exact,"122-02 LIBERTY AVE, SOUTH RICHMOND HILL, NY, 11419",40.68722032,-73.82147209,Liberty Avenue,highway,tertiary,closed_unknown_date,medium,U.S. Census Geocoder; OpenStreetMap via Photon and Overpass,9/16/26,No matching current theater was found at the geocoded address. Closing date remains unknown.
11020,LeFrak Theater,Naturemax Theater,"Central Park West and W. 79th Street, New York, NY 10024",Manhattan,40.7820286,-73.9717052,https://photos.cinematreasures.org/production/photos/168929/1464202424/large.gif?1464202424,theater_images/11020.gif,1900,,,Open (Showing movies),1,Cinema Treasures,https://cinematreasures.org/theaters/11020,9/15/26,,,,,high,,,,,,,,,,,,,,
59896,Lenox Garden Theatre,,"Central Park N and St. Nicolas Avenue, New York, NY 10026",Manhattan,,,,,1914,unknown,,Closed,1,Cinema Treasures,https://cinematreasures.org/theaters/59896,9/15/26,,,,,medium,"Not stated on source page: closing year, coordinates, image. Current-address audit found no confirmed continuation of this theater; it is closed, but the closing year is unknown.",No_Match,,,,,,,,closed_unknown_date,low,U.S. Census Geocoder; OpenStreetMap via Photon and Overpass,9/16/26,No matching current theater was found at the geocoded address. Closing date remains unknown.
13991,Lenox Little Theatre,"Lenox Theatre, Lenox Hill Theatre, Lenox House Theatre, East 78th Street Playhouse","52 E. 78th Street, New York, NY 10021",Manhattan,40.7753073,-73.9620947,https://photos.cinematreasures.org/production/photos/129975/1436223565/large.jpg?1436223565,theater_images/13991.jpg,,unknown,,Closed,1,Cinema Treasures,https://cinematreasures.org/theaters/13991,9/15/26,,,,,medium,"Not stated on source page: opening year, closing year. Current-address audit found no confirmed continuation of this theater; it is closed, but the closing year is unknown.",Match,Non_Exact,"52 E 78TH ST, NEW YORK, NY, 10075",40.77542868,-73.96228857,40,place,house,closed_unknown_date,medium,U.S. Census Geocoder; OpenStreetMap via Photon and Overpass,9/16/26,No matching current theater was found at the geocoded address. Closing date remains unknown.
41503,Leonard Theatre,,"222 Leonard Street, Brooklyn, NY 11211",Brooklyn,40.7117636,-73.9472118,https://photos.cinematreasures.org/production/photos/77323/1375020582/large.JPG?1375020582,theater_images/41503.jpg,1913,1915,,Closed,1,Cinema Treasures,https://cinematreasures.org/theaters/41503,9/15/26,,,,,low,Closing year is approximate (1915). Most recent stated closing year retained.,,,,,,,,,,,,,
36266,Lewis Theatre,,"5 Lewis Avenue, Brooklyn, NY 11206",Brooklyn,40.697529,-73.937895,https://photos.cinematreasures.org/production/photos/6636/1308744007/large.jpg?1308744007,theater_images/36266.jpg,1912,1926,,Closed,1,Cinema Treasures,https://cinematreasures.org/theaters/36266,9/15/26,,,,,low,Most recent stated closing year retained.,,,,,,,,,,,,,
2465,Liberty Theatre,,"70 Beach Street, Staten Island, NY 10304",Staten Island,40.627996,-74.078526,https://photos.cinematreasures.org/production/photos/125630/1432037668/large.jpg?1432037668,theater_images/2465.jpg,1918,1953,,Closed,1,Cinema Treasures,https://cinematreasures.org/theaters/2465,9/15/26,,,,,high,,,,,,,,,,,,,,
2661,Liberty Theatre,,"234 W. 42nd Street, New York, NY 10036",Manhattan,40.756392,-73.988307,https://photos.cinematreasures.org/production/photos/26990/1316656876/large.jpg?1316656876,theater_images/2661.jpg,1904,1933,,Closed,1,Cinema Treasures,https://cinematreasures.org/theaters/2661,9/15/26,,,,,high,,,,,,,,,,,,,,
27260,Liberty Theatre,"Liberty Avenue Theatre, Loew's Liberty Theatre","61 Liberty Avenue, Brooklyn, NY 11212",Brooklyn,40.6731024,-73.9052907,https://photos.cinematreasures.org/production/photos/477279/1741939277/large.jpeg?1741939277,theater_images/27260.jpeg,1910,1919,,Closed,1,Cinema Treasures,https://cinematreasures.org/theaters/27260,9/15/26,,,,,high,,,,,,,,,,,,,,
64304,Liberty Theatre,Liberty Hall,"408 E. 116th Street, New York, NY 10029",Manhattan,40.795383,-73.935164,https://photos.cinematreasures.org/production/photos/418646/1693110392/large.jpeg?1693110392,theater_images/64304.jpeg,,unknown,,Closed,1,Cinema Treasures,https://cinematreasures.org/theaters/64304,9/15/26,,,,,medium,"Not stated on source page: opening year, closing year. Current-address audit found no confirmed continuation of this theater; it is closed, but the closing year is unknown.",Match,Exact,"408 E 116TH ST, NEW YORK, NY, 10029",40.7958392,-73.93516722,402,place,house,closed_unknown_date,medium,U.S. Census Geocoder; OpenStreetMap via Photon and Overpass,9/16/26,No matching current theater was found at the geocoded address. Closing date remains unknown.
16439,Library Square Theater,,"Lefferts Boulevard, Queens, NY 11415",Queens,40.691179,-73.826594,https://photos.cinematreasures.org/production/photos/232920/1518046064/large.jpg?1518046064,theater_images/16439.jpg,,unknown,,Closed,1,Cinema Treasures,https://cinematreasures.org/theaters/16439,9/15/26,,,,,medium,"Not stated on source page: opening year, closing year. Current-address audit found no confirmed continuation of this theater; it is closed, but the closing year is unknown.",No_Match,,,,,95-39,building,yes,closed_unknown_date,medium,U.S. Census Geocoder; OpenStreetMap via Photon and Overpass,9/16/26,No matching current theater was found at the geocoded address. Closing date remains unknown.
16692,Lido East,,"211 E. 59th Street, New York, NY 10022",Manhattan,40.761488,-73.965834,https://photos.cinematreasures.org/production/photos/261734/1544070788/large.jpg?1544070788,theater_images/16692.jpg,1970,unknown,,Closed,1,Cinema Treasures,https://cinematreasures.org/theaters/16692,9/15/26,,,,,medium,"Not stated on source page: closing year. Current-address audit found no confirmed continuation of this theater; it is closed, but the closing year is unknown.",Match,Exact,"211 E 59TH ST, NEW YORK, NY, 10022",40.76148034,-73.96626327,201,place,house,closed_unknown_date,medium,U.S. Census Geocoder; OpenStreetMap via Photon and Overpass,9/16/26,No matching current theater was found at the geocoded address. Closing date remains unknown.
14691,Lido Theatre,"Bluebird Theatre, Ramona Theatre, Teatro Granada","1763 Amsterdam Avenue, New York, NY 10031",Manhattan,40.826669,-73.94613,https://photos.cinematreasures.org/production/photos/146109/1448463723/large.jpg?1448463723,theater_images/14691.jpg,1921,unknown,,Closed,1,Cinema Treasures,https://cinematreasures.org/theaters/14691,9/15/26,,,,,medium,"Not stated on source page: closing year. Current-address audit found no confirmed continuation of this theater; it is closed, but the closing year is unknown.",Match,Exact,"1763 AMSTERDAM AVE, NEW YORK, NY, 10031",40.82662618,-73.94650451,1761,place,house,closed_unknown_date,medium,U.S. Census Geocoder; OpenStreetMap via Photon and Overpass,9/16/26,No matching current theater was found at the geocoded address. Closing date remains unknown.
25215,Lighthouse Cinema,,"116 Suffolk Street, New York, NY 10002",Manhattan,40.718901,-73.9858409,https://photos.cinematreasures.org/production/photos/120159/1426685605/large.jpg?1426685605,theater_images/25215.jpg,1996,1997,,Closed,1,Cinema Treasures,https://cinematreasures.org/theaters/25215,9/15/26,,,,,low,Most recent stated closing year retained.,,,,,,,,,,,,,
7838,Lincoln Plaza Cinemas,,"1886 Broadway, New York, NY 10023",Manhattan,40.7710162,-73.981612,https://photos.cinematreasures.org/production/photos/2649/1307294535/large.JPG?1307294535,theater_images/7838.jpg,1981,2018,,Closed,6,Cinema Treasures,https://cinematreasures.org/theaters/7838,9/15/26,,,,,high,,,,,,,,,,,,,,
10172,Lincoln Theater,,"1521 Bedford Avenue, Brooklyn, NY 11216",Brooklyn,40.670716,-73.954617,https://photos.cinematreasures.org/production/photos/243245/1526670617/large.gif?1526670617,theater_images/10172.gif,1914,1953,,Closed,1,Cinema Treasures,https://cinematreasures.org/theaters/10172,9/15/26,,,,,high,,,,,,,,,,,,,,
11537,Lincoln Theatre,,"58 W. 135th Street, New York, NY 10037",Manhattan,40.813594,-73.940391,https://photos.cinematreasures.org/production/photos/6780/1308835628/large.jpg?1308835628,theater_images/11537.jpg,1915,unknown,,Closed,1,Cinema Treasures,https://cinematreasures.org/theaters/11537,9/15/26,,,,,medium,"Not stated on source page: closing year. Current-address audit found no confirmed continuation of this theater; it is closed, but the closing year is unknown.",Match,Exact,"58 W 135TH ST, NEW YORK, NY, 10037",40.81366172,-73.9399503,A.M.E. Metropolitan Church,amenity,place_of_worship,closed_unknown_date,medium,U.S. Census Geocoder; OpenStreetMap via Photon and Overpass,9/16/26,No matching current theater was found at the geocoded address. Closing date remains unknown.
18361,Linden Boulevard Multiplex Cinemas,,"2784 Linden Boulevard, Brooklyn, NY 11208",Brooklyn,40.6693593,-73.861793,https://photos.cinematreasures.org/production/photos/109474/1411919097/large.jpg?1411919097,theater_images/18361.jpg,1998,2024,,Closed,14,Cinema Treasures,https://cinematreasures.org/theaters/18361,9/15/26,,,,,high,,,,,,,,,,,,,,
6322,Linden Theatre,"Century Theatre, Loew's Century Theatre, Century's Linden Theatre","1260 Nostrand Avenue, Brooklyn, NY 11225",Brooklyn,40.6562877,-73.9501832,https://photos.cinematreasures.org/production/photos/124256/1430606413/large.jpg?1430606413,theater_images/6322.jpg,1915,1961,1927,Closed,1,Cinema Treasures,https://cinematreasures.org/theaters/6322,9/15/26,,,,,low,Reopening year is approximate (1927).,,,,,,,,,,,,,
7437,Linden Theatre,,"114-46 Merrick Boulevard, St. Albans, NY 11434",Queens,40.690421,-73.778682,,,,1961,,Closed,1,Cinema Treasures,https://cinematreasures.org/theaters/7437,9/15/26,,,,,medium,"Not stated on source page: opening year, image.",,,,,,,,,,,,,
7702,Linden Theatre,,"815 Flatbush Avenue, Brooklyn, NY 11226",Brooklyn,40.652791,-73.9591191,https://photos.cinematreasures.org/production/photos/269882/1555714655/large.jpg?1555714655,theater_images/7702.jpg,1911,1931,,Closed,1,Cinema Treasures,https://cinematreasures.org/theaters/7702,9/15/26,,,,,low,Most recent stated closing year retained.,,,,,,,,,,,,,
7883,Lindy Theatre,"Variety Theatre, Progress Theatre","118 Graham Avenue, Brooklyn, NY 11206",Brooklyn,40.7053805,-73.94277,https://photos.cinematreasures.org/production/photos/259727/1541527577/large.gif?1541527577,theater_images/7883.gif,1909,1954,,Closed,1,Cinema Treasures,https://cinematreasures.org/theaters/7883,9/15/26,,,,,high,,,,,,,,,,,,,,
51543,Little Bijou Theatre,"Bridge Theatre, Bijou Theatre","118 Park Row, New York, NY 10038",Manhattan,40.7120922,-74.0049186,,,1914,unknown,,Closed,1,Cinema Treasures,https://cinematreasures.org/theaters/51543,9/15/26,,,,,low,"Opening year is an upper bound ('prior to/before 1914'). Not stated on source page: closing year, image. Current-address audit found no confirmed continuation of this theater; it is closed, but the closing year is unknown.",Match,Non_Exact,"118 PARK ROW, NEW YORK, NY, 10007",40.712795,-74.00210102,Police Plaza,highway,footway,closed_unknown_date,medium,U.S. Census Geocoder; OpenStreetMap via Photon and Overpass,9/16/26,No matching current theater was found at the geocoded address. Closing date remains unknown.
6451,Little Carnegie Theatre,Little Carnegie Playhouse,"146 W. 57th Street, New York, NY 10019",Manhattan,40.765047,-73.978983,https://photos.cinematreasures.org/production/photos/68380/1362264462/large.PNG?1362264462,theater_images/6451.png,1928,1982,,Closed,1,Cinema Treasures,https://cinematreasures.org/theaters/6451,9/15/26,,,,,high,,,,,,,,,,,,,,
5848,Little Neck Theatre,,"254-08 Northern Boulevard, Little Neck, NY 11362",Queens,40.771636,-73.7345591,https://photos.cinematreasures.org/production/photos/119931/1426290320/large.jpg?1426290320,theater_images/5848.jpg,1929,unknown,,Closed,1,Cinema Treasures,https://cinematreasures.org/theaters/5848,9/15/26,,,,,medium,"Not stated on source page: closing year. Current-address audit found no confirmed continuation of this theater; it is closed, but the closing year is unknown.",Match,Exact,"254-08 NORTHERN BLVD, LITTLE NECK, NY, 11362",40.77163408,-73.7345825,Northern Boulevard,highway,primary,closed_unknown_date,medium,U.S. Census Geocoder; OpenStreetMap via Photon and Overpass,9/16/26,No matching current theater was found at the geocoded address. Closing date remains unknown.
8493,Little Picture House,,"151 E. 50th Street, New York, NY 10022",Manhattan,40.7563117,-73.9713072,https://photos.cinematreasures.org/production/photos/184833/1475697620/large.gif?1475697620,theater_images/8493.gif,1929,1934,,Closed,1,Cinema Treasures,https://cinematreasures.org/theaters/8493,9/15/26,,,,,high,,,,,,,,,,,,,,
11180,Livonia Theatre,,"382 Livonia Avenue, Brooklyn, NY 11212",Brooklyn,40.6633495,-73.9033812,https://photos.cinematreasures.org/production/photos/78928/1376668687/large.JPG?1376668687,theater_images/11180.jpg,1922,1951,,Closed,1,Cinema Treasures,https://cinematreasures.org/theaters/11180,9/15/26,,,,,low,Opening year is approximate (1922).,,,,,,,,,,,,,
1299,Loew's 167th Street Theatre,,"48 E. 167th Street, Bronx, NY 10452",Bronx,40.83533,-73.920937,https://photos.cinematreasures.org/production/photos/113595/1417637265/large.jpg?1417637265,theater_images/1299.jpg,1928,unknown,,Closed,1,Cinema Treasures,https://cinematreasures.org/theaters/1299,9/15/26,,,,,medium,"Not stated on source page: closing year. Current-address audit found no confirmed continuation of this theater; it is closed, but the closing year is unknown.",Match,Exact,"48 E 167TH ST, BRONX, NY, 10452",40.83557025,-73.92100817,Dunkin',amenity,fast_food,closed_unknown_date,medium,U.S. Census Geocoder; OpenStreetMap via Photon and Overpass,9/16/26,No matching current theater was found at the geocoded address. Closing date remains unknown.
6230,Loew's 34th Street Showplace,,"234-238 E. 34th Street, New York, NY 10016",Manhattan,40.7450941,-73.9766996,https://photos.cinematreasures.org/production/photos/51979/1344720900/large.jpg?1344720900,theater_images/6230.jpg,1996,unknown,,Closed,3,Cinema Treasures,https://cinematreasures.org/theaters/6230,9/15/26,,,,,low,"Opening year is approximate (1996). Not stated on source page: closing year. Current-address audit found no confirmed continuation of this theater; it is closed, but the closing year is unknown.",Match,Non_Exact,"238 E 34TH ST, NEW YORK, NY, 10016",40.74520681,-73.9770482,House of Wine and Liquor,shop,alcohol,closed_unknown_date,medium,U.S. Census Geocoder; OpenStreetMap via Photon and Overpass,9/16/26,No matching current theater was found at the geocoded address. Closing date remains unknown.
6850,Loew's 42nd Street Theatre,Murray Hill Theatre,"132 E. 42nd Street, New York, NY 10017",Manhattan,40.7514013,-73.9760014,https://photos.cinematreasures.org/production/photos/119268/1425576748/large.JPG?1425576748,theater_images/6850.jpg,1896,unknown,,Closed,1,Cinema Treasures,https://cinematreasures.org/theaters/6850,9/15/26,,,,,medium,"Not stated on source page: closing year. Current-address audit found no confirmed continuation of this theater; it is closed, but the closing year is unknown.",Match,Exact,"132 E 42ND ST, NEW YORK, NY, 10017",40.75134658,-73.97597525,Grand Central–42nd Street (7),railway,platform,closed_unknown_date,medium,U.S. Census Geocoder; OpenStreetMap via Photon and Overpass,9/16/26,No matching current theater was found at the geocoded address. Closing date remains unknown.
902,Loew's 46th Street Theatre,"Universal Theatre, 46th Street Theatre, 46th Street Rock Palace","4515 New Utrecht Avenue, Brooklyn, NY 11219",Brooklyn,40.639111,-73.993888,https://photos.cinematreasures.org/production/photos/44802/1337392964/large.jpg?1337392964,theater_images/902.jpg,1927,1973,,Closed,1,Cinema Treasures,https://cinematreasures.org/theaters/902,9/15/26,,,,,low,Most recent stated closing year retained.,,,,,,,,,,,,,
7766,Loew's 72nd Street East,Loews Tower East,"1230 3rd Avenue, New York, NY 10021",Manhattan,40.7693497,-73.961117,https://photos.cinematreasures.org/production/photos/182/1306312275/large.jpg?1306312275,theater_images/7766.jpg,1962,2010,,Closed,1,Cinema Treasures,https://cinematreasures.org/theaters/7766,9/15/26,,,,,high,,,,,,,,,,,,,,
1263,Loew's 72nd Street Theatre,,"180 E. 72nd Street, New York, NY 10021",Manhattan,40.769753,-73.96138,https://photos.cinematreasures.org/production/photos/35337/1328473685/large.jpg?1328473685,theater_images/1263.jpg,1932,1960,,Closed,1,Cinema Treasures,https://cinematreasures.org/theaters/1263,9/15/26,,,,,high,,,,,,,,,,,,,,
16616,Loew's 7th Avenue Theatre,Harlem Casino,"2081 Adam Clayton Powell Jr. Boulevard, New York, NY 10027",Manhattan,40.808302,-73.948241,https://photos.cinematreasures.org/production/photos/3964/1307916956/large.jpg?1307916956,theater_images/16616.jpg,,unknown,,Closed,1,Cinema Treasures,https://cinematreasures.org/theaters/16616,9/15/26,,,,,medium,"Not stated on source page: opening year, closing year. Current-address audit found no confirmed continuation of this theater; it is closed, but the closing year is unknown.",Match,Exact,"2081 ADAM CLAYTON POWELL JR BLVD, NEW YORK, NY, 10027",40.80831801,-73.94871964,Adam Clayton Powell Jr. Boulevard,highway,primary,closed_unknown_date,medium,U.S. Census Geocoder; OpenStreetMap via Photon and Overpass,9/16/26,No matching current theater was found at the geocoded address. Closing date remains unknown.
1336,Loew's 83rd Street Quad,Loew's 83rd Street Theatre,"2300 Broadway, New York, NY 10024",Manhattan,40.7865078,-73.9776372,https://photos.cinematreasures.org/production/photos/173880/1468939584/large.gif?1468939584,theater_images/1336.gif,1921,1984,,Closed,4,Cinema Treasures,https://cinematreasures.org/theaters/1336,9/15/26,,,,,high,,,,,,,,,,,,,,
31541,Loew's 86th Street Theatre,86th Street Theatre,"162 E. 86th Street, New York, NY 10028",Manhattan,40.7791581,-73.954847,https://photos.cinematreasures.org/production/photos/263498/1547076625/large.jpg?1547076625,theater_images/31541.jpg,1911,unknown,,Closed,1,Cinema Treasures,https://cinematreasures.org/theaters/31541,9/15/26,,,,,medium,"Not stated on source page: closing year. Current-address audit found no confirmed continuation of this theater; it is closed, but the closing year is unknown.",Match,Exact,"162 E 86TH ST, NEW YORK, NY, 10028",40.77921138,-73.95506681,East 86th Street,highway,secondary,closed_unknown_date,medium,U.S. Census Geocoder; OpenStreetMap via Photon and Overpass,9/16/26,No matching current theater was found at the geocoded address. Closing date remains unknown.
3386,Loew's American Theatre,"American Theatre, American Music Hall","260-62 W. 42nd Street, New York, NY 10036",Manhattan,40.756779,-73.989429,https://photos.cinematreasures.org/production/photos/155669/1453485453/large.jpg?1453485453,theater_images/3386.jpg,1893,1929,,Closed,2,Cinema Treasures,https://cinematreasures.org/theaters/3386,9/15/26,,,,,high,,,,,,,,,,,,,,
6338,Loew's Avenue B Theatre,,"72 Avenue B, New York, NY 10009",Manhattan,40.7238073,-73.9821599,https://photos.cinematreasures.org/production/photos/157774/1454803813/large.jpg?1454803813,theater_images/6338.jpg,1913,1957,,Closed,1,Cinema Treasures,https://cinematreasures.org/theaters/6338,9/15/26,,,,,low,Closing year is approximate (1957).,,,,,,,,,,,,,
4732,Loew's Bay Terrace,,"213-29 26th Avenue, Bayside, NY 11360",Queens,40.7785062,-73.7765018,https://photos.cinematreasures.org/production/photos/123537/1429972136/large.jpg?1429972136,theater_images/4732.jpg,1964,1993,,Closed,2,Cinema Treasures,https://cinematreasures.org/theaters/4732,9/15/26,,,,,high,,,,,,,,,,,,,,
2237,Loew's Bedford Theatre,"Bedford Theatre, Fox's Bedford Theatre, Keeney's Bedford Theatre","1372 Bedford Avenue, Brooklyn, NY 11216",Brooklyn,40.676584,-73.953262,https://photos.cinematreasures.org/production/photos/231691/1516666730/large.jpg?1516666730,theater_images/2237.jpg,,1952,,Closed,1,Cinema Treasures,https://cinematreasures.org/theaters/2237,9/15/26,,,,,medium,Not stated on source page: opening year.,,,,,,,,,,,,,
15323,Loew's Bijou Theatre,Bijou Theatre,"26 Smith Street, Brooklyn, NY 11201",Brooklyn,40.691239,-73.987652,https://photos.cinematreasures.org/production/photos/125605/1432004551/large.jpg?1432004551,theater_images/15323.jpg,1893,unknown,,Closed,1,Cinema Treasures,https://cinematreasures.org/theaters/15323,9/15/26,,,,,medium,"Not stated on source page: closing year. Current-address audit found no confirmed continuation of this theater; it is closed, but the closing year is unknown.",Match,Exact,"26 SMITH ST, BROOKLYN, NY, 11201",40.68856478,-73.98929071,Smith Street,highway,tertiary,closed_unknown_date,medium,U.S. Census Geocoder; OpenStreetMap via Photon and Overpass,9/16/26,No matching current theater was found at the geocoded address. Closing date remains unknown.
6105,Loew's Boston Road Theatre,Boston Road Theatre,"1472 Boston Road, Bronx, NY 10459",Bronx,40.834045,-73.894662,https://photos.cinematreasures.org/production/photos/262588/1545678584/large.jpg?1545678584,theater_images/6105.jpg,1925,2025,,Closed,1,Cinema Treasures,https://cinematreasures.org/theaters/6105,9/15/26,,,,,low,Most recent stated closing year retained.,,,,,,,,,,,,,
3949,Loew's Brevoort Theatre,Brevoort Theatre,"1272 Bedford Avenue, Brooklyn, NY 11216",Brooklyn,40.6802524,-73.9533163,https://photos.cinematreasures.org/production/photos/138729/1444225853/large.jpg?1444225853,theater_images/3949.jpg,1918,1961,,Closed,1,Cinema Treasures,https://cinematreasures.org/theaters/3949,9/15/26,,,,,high,,,,,,,,,,,,,,
521,Loew's Canal Theatre,Canal Theatre,"31 Canal Street, New York, NY 10002",Manhattan,40.7145736,-73.990831,https://photos.cinematreasures.org/production/photos/114829/1419955381/large.jpg?1419955381,theater_images/521.jpg,1927,unknown,,Closed,1,Cinema Treasures,https://cinematreasures.org/theaters/521,9/15/26,,,,,medium,"Not stated on source page: closing year. Current-address audit found no confirmed continuation of this theater; it is closed, but the closing year is unknown.",Match,Exact,"31 CANAL ST, NEW YORK, NY, 10002",40.71462645,-73.99079496,31,place,house,closed_unknown_date,medium,U.S. Census Geocoder; OpenStreetMap via Photon and Overpass,9/16/26,No matching current theater was found at the geocoded address. Closing date remains unknown.
522,Loew's Capitol Theatre,"Capitol Theatre, Loew's Cinerama","1645 Broadway, New York, NY 10019",Manhattan,40.7619567,-73.9837207,https://photos.cinematreasures.org/production/photos/992/1306803095/large.jpg?1306803095,theater_images/522.jpg,1959,1920,,Closed,1,Cinema Treasures,https://cinematreasures.org/theaters/522,9/15/26,,,,,high,,,,,,,,,,,,,,
527,Loew's Commodore Theater,"Commodore Theater, Village Theater, Fillmore East, N.F.E., Village East, The Saint","105 2nd Avenue, New York, NY 10003",Manhattan,40.7277507,-73.9888376,https://photos.cinematreasures.org/production/photos/39289/1332186908/large.jpg?1332186908,theater_images/527.jpg,1926,1988,1968,Closed,1,Cinema Treasures,https://cinematreasures.org/theaters/527,9/15/26,,,,,low,Most recent stated closing year retained.,,,,,,,,,,,,,
529,Loew's Delancey Theatre,Loew's Delancey Street Theatre,"140-146 Delancey Street, New York, NY 10002",Manhattan,40.7182838,-73.9865966,https://photos.cinematreasures.org/production/photos/122969/1429208942/large.png?1429208942,theater_images/529.png,1911,2018,,Closed,1,Cinema Treasures,https://cinematreasures.org/theaters/529,9/15/26,,,,,low,Most recent stated closing year retained.,,,,,,,,,,,,,
7571,Loew's Elsmere Theatre,,"1924 Crotona Parkway, Bronx, NY 10460",Bronx,40.8412707,-73.885547,https://photos.cinematreasures.org/production/photos/39459/1332274325/large.jpg?1332274325,theater_images/7571.jpg,1914,unknown,,Closed,1,Cinema Treasures,https://cinematreasures.org/theaters/7571,9/15/26,,,,,medium,"Not stated on source page: closing year. Current-address audit found no confirmed continuation of this theater; it is closed, but the closing year is unknown.",Match,Exact,"1924 CROTONA PKWY, BRONX, NY, 10460",40.84162345,-73.88539618,932,place,house,closed_unknown_date,medium,U.S. Census Geocoder; OpenStreetMap via Photon and Overpass,9/16/26,No matching current theater was found at the geocoded address. Closing date remains unknown.
6634,Loew's Fairmount Theatre,"Fairmont Theatre, Fairmount Cinemas","708 E. Tremont Avenue, Bronx, NY 10457",Bronx,40.845092,-73.8906832,https://photos.cinematreasures.org/production/photos/27069/1316737261/large.jpg?1316737261,theater_images/6634.jpg,1928,1991,,Closed,3,Cinema Treasures,https://cinematreasures.org/theaters/6634,9/15/26,,,,,high,,,,,,,,,,,,,,
6845,Loew's Fulton Theatre,Fulton Theatre,"1283 Fulton Street, Brooklyn, NY 11216",Brooklyn,40.6804338,-73.9500286,https://photos.cinematreasures.org/production/photos/213191/1499440550/large.gif?1499440550,theater_images/6845.gif,1908,1930,,Closed,1,Cinema Treasures,https://cinematreasures.org/theaters/6845,9/15/26,,,,,high,,,,,,,,,,,,,,
3883,Loew's Gates Theatre,,"1340 Broadway, Brooklyn, NY 11221",Brooklyn,40.6899548,-73.9229031,https://photos.cinematreasures.org/production/photos/203282/1489031073/large.JPG?1489031073,theater_images/3883.jpg,1921,1977,,Closed,1,Cinema Treasures,https://cinematreasures.org/theaters/3883,9/15/26,,,,,high,,,,,,,,,,,,,,
3921,Loew's Georgetowne Twins,,"2183 Ralph Avenue, Brooklyn, NY 11234",Brooklyn,40.625964,-73.916317,https://photos.cinematreasures.org/production/photos/145728/1448321965/large.jpg?1448321965,theater_images/3921.jpg,1970,1993,,Closed,2,Cinema Treasures,https://cinematreasures.org/theaters/3921,9/15/26,,,,,high,,,,,,,,,,,,,,
6088,Loew's Grand Theatre,,"2463 Jerome Avenue, Bronx, NY 10468",Bronx,40.8629176,-73.9009837,https://photos.cinematreasures.org/production/photos/173370/1468435930/large.gif?1468435930,theater_images/6088.gif,1927,1957,,Closed,1,Cinema Treasures,https://cinematreasures.org/theaters/6088,9/15/26,,,,,high,,,,,,,,,,,,,,
8950,Loew's Inwood Theater,Inwood Theater,"132 Dyckman Street, New York, NY 10040",Manhattan,40.8625745,-73.9254134,https://photos.cinematreasures.org/production/photos/34789/1328105268/large.jpg?1328105268,theater_images/8950.jpg,1925,1964,,Closed,1,Cinema Treasures,https://cinematreasures.org/theaters/8950,9/15/26,,,,,low,Opening year is approximate (1925).,,,,,,,,,,,,,
3863,Loew's Kameo Theatre,"Cameo Theatre, Brandt's Kameo Theatre","530 Eastern Parkway, Brooklyn, NY 11225",Brooklyn,40.6698588,-73.9507905,https://photos.cinematreasures.org/production/photos/3936/1307909641/large.jpg?1307909641,theater_images/3863.jpg,1924,1974,,Closed,1,Cinema Treasures,https://cinematreasures.org/theaters/3863,9/15/26,,,,,high,,,,,,,,,,,,,,
1362,Loew's Lexington Theatre,"Lexington Avenue Opera House, Biltmore Theatre","571 Lexington Avenue, New York, NY 10022",Manhattan,40.7570359,-73.9720035,https://photos.cinematreasures.org/production/photos/143947/1447608778/large.png?1447608778,theater_images/1362.png,1910,1960,,Closed,1,Cinema Treasures,https://cinematreasures.org/theaters/1362,9/15/26,,,,,high,,,,,,,,,,,,,,
3368,Loew's Lincoln Square Theatre,Lincoln Square Theatre,"1947 Broadway, New York, NY 10023",Manhattan,40.773907,-73.982371,https://photos.cinematreasures.org/production/photos/35359/1328476651/large.jpg?1328476651,theater_images/3368.jpg,1969,1950,1931,Closed,1,Cinema Treasures,https://cinematreasures.org/theaters/3368,9/15/26,,,,,low,Opening year represents an approximate decade reference (1969).,,,,,,,,,,,,,
4149,Loew's Melba Theatre,"Keeney's Theatre, Loew's Livingston Theatre","300 Livingston Street, Brooklyn, NY 11217",Brooklyn,40.6883823,-73.9826066,https://photos.cinematreasures.org/production/photos/22333/1313654871/large.jpg?1313654871,theater_images/4149.jpg,1915,1954,,Closed,1,Cinema Treasures,https://cinematreasures.org/theaters/4149,9/15/26,,,,,high,,,,,,,,,,,,,,
12447,Loew's Metropolis Theatre,Metropolis Theatre,"2644 Third Avenue, Bronx, NY 10454",Bronx,40.8127239,-73.9239945,https://photos.cinematreasures.org/production/photos/174288/1469371719/large.gif?1469371719,theater_images/12447.gif,1913,1926,,Closed,1,Cinema Treasures,https://cinematreasures.org/theaters/12447,9/15/26,,,,,high,,,,,,,,,,,,,,
1373,Loew's Metropolitan Theatre,,"392 Fulton Street, Brooklyn, NY 11201",Brooklyn,40.6912685,-73.9869022,https://photos.cinematreasures.org/production/photos/24078/1314672573/large.jpg?1314672573,theater_images/1373.jpg,1918,1996,2002,Closed,1,Cinema Treasures,https://cinematreasures.org/theaters/1373,9/15/26,,,,,low,Most recent stated closing year retained.,,,,,,,,,,,,,
6672,Loew's National Theatre,National Theatre,"570 Bergen Avenue, Bronx, NY 10455",Bronx,40.8161404,-73.9160375,https://photos.cinematreasures.org/production/photos/28675/1318499540/large.jpg?1318499540,theater_images/6672.jpg,1910,1974,,Closed,1,Cinema Treasures,https://cinematreasures.org/theaters/6672,9/15/26,,,,,high,,,,,,,,,,,,,,
15178,Loew's New York Theatre and Roof,"Olympia Music Hall, Loew's New York Theatre and Annex","1514-1516 Broadway, New York, NY 10036",Manhattan,40.7573507,-73.9858423,https://photos.cinematreasures.org/production/photos/87516/1384601505/large.jpg?1384601505,theater_images/15178.jpg,1895,unknown,,Closed,2,Cinema Treasures,https://cinematreasures.org/theaters/15178,9/15/26,,,,,medium,"Not stated on source page: closing year. Current-address audit found no confirmed continuation of this theater; it is closed, but the closing year is unknown.",Match,Non_Exact,"1516 BROADWAY, NEW YORK, NY, 10036",40.75737107,-73.98569943,West 44th Street,highway,residential,closed_unknown_date,low,U.S. Census Geocoder; OpenStreetMap via Photon and Overpass,9/16/26,"A nearby mapped venue matched part of the name, but review did not confirm it as the same historical theater; the theater is closed and its closing year remains unknown."
1380,Loew's Oriental Theatre,,"1832 86th Street, Brooklyn, NY 11214",Brooklyn,40.6066294,-74.0019571,https://photos.cinematreasures.org/production/photos/22302/1313625583/large.jpg?1313625583,theater_images/1380.jpg,1927,1995,,Closed,3,Cinema Treasures,https://cinematreasures.org/theaters/1380,9/15/26,,,,,high,,,,,,,,,,,,,,
547,Loew's Orpheum Twin Theatre,"Loew's Orpheum Theatre, Loew's Cine 3rd Avenue, Loew's Orpheum 2","168 E. 86th Street, New York, NY 10128",Manhattan,40.779126,-73.9547682,https://photos.cinematreasures.org/production/photos/26996/1316657418/large.jpg?1316657418,theater_images/547.jpg,1913,1989,1968,Closed,2,Cinema Treasures,https://cinematreasures.org/theaters/547,9/15/26,,,,,high,,,,,,,,,,,,,,
900,Loew's Paradise Theatre,Utopia's Paradise Theater,"2413 Grand Concourse, Bronx, NY 10468",Bronx,40.8602917,-73.8985309,https://photos.cinematreasures.org/production/photos/2143/1307137692/large.jpg?1307137692,theater_images/900.jpg,1929,1994,,Closed,1,Cinema Treasures,https://cinematreasures.org/theaters/900,9/15/26,,,,,high,,,,,,,,,,,,,,
3887,Loew's Pitkin Theatre,,"1501 Pitkin Avenue, Brooklyn, NY 11212",Brooklyn,40.6686582,-73.9177758,https://photos.cinematreasures.org/production/photos/245/1306405764/large.jpg?1306405764,theater_images/3887.jpg,1929,1971,,Closed,1,Cinema Treasures,https://cinematreasures.org/theaters/3887,9/15/26,,,,,high,,,,,,,,,,,,,,
7602,Loew's Post Road,,"3475 Boston Road, Bronx, NY",Bronx,40.8766756,-73.8475385,https://photos.cinematreasures.org/production/photos/55843/1348089358/large.jpg?1348089358,theater_images/7602.jpg,,unknown,,Closed,1,Cinema Treasures,https://cinematreasures.org/theaters/7602,9/15/26,,,,,medium,"Not stated on source page: opening year, closing year. Current-address audit found no confirmed continuation of this theater; it is closed, but the closing year is unknown.",Parse_Failure,,,,,Boston Road,highway,primary,closed_unknown_date,medium,U.S. Census Geocoder; OpenStreetMap via Photon and Overpass,9/16/26,No matching current theater was found at the geocoded address. Closing date remains unknown.
6713,Loew's Rio Theatre,Rio Theatre,"3837 Broadway, New York, NY 10032",Manhattan,40.8358679,-73.9437133,https://photos.cinematreasures.org/production/photos/67181/1361305967/large.jpg?1361305967,theater_images/6713.jpg,1920,1957,,Closed,1,Cinema Treasures,https://cinematreasures.org/theaters/6713,9/15/26,,,,,high,,,,,,,,,,,,,,
8067,Loew's Royal Theatre,"Watson's Cozy Corner, Teatro Italiano Royal","15 Willoughby Street, Brooklyn, NY 11201",Brooklyn,40.6922688,-73.9878893,https://photos.cinematreasures.org/production/photos/316598/1599197685/large.JPG?1599197685,theater_images/8067.jpg,1907,unknown,,Closed,1,Cinema Treasures,https://cinematreasures.org/theaters/8067,9/15/26,,,,,medium,"Not stated on source page: closing year. Current-address audit found no confirmed continuation of this theater; it is closed, but the closing year is unknown.",Match,Exact,"15 WILLOUGHBY ST, BROOKLYN, NY, 11201",40.6923311,-73.98826868,Pearl Street,highway,living_street,closed_unknown_date,medium,U.S. Census Geocoder; OpenStreetMap via Photon and Overpass,9/16/26,No matching current theater was found at the geocoded address. Closing date remains unknown.
1180,Loew's Sheridan Theatre,Mark Strand Sheridan Square Theatre,"200-202 W. 12th Street, New York, NY 10011",Manhattan,40.7372735,-74.0008564,https://photos.cinematreasures.org/production/photos/114888/1420123595/large.jpg?1420123595,theater_images/1180.jpg,1921,1969,,Closed,1,Cinema Treasures,https://cinematreasures.org/theaters/1180,9/15/26,,,,,high,,,,,,,,,,,,,,
7468,Loew's Spooner Theatre,Spooner Theatre,"961 Southern Boulevard, Bronx, NY 10459",Bronx,40.8217716,-73.8917559,https://photos.cinematreasures.org/production/photos/223378/1510061675/large.jpg?1510061675,theater_images/7468.jpg,1910,unknown,,Closed,1,Cinema Treasures,https://cinematreasures.org/theaters/7468,9/15/26,,,,,medium,"Not stated on source page: closing year. Current-address audit found no confirmed continuation of this theater; it is closed, but the closing year is unknown.",Match,Exact,"961 SOUTHERN BLVD, BRONX, NY, 10459",40.82163611,-73.89177743,979A,place,house,closed_unknown_date,medium,U.S. Census Geocoder; OpenStreetMap via Photon and Overpass,9/16/26,No matching current theater was found at the geocoded address. Closing date remains unknown.
557,Loew's State Theatre,,"1540 Broadway, New York, NY 10036",Manhattan,40.7581267,-73.9855569,https://photos.cinematreasures.org/production/photos/124812/1431095055/large.jpg?1431095055,theater_images/557.jpg,1921,2006,1968,Closed,2,Cinema Treasures,https://cinematreasures.org/theaters/557,9/15/26,,,,,low,Most recent stated closing year retained. Most recent stated reopening year retained.,,,,,,,,,,,,,
1542,Loew's Triboro Theatre,,"2804 Steinway Street, Astoria, NY 11103",Queens,40.7653209,-73.9139483,https://photos.cinematreasures.org/production/photos/77102/1374720713/large.JPG?1374720713,theater_images/1542.jpg,1931,1974,,Closed,1,Cinema Treasures,https://cinematreasures.org/theaters/1542,9/15/26,,,,,high,,,,,,,,,,,,,,
903,Loew's Valencia Theatre,,"165-11 Jamaica Avenue, Jamaica, NY 11432",Queens,40.70622,-73.794663,https://photos.cinematreasures.org/production/photos/43765/1336238767/large.jpg?1336238767,theater_images/903.jpg,1929,1977,,Closed,1,Cinema Treasures,https://cinematreasures.org/theaters/903,9/15/26,,,,,high,,,,,,,,,,,,,,
560,Loew's Victoria Theatre,"Movie Center 5 on 125th Street, Harlem Victoria 5","233 W. 125th Street, New York, NY 10027",Manhattan,40.8100189,-73.94933,https://photos.cinematreasures.org/production/photos/26987/1316656654/large.jpg?1316656654,theater_images/560.jpg,1990,1990,1986,Closed,5,Cinema Treasures,https://cinematreasures.org/theaters/560,9/15/26,,,,,low,Most recent stated closing year retained.,,,,,,,,,,,,,
3978,Loew's Warwick Theatre,Warwick Theatre,"134 Jerome Street, Brooklyn, NY 11207",Brooklyn,40.6788128,-73.8881733,https://photos.cinematreasures.org/production/photos/42235/1334567528/large.jpg?1334567528,theater_images/3978.jpg,1913,1954,1937,Closed,1,Cinema Treasures,https://cinematreasures.org/theaters/3978,9/15/26,,,,,high,,,,,,,,,,,,,,
4040,Loew's Willard Theatre,,"96-01 Jamaica Avenue, Woodhaven, NY 11421",Queens,40.6946659,-73.8490778,https://photos.cinematreasures.org/production/photos/164829/1460736876/large.gif?1460736876,theater_images/4040.gif,1924,2007,,Closed,1,Cinema Treasures,https://cinematreasures.org/theaters/4040,9/15/26,,,,,high,,,,,,,,,,,,,,
6406,Loew's Woodside Theatre,,"58-02 Roosevelt Avenue, Woodside, NY 11377",Queens,40.7449439,-73.906381,https://photos.cinematreasures.org/production/photos/35362/1328482830/large.jpg?1328482830,theater_images/6406.jpg,1926,unknown,,Closed,1,Cinema Treasures,https://cinematreasures.org/theaters/6406,9/15/26,,,,,medium,"Not stated on source page: closing year. Current-address audit found no confirmed continuation of this theater; it is closed, but the closing year is unknown.",Match,Exact,"58-02 ROOSEVELT AVE, WOODSIDE, NY, 11377",40.74533744,-73.90651892,Roosevelt Avenue & 58th Street,highway,bus_stop,closed_unknown_date,medium,U.S. Census Geocoder; OpenStreetMap via Photon and Overpass,9/16/26,No matching current theater was found at the geocoded address. Closing date remains unknown.
12586,Loew's Yorkville Theatre,Yorkville Theatre,"157 E. 86th Street, New York, NY 10028",Manhattan,40.7791956,-73.9548571,https://photos.cinematreasures.org/production/photos/315054/1597869539/large.gif?1597869539,theater_images/12586.gif,,1928,,Closed,1,Cinema Treasures,https://cinematreasures.org/theaters/12586,9/15/26,,,,,medium,Not stated on source page: opening year.,,,,,,,,,,,,,
6154,Loews Cineplex Cinema 5,Cinema City 5,"183-15 Horace Harding Boulevard, Fresh Meadows, NY 11365",Queens,40.7388167,-73.806836,https://photos.cinematreasures.org/production/photos/32825/1325558192/large.JPG?1325558192,theater_images/6154.jpg,1982,2004,,Closed,5,Cinema Treasures,https://cinematreasures.org/theaters/6154,9/15/26,,,,,high,,,,,,,,,,,,,,
5876,Loews Cineplex Fortway Theatre,"Fortway Theatre, Fox Fortway Theatre","6720 Fort Hamilton Parkway, Brooklyn, NY 11219",Brooklyn,40.6292615,-74.011314,https://photos.cinematreasures.org/production/photos/68237/1362228908/large.PNG?1362228908,theater_images/5876.png,1927,2005,,Closed,5,Cinema Treasures,https://cinematreasures.org/theaters/5876,9/15/26,,,,,high,,,,,,,,,,,,,,
6110,Loews Festival Theatre,Festival Theatre,"6 W. 57th Street, New York, NY 10019",Manhattan,40.763056,-73.974931,https://photos.cinematreasures.org/production/photos/82233/1380028161/large.jpg?1380028161,theater_images/6110.jpg,1963,1994,,Closed,1,Cinema Treasures,https://cinematreasures.org/theaters/6110,9/15/26,,,,,high,,,,,,,,,,,,,,
4047,Loews Lefrak City Triplex,"UA Theatre, UA Lefrak City, Cinema Bombay","59-16 99th Street, Corona, NY 11368",Queens,40.736947,-73.863342,https://photos.cinematreasures.org/production/photos/220885/1507899478/large.jpg?1507899478,theater_images/4047.jpg,1965,1987,,Closed,3,Cinema Treasures,https://cinematreasures.org/theaters/4047,9/15/26,,,,,high,,,,,,,,,,,,,,
4099,Loews State 4,Sony Theatres State,"1540 Broadway, New York, NY 10036",Manhattan,40.7581267,-73.9855569,https://photos.cinematreasures.org/production/photos/1624/1306954044/large.jpg?1306954044,theater_images/4099.jpg,1996,2006,,Closed,4,Cinema Treasures,https://cinematreasures.org/theaters/4099,9/15/26,,,,,high,,,,,,,,,,,,,,
8365,LOL Comedy Lounge,"Agee 1 & 2, West Side Cine 1 & 2, Cine 1 & 2, Lesser Cine Twin, Fantasy Twin Theatres, Big Apple Theatre, Jocx Cinema, Show Follies Center, Sage Theater, Peepland","711 7th Avenue, New York, NY 10036",Manhattan,40.7594931,-73.9845803,https://photos.cinematreasures.org/production/photos/10962/1310264392/large.jpg?1310264392,theater_images/8365.jpg,,2023,,Closed,4,Cinema Treasures,https://cinematreasures.org/theaters/8365,9/15/26,,,,,medium,Not stated on source page: opening year.,,,,,,,,,,,,,
56388,LOOK Dine-In Cinemas W. 57th,Landmark at 57 West,"657 W. 57th Street, New York, NY 10019",Manhattan,40.7715333,-73.9942127,https://photos.cinematreasures.org/production/photos/218896/1505678355/large.gif?1505678355,theater_images/56388.gif,2017,2026,2023,Closed,8,Cinema Treasures,https://cinematreasures.org/theaters/56388,9/15/26,,,,,low,Most recent stated closing year retained.,,,,,,,,,,,,,
17787,Love Theater,Avon-on-Love,"125 W. 42nd Street, New York, NY 10036",Manhattan,40.7549098,-73.9842119,https://photos.cinematreasures.org/production/photos/88228/1385126998/large.jpeg?1385126998,theater_images/17787.jpeg,1969,1982,,Closed,1,Cinema Treasures,https://cinematreasures.org/theaters/17787,9/15/26,,,,,high,,,,,,,,,,,,,,
72741,Low Cinema,,"70-11 60th Street, Ridgewood, NY 11385",Queens,40.7012171,-73.898538,https://photos.cinematreasures.org/production/photos/489591/1753135717/large.png?1753135717,theater_images/72741.png,1927,,,Open (Showing movies),1,Cinema Treasures,https://cinematreasures.org/theaters/72741,9/15/26,,,,,high,,,,,,,,,,,,,,
17345,Loyal Theatre,Majestic Theatre,"1493 St. Nicholas Avenue, New York, NY 10033",Manhattan,40.8514773,-73.9321833,https://photos.cinematreasures.org/production/photos/72294/1367337516/large.jpg?1367337516,theater_images/17345.jpg,1913,1941,,Closed,1,Cinema Treasures,https://cinematreasures.org/theaters/17345,9/15/26,,,,,low,Most recent stated closing year retained.,,,,,,,,,,,,,
23972,Lucille Lortel Theatre,"Greenwich Theatre, Hudson Cinema, New Hudson Theatre, Hudson Playhouse, Theatre de Lys","121 Christopher Street, New York, NY 10014",Manhattan,40.7333549,-74.0053447,https://photos.cinematreasures.org/production/photos/166034/1461877384/large.jpg?1461877384,theater_images/23972.jpg,1955,,,Open,1,Cinema Treasures,https://cinematreasures.org/theaters/23972,9/15/26,Lucille Lortel Theatre,https://lortel.org/history/,9/15/26,verified_external,high,Opening year verified from Lucille Lortel Theatre.,,,,,,,,,,,,,
13546,Lucky Star Theatre,,"79 1st Avenue, New York, NY 10003",Manhattan,40.725763,-73.987047,https://photos.cinematreasures.org/production/photos/155678/1453486214/large.jpg?1453486214,theater_images/13546.jpg,,unknown,,Closed,1,Cinema Treasures,https://cinematreasures.org/theaters/13546,9/15/26,,,,,medium,"Not stated on source page: opening year, closing year. Current-address audit found no confirmed continuation of this theater; it is closed, but the closing year is unknown.",Match,Exact,"79 1ST AVE, NEW YORK, NY, 10003",40.72571537,-73.98676515,1st Avenue,highway,primary,closed_unknown_date,medium,U.S. Census Geocoder; OpenStreetMap via Photon and Overpass,9/16/26,"A nearby mapped venue matched part of the name, but review did not confirm it as the same historical theater; the theater is closed and its closing year remains unknown."
11139,Luna Theater,Auditore Maurice Theater,"211 Columbia Street, Brooklyn, NY 11231",Brooklyn,40.684711,-74.002441,https://photos.cinematreasures.org/production/photos/6830/1308847702/large.jpg?1308847702,theater_images/11139.jpg,1914,1952,,Closed,1,Cinema Treasures,https://cinematreasures.org/theaters/11139,9/15/26,,,,,high,,,,,,,,,,,,,,
2924,Lunt-Fontanne Theatre,Globe Theatre,"205 W. 46th Street, New York, NY 10036",Manhattan,40.7592164,-73.9862412,https://photos.cinematreasures.org/production/photos/97411/1396150868/large.jpg?1396150868,theater_images/2924.jpg,1910,,1997,Open,1,Cinema Treasures,https://cinematreasures.org/theaters/2924,9/15/26,,,,,high,,,,,,,,,,,,,,
7907,Luxor Theatre,,"210 E. 170th Street, Bronx, NY 10456",Bronx,40.838116,-73.913222,https://photos.cinematreasures.org/production/photos/113231/1416717216/large.jpg?1416717216,theater_images/7907.jpg,1923,unknown,,Closed,1,Cinema Treasures,https://cinematreasures.org/theaters/7907,9/15/26,,,,,medium,"Not stated on source page: closing year. Current-address audit found no confirmed continuation of this theater; it is closed, but the closing year is unknown.",Match,Exact,"210 E 170TH ST, BRONX, NY, 10456",40.83840328,-73.91337333,Unisex Barber Shop,shop,hairdresser,closed_unknown_date,medium,U.S. Census Geocoder; OpenStreetMap via Photon and Overpass,9/16/26,No matching current theater was found at the geocoded address. Closing date remains unknown.
27031,Lyceum Theatre,,"185 Sand Lane, Staten Island, NY 10305",Staten Island,40.5951703,-74.0695616,,,,1950,,Closed,1,Cinema Treasures,https://cinematreasures.org/theaters/27031,9/15/26,,,,,low,"Most recent stated closing year retained. Not stated on source page: opening year, image.",,,,,,,,,,,,,
44142,Lyceum Theatre,,"14-33 College Point Boulevard, College Point, NY 11356",Queens,40.7841871,-73.8458215,,,,unknown,,Closed,1,Cinema Treasures,https://cinematreasures.org/theaters/44142,9/15/26,,,,,medium,"Not stated on source page: opening year, closing year, image. Current-address audit found no confirmed continuation of this theater; it is closed, but the closing year is unknown.",Match,Exact,"14-33 COLLEGE POINT BLVD, COLLEGE POINT, NY, 11356",40.78472189,-73.84570918,14-21,building,yes,closed_unknown_date,medium,U.S. Census Geocoder; OpenStreetMap via Photon and Overpass,9/16/26,No matching current theater was found at the geocoded address. Closing date remains unknown.
55090,Lyceum Theatre,New Lyceum Theatre,"149 W. 45th Street, New York, NY 10036",Manhattan,40.7575949,-73.9846651,https://photos.cinematreasures.org/production/photos/199876/1486042828/large.JPG?1486042828,theater_images/55090.jpg,1903,,,Open,1,Cinema Treasures,https://cinematreasures.org/theaters/55090,9/15/26,,,,,high,,,,,,,,,,,,,,
8070,Lyric Theater,Hendrix Theater,"2245 Pitkin Avenue, Brooklyn, NY 11207",Brooklyn,40.673049,-73.889662,https://photos.cinematreasures.org/production/photos/42239/1334569375/large.jpg?1334569375,theater_images/8070.jpg,1915,1952,,Closed,1,Cinema Treasures,https://cinematreasures.org/theaters/8070,9/15/26,,,,,low,Most recent stated closing year retained.,,,,,,,,,,,,,
23556,Lyric Theater,,"1171 DeKalb Avenue, Brooklyn, NY 11221",Brooklyn,40.6949508,-73.9287865,https://photos.cinematreasures.org/production/photos/6628/1308742086/large.jpg?1308742086,theater_images/23556.jpg,1914,unknown,,Closed,1,Cinema Treasures,https://cinematreasures.org/theaters/23556,9/15/26,,,,,medium,"Not stated on source page: closing year. Current-address audit found no confirmed continuation of this theater; it is closed, but the closing year is unknown.",Match,Exact,"1171 DEKALB AVE, BROOKLYN, NY, 11221",40.6947033,-73.92899777,DeKalb Avenue,highway,residential,closed_unknown_date,medium,U.S. Census Geocoder; OpenStreetMap via Photon and Overpass,9/16/26,No matching current theater was found at the geocoded address. Closing date remains unknown.
9930,Lyric Theatre,,"213 W. 42nd Street, New York, NY 10036",Manhattan,40.75636,-73.987641,https://photos.cinematreasures.org/production/photos/26989/1316656796/large.jpg?1316656796,theater_images/9930.jpg,1903,1992,,Closed,1,Cinema Treasures,https://cinematreasures.org/theaters/9930,9/15/26,,,,,low,Most recent stated closing year retained.,,,,,,,,,,,,,
15168,Lyric Theatre,,"523 Tompkins Avenue, Staten Island, NY 10305",Staten Island,40.6130289,-74.0714778,https://photos.cinematreasures.org/production/photos/95027/1392570527/large.jpg?1392570527,theater_images/15168.jpg,,unknown,,Closed,1,Cinema Treasures,https://cinematreasures.org/theaters/15168,9/15/26,,,,,medium,"Not stated on source page: opening year, closing year. Current-address audit found no confirmed continuation of this theater; it is closed, but the closing year is unknown.",Match,Exact,"523 TOMPKINS AVE, STATEN ISLAND, NY, 10305",40.61293906,-74.07148746,Tea Kwon Do,amenity,dojo,closed_unknown_date,medium,U.S. Census Geocoder; OpenStreetMap via Photon and Overpass,9/16/26,No matching current theater was found at the geocoded address. Closing date remains unknown.
19392,Lyric Theatre,,"172 W. 23rd Street, New York, NY 10011",Manhattan,40.743917,-73.9952315,https://photos.cinematreasures.org/production/photos/174388/1469462199/large.png?1469462199,theater_images/19392.png,,unknown,,Closed,1,Cinema Treasures,https://cinematreasures.org/theaters/19392,9/15/26,,,,,medium,"Not stated on source page: opening year, closing year. Current-address audit found no confirmed continuation of this theater; it is closed, but the closing year is unknown.",Match,Exact,"172 W 23RD ST, NEW YORK, NY, 10011",40.74371802,-73.99489747,Verdi,shop,cannabis,closed_unknown_date,medium,U.S. Census Geocoder; OpenStreetMap via Photon and Overpass,9/16/26,No matching current theater was found at the geocoded address. Closing date remains unknown.
35674,Lyric Theatre,,"16-18 Seigel Street, Brooklyn, NY 11206",Brooklyn,40.7042992,-73.9443971,https://photos.cinematreasures.org/production/photos/166016/1461865537/large.jpg?1461865537,theater_images/35674.jpg,1908,unknown,,Closed,1,Cinema Treasures,https://cinematreasures.org/theaters/35674,9/15/26,,,,,medium,"Not stated on source page: closing year. Current-address audit found no confirmed continuation of this theater; it is closed, but the closing year is unknown.",Match,Non_Exact,"18 SEIGEL ST, BROOKLYN, NY, 11206",40.70428461,-73.94410347,73,place,house,closed_unknown_date,medium,U.S. Census Geocoder; OpenStreetMap via Photon and Overpass,9/16/26,No matching current theater was found at the geocoded address. Closing date remains unknown.
41992,Lyric Theatre,Lyric Airdrome,"Seneca Avenue and Palmetto Street, Ridgewood, NY 11385",Queens,40.7027935,-73.907657,https://photos.cinematreasures.org/production/photos/240479/1524089654/large.jpg?1524089654,theater_images/41992.jpg,1914,unknown,,Closed,1,Cinema Treasures,https://cinematreasures.org/theaters/41992,9/15/26,,,,,medium,"Not stated on source page: closing year. Current-address audit found no confirmed continuation of this theater; it is closed, but the closing year is unknown.",Match,Exact,"SENECA AVE & PALMETTO ST, RIDGEWOOD, NY, 11385",40.70280674,-73.90768808,Seneca Avenue,railway,station,closed_unknown_date,medium,U.S. Census Geocoder; OpenStreetMap via Photon and Overpass,9/16/26,No matching current theater was found at the geocoded address. Closing date remains unknown.
23924,M & S Waco Theatre,,"118 Rivington Street, New York, NY 10002",Manhattan,40.7196432,-73.9869362,https://photos.cinematreasures.org/production/photos/237429/1521507460/large.jpeg?1521507460,theater_images/23924.jpeg,,unknown,,Closed,1,Cinema Treasures,https://cinematreasures.org/theaters/23924,9/15/26,,,,,medium,"Not stated on source page: opening year, closing year. Current-address audit found no confirmed continuation of this theater; it is closed, but the closing year is unknown.",Match,Exact,"118 RIVINGTON ST, NEW YORK, NY, 10002",40.71984622,-73.98737729,The Magician,amenity,bar,closed_unknown_date,medium,U.S. Census Geocoder; OpenStreetMap via Photon and Overpass,9/16/26,No matching current theater was found at the geocoded address. Closing date remains unknown.
59899,Madison Square Garden Theatre,,"Madison Avenue and E. 27th Street, New York, NY 10010",Manhattan,,,https://photos.cinematreasures.org/production/photos/270746/1556558585/large.jpg?1556558585,theater_images/59899.jpg,1890,1925,,Closed,1,Cinema Treasures,https://cinematreasures.org/theaters/59899,9/15/26,,,,,medium,Not stated on source page: coordinates.,,,,,,,,,,,,,
11232,Madison Theater,,"1410 Broadway, Brooklyn, NY 11221",Brooklyn,40.6887305,-73.9206748,https://photos.cinematreasures.org/production/photos/52366/1345087202/large.jpg?1345087202,theater_images/11232.jpg,1914,1924,,Closed,1,Cinema Treasures,https://cinematreasures.org/theaters/11232,9/15/26,,,,,high,,,,,,,,,,,,,,
4658,Main Street Cinemas,"Main Street Theatre, Main Street Playhouse","72-66 Main Street, Kew Gardens Hills, NY 11367",Queens,40.7251841,-73.8213106,https://photos.cinematreasures.org/production/photos/77782/1375513649/large.png?1375513649,theater_images/4658.png,,2022,2021,Closed,6,Cinema Treasures,https://cinematreasures.org/theaters/4658,9/15/26,,,,,low,Most recent stated closing year retained. Not stated on source page: opening year.,,,,,,,,,,,,,
7895,Majestic Theater,,"494 Seneca Avenue, Ridgewood, NY 11385",Queens,40.7055276,-73.9124382,https://photos.cinematreasures.org/production/photos/1862/1307032680/large.jpg?1307032680,theater_images/7895.jpg,,unknown,,Closed,1,Cinema Treasures,https://cinematreasures.org/theaters/7895,9/15/26,,,,,medium,"Not stated on source page: opening year, closing year. Current-address audit found no confirmed continuation of this theater; it is closed, but the closing year is unknown.",Match,Exact,"494 SENECA AVE, RIDGEWOOD, NY, 11385",40.70549922,-73.91235703,"D'Angelo Funeral Home, Inc.",shop,funeral_directors,closed_unknown_date,medium,U.S. Census Geocoder; OpenStreetMap via Photon and Overpass,9/16/26,No matching current theater was found at the geocoded address. Closing date remains unknown.
13582,Majestic Theatre,Woolworth Theatre,"11-17 2nd Avenue, New York, NY 10003",Manhattan,40.7242413,-73.9910499,https://photos.cinematreasures.org/production/photos/41004/1333474194/large.jpg?1333474194,theater_images/13582.jpg,,unknown,,Closed,1,Cinema Treasures,https://cinematreasures.org/theaters/13582,9/15/26,,,,,medium,"Not stated on source page: opening year, closing year. Current-address audit found no confirmed continuation of this theater; it is closed, but the closing year is unknown.",No_Match,,,,,TD Bank,amenity,bank,closed_unknown_date,medium,U.S. Census Geocoder; OpenStreetMap via Photon and Overpass,9/16/26,No matching current theater was found at the geocoded address. Closing date remains unknown.
7419,Major Theatre,"Canal Cinema, Cinema Giglio","277 Canal Street, New York, NY 10013",Manhattan,40.7192972,-74.0013267,https://photos.cinematreasures.org/production/photos/163631/1459265321/large.gif?1459265321,theater_images/7419.gif,,unknown,,Closed,1,Cinema Treasures,https://cinematreasures.org/theaters/7419,9/15/26,,,,,medium,"Not stated on source page: opening year, closing year. Current-address audit found no confirmed continuation of this theater; it is closed, but the closing year is unknown.",Match,Exact,"277 CANAL ST, NEW YORK, NY, 10013",40.71908202,-74.00133321,273,place,house,closed_unknown_date,medium,U.S. Census Geocoder; OpenStreetMap via Photon and Overpass,9/16/26,No matching current theater was found at the geocoded address. Closing date remains unknown.
8356,Malboe Theatre,,"117-16 Sutphin Boulevard, South Jamaica, NY 11434",Queens,40.679887,-73.792371,https://photos.cinematreasures.org/production/photos/260001/1541781945/large.gif?1541781945,theater_images/8356.gif,1928,unknown,,Closed,1,Cinema Treasures,https://cinematreasures.org/theaters/8356,9/15/26,,,,,low,"Opening year is approximate (1928). Not stated on source page: closing year. Current-address audit found no confirmed continuation of this theater; it is closed, but the closing year is unknown.",Match,Non_Exact,"117-16 SUTPHIN BLVD, JAMAICA, NY, 11434",40.67999728,-73.79202143,Sutphin Boulevard & Foch Boulevard,highway,bus_stop,closed_unknown_date,medium,U.S. Census Geocoder; OpenStreetMap via Photon and Overpass,9/16/26,No matching current theater was found at the geocoded address. Closing date remains unknown.
2793,Manhattan 1 and 2,"Pacific East/Avco Embassy East, East 59th Street Twins, Spartan Theatre/EastWorld Theatre","220 E. 59th Street, New York, NY 10022",Manhattan,40.7611711,-73.9657274,https://photos.cinematreasures.org/production/photos/54857/1347117235/large.jpg?1347117235,theater_images/2793.jpg,1969,1998,,Closed,2,Cinema Treasures,https://cinematreasures.org/theaters/2793,9/15/26,,,,,high,,,,,,,,,,,,,,
8031,Manhattan Theatre,"Manhattan Photoplay Theatre, Brook Avenue Theatre","213 Manhattan Avenue, New York, NY 10025",Manhattan,40.8007424,-73.9599725,https://photos.cinematreasures.org/production/photos/161694/1457817868/large.gif?1457817868,theater_images/8031.gif,1914,unknown,,Closed,1,Cinema Treasures,https://cinematreasures.org/theaters/8031,9/15/26,,,,,medium,"Not stated on source page: closing year. Current-address audit found no confirmed continuation of this theater; it is closed, but the closing year is unknown.",Match,Exact,"213 MANHATTAN AVE, NEW YORK, NY, 10025",40.80056103,-73.96016669,"Arca de Refugio, Iglesia de Dios Pentecostal",amenity,place_of_worship,closed_unknown_date,medium,U.S. Census Geocoder; OpenStreetMap via Photon and Overpass,9/16/26,No matching current theater was found at the geocoded address. Closing date remains unknown.
42395,Manhattan Theatre,,"25 Manhattan Avenue, Brooklyn, NY 11206",Brooklyn,40.7030411,-73.9442596,,,1907,1914,,Closed,1,Cinema Treasures,https://cinematreasures.org/theaters/42395,9/15/26,,,,,medium,Not stated on source page: image.,,,,,,,,,,,,,
57306,Manhattan Theatre,,"10-12 Forsyth Street, New York, NY 10002",Manhattan,40.7143148,-73.9941475,,,,1926,,Closed,1,Cinema Treasures,https://cinematreasures.org/theaters/57306,9/15/26,,,,,medium,"Not stated on source page: opening year, image.",,,,,,,,,,,,,
20166,Manor Theatre,,"95-23 Jamaica Avenue, Woodhaven, NY 11421",Queens,40.6924418,-73.8600033,https://photos.cinematreasures.org/production/photos/115250/1420609104/large.jpg?1420609104,theater_images/20166.jpg,1912,unknown,,Closed,1,Cinema Treasures,https://cinematreasures.org/theaters/20166,9/15/26,,,,,medium,"Not stated on source page: closing year. Current-address audit found no confirmed continuation of this theater; it is closed, but the closing year is unknown.",Match,Exact,"95-23 JAMAICA AVE, WOODHAVEN, NY, 11421",40.6944908,-73.84950178,Jamaica Avenue,highway,secondary,closed_unknown_date,medium,U.S. Census Geocoder; OpenStreetMap via Photon and Overpass,9/16/26,No matching current theater was found at the geocoded address. Closing date remains unknown.
21858,Marathon Theater,,"188 Prospect Park W., Brooklyn, NY 11215",Brooklyn,40.661497,-73.979525,,,1908,2016,,Closed,1,Cinema Treasures,https://cinematreasures.org/theaters/21858,9/15/26,,,,,medium,Not stated on source page: image.,,,,,,,,,,,,,
3308,Marboro Theatre,,"6817 Bay Parkway, Brooklyn, NY 11204",Brooklyn,40.611275,-73.98387,https://photos.cinematreasures.org/production/photos/51371/1344268041/large.jpg?1344268041,theater_images/3308.jpg,1927,2002,,Closed,4,Cinema Treasures,https://cinematreasures.org/theaters/3308,9/15/26,,,,,high,,,,,,,,,,,,,,
1366,Marcy Theatre,Marcy Photo Theatre,"302 Broadway, Brooklyn, NY 11211",Brooklyn,40.7082127,-73.9576632,https://photos.cinematreasures.org/production/photos/8019/1309301926/large.jpg?1309301926,theater_images/1366.jpg,1916,1972,,Closed,1,Cinema Treasures,https://cinematreasures.org/theaters/1366,9/15/26,,,,,high,,,,,,,,,,,,,,
7762,Mardi Gras Theater,,"1243 Surf Avenue, Brooklyn, NY 11224",Brooklyn,40.575899,-73.980913,https://photos.cinematreasures.org/production/photos/264507/1548796268/large.jpg?1548796268,theater_images/7762.jpg,,unknown,,Closed,1,Cinema Treasures,https://cinematreasures.org/theaters/7762,9/15/26,,,,,medium,"Not stated on source page: opening year, closing year. Current-address audit found no confirmed continuation of this theater; it is closed, but the closing year is unknown.",Match,Exact,"1243 SURF AVE, BROOKLYN, NY, 11224",40.57562207,-73.98080258,Surf Avenue,highway,secondary,closed_unknown_date,medium,U.S. Census Geocoder; OpenStreetMap via Photon and Overpass,9/16/26,No matching current theater was found at the geocoded address. Closing date remains unknown.
17108,Mardi Gras Theatre,,"1295 Nostrand Avenue, Brooklyn, NY 11226",Brooklyn,40.6552764,-73.9500243,https://photos.cinematreasures.org/production/photos/3933/1307909140/large.jpg?1307909140,theater_images/17108.jpg,1908,1915,,Closed,1,Cinema Treasures,https://cinematreasures.org/theaters/17108,9/15/26,,,,,low,Closing year is approximate (1915). Most recent stated closing year retained.,,,,,,,,,,,,,
7839,Margareth Theater,,"McDonald Ave & Church Ave, Brooklyn, NY 11218",Brooklyn,40.642796,-73.979442,,,1914,unknown,,Closed,1,Cinema Treasures,https://cinematreasures.org/theaters/7839,9/15/26,,,,,medium,"Not stated on source page: closing year, image. Current-address audit found no confirmed continuation of this theater; it is closed, but the closing year is unknown.",Match,Exact,"MCDONALD AVE & CHURCH AVE, BROOKLYN, NY, 11218",40.64279476,-73.97944056,IND Culver Line,railway,subway,closed_unknown_date,medium,U.S. Census Geocoder; OpenStreetMap via Photon and Overpass,9/16/26,No matching current theater was found at the geocoded address. Closing date remains unknown.
7430,Marine Theatre,,"1956 Flatbush Avenue, Brooklyn, NY 11234",Brooklyn,40.6220089,-73.9362484,https://photos.cinematreasures.org/production/photos/204272/1489899989/large.jpg?1489899989,theater_images/7430.jpg,1950,1972,,Closed,1,Cinema Treasures,https://cinematreasures.org/theaters/7430,9/15/26,,,,,high,,,,,,,,,,,,,,
8811,Marvin Theatre,"Van Buren Theatre, Geiner's Hansa Theatre","1216 Broadway, Brooklyn, NY 11221",Brooklyn,40.6919754,-73.9264414,https://photos.cinematreasures.org/production/photos/261429/1543707054/large.jpg?1543707054,theater_images/8811.jpg,1910,2005,,Closed,1,Cinema Treasures,https://cinematreasures.org/theaters/8811,9/15/26,,,,,high,,,,,,,,,,,,,,
4659,Maspeth Theatre,,"69-20 Grand Avenue, Maspeth, NY 11378",Queens,40.7255279,-73.8960132,https://photos.cinematreasures.org/production/photos/137109/1442960977/large.jpg?1442960977,theater_images/4659.jpg,1924,unknown,,Closed,1,Cinema Treasures,https://cinematreasures.org/theaters/4659,9/15/26,,,,,medium,"Not stated on source page: closing year. Current-address audit found no confirmed continuation of this theater; it is closed, but the closing year is unknown.",Match,Exact,"69-20 GRAND AVE, MASPETH, NY, 11378",40.72618311,-73.89478314,69-10,place,house,closed_unknown_date,medium,U.S. Census Geocoder; OpenStreetMap via Photon and Overpass,9/16/26,No matching current theater was found at the geocoded address. Closing date remains unknown.
63524,Masque Theatre,,"440 W. 42nd Street, New York, NY 10036",Manhattan,40.7589848,-73.9948941,https://photos.cinematreasures.org/production/photos/320218/1602367270/large.jpg?1602367270,theater_images/63524.jpg,1960,unknown,,Closed,1,Cinema Treasures,https://cinematreasures.org/theaters/63524,9/15/26,,,,,low,"Opening year is approximate (1960). Not stated on source page: closing year. Current-address audit found no confirmed continuation of this theater; it is closed, but the closing year is unknown.",Match,Exact,"440 W 42ND ST, NEW YORK, NY, 10036",40.75901256,-73.99417918,436,place,house,closed_unknown_date,medium,U.S. Census Geocoder; OpenStreetMap via Photon and Overpass,9/16/26,No matching current theater was found at the geocoded address. Closing date remains unknown.
3860,Mayfair Theatre,,"920 Avenue U, Brooklyn, NY 11223",Brooklyn,40.597958,-73.961524,https://photos.cinematreasures.org/production/photos/262674/1545847774/large.jpg?1545847774,theater_images/3860.jpg,1926,1926,,Closed,1,Cinema Treasures,https://cinematreasures.org/theaters/3860,9/15/26,,,,,high,,,,,,,,,,,,,,
32799,Maysles Cinema at The Maysles Institute,,"343 Lenox Avenue, New York, NY 10027",Manhattan,40.809426,-73.944795,https://photos.cinematreasures.org/production/photos/69815/1363639566/large.JPG?1363639566,theater_images/32799.jpg,2008,,,Open (Showing movies),1,Cinema Treasures,https://cinematreasures.org/theaters/32799,9/15/26,The Criterion Collection,https://www.criterion.com/current/posts/7559-a-screen-of-one-s-own-celebrating-artist-run-cinemas-around-the-world,9/15/26,verified_external,medium,Opening year verified from The Criterion Collection.,,,,,,,,,,,,,
20043,McLean's Theatre,,"732 Westchester Avenue, Bronx, NY 10455",Bronx,40.8175673,-73.905907,,,1905,unknown,,Closed,1,Cinema Treasures,https://cinematreasures.org/theaters/20043,9/15/26,,,,,medium,"Not stated on source page: closing year, image. Current-address audit found no confirmed continuation of this theater; it is closed, but the closing year is unknown.",Match,Exact,"732 WESTCHESTER AVE, BRONX, NY, 10455",40.81719935,-73.90648287,Westchester Avenue,highway,secondary,closed_unknown_date,medium,U.S. Census Geocoder; OpenStreetMap via Photon and Overpass,9/16/26,No matching current theater was found at the geocoded address. Closing date remains unknown.
1369,Mecca Theatre,,"445 E. 14th Street, New York, NY 10009",Manhattan,40.7303308,-73.9804503,https://photos.cinematreasures.org/production/photos/68082/1362154808/large.PNG?1362154808,theater_images/1369.png,1927,1943,,Closed,1,Cinema Treasures,https://cinematreasures.org/theaters/1369,9/15/26,,,,,low,Closing year is approximate (1943).,,,,,,,,,,,,,
20113,Mecca Theatre,,"254 W. 116th Street, New York, NY 10026",Manhattan,40.8042626,-73.9549516,,,,unknown,,Closed,1,Cinema Treasures,https://cinematreasures.org/theaters/20113,9/15/26,,,,,medium,"Not stated on source page: opening year, closing year, image. Current-address audit found no confirmed continuation of this theater; it is closed, but the closing year is unknown.",Match,Exact,"254 W 116TH ST, NEW YORK, NY, 10026",40.80382638,-73.9541232,West 116th Street,highway,tertiary,closed_unknown_date,medium,U.S. Census Geocoder; OpenStreetMap via Photon and Overpass,9/16/26,No matching current theater was found at the geocoded address. Closing date remains unknown.
8094,Melba Theatre,New Melba Theatre,"3428 Boston Road, Bronx, NY 10469",Bronx,40.8759889,-73.8494853,https://photos.cinematreasures.org/production/photos/55845/1348089508/large.jpg?1348089508,theater_images/8094.jpg,,unknown,,Closed,1,Cinema Treasures,https://cinematreasures.org/theaters/8094,9/15/26,,,,,medium,"Not stated on source page: opening year, closing year. Current-address audit found no confirmed continuation of this theater; it is closed, but the closing year is unknown.",Match,Exact,"3428 BOSTON RD, BRONX, NY, 10469",40.8759593,-73.84946631,Boston Road,highway,primary,closed_unknown_date,medium,U.S. Census Geocoder; OpenStreetMap via Photon and Overpass,9/16/26,No matching current theater was found at the geocoded address. Closing date remains unknown.
7933,Melrose Theatre,,"421 E. 161st Street, Bronx, NY 10451",Bronx,40.824276,-73.912896,https://photos.cinematreasures.org/production/photos/173722/1468736335/large.jpg?1468736335,theater_images/7933.jpg,1916,unknown,,Closed,1,Cinema Treasures,https://cinematreasures.org/theaters/7933,9/15/26,,,,,medium,"Not stated on source page: closing year. Current-address audit found no confirmed continuation of this theater; it is closed, but the closing year is unknown.",Match,Exact,"421 E 161ST ST, BRONX, NY, 10451",40.82411695,-73.91339081,407,building,yes,closed_unknown_date,medium,U.S. Census Geocoder; OpenStreetMap via Photon and Overpass,9/16/26,No matching current theater was found at the geocoded address. Closing date remains unknown.
3962,Mermaid Theater,,"2816 Mermaid Avenue, Brooklyn, NY 11224",Brooklyn,40.5754896,-73.9948899,https://photos.cinematreasures.org/production/photos/21545/1313257010/large.JPG?1313257010,theater_images/3962.jpg,1950,unknown,,Closed,1,Cinema Treasures,https://cinematreasures.org/theaters/3962,9/15/26,,,,,medium,"Not stated on source page: closing year. Current-address audit found no confirmed continuation of this theater; it is closed, but the closing year is unknown.",Match,Exact,"2816 MERMAID AVE, BROOKLYN, NY, 11224",40.57549063,-73.9945295,2806,building,house,closed_unknown_date,medium,U.S. Census Geocoder; OpenStreetMap via Photon and Overpass,9/16/26,No matching current theater was found at the geocoded address. Closing date remains unknown.
63523,Mermaid Theatre,,"420 W. 42nd Street, New York, NY 10036",Manhattan,40.7585777,-73.9938475,https://photos.cinematreasures.org/production/photos/355164/1631752171/large.jpg?1631752171,theater_images/63523.jpg,1960,unknown,,Closed,1,Cinema Treasures,https://cinematreasures.org/theaters/63523,9/15/26,,,,,low,"Opening year is approximate (1960). Not stated on source page: closing year. Current-address audit found no confirmed continuation of this theater; it is closed, but the closing year is unknown.",Match,Exact,"420 W 42ND ST, NEW YORK, NY, 10036",40.75873339,-73.99351635,Playwrights Horizons,amenity,theatre,closed_unknown_date,medium,U.S. Census Geocoder; OpenStreetMap via Photon and Overpass,9/16/26,"A nearby mapped venue matched part of the name, but review did not confirm it as the same historical theater; the theater is closed and its closing year remains unknown."
4245,Merrick Theater,,"163-06 Jamaica Avenue, Jamaica, NY 11432",Queens,40.7047121,-73.7967623,https://photos.cinematreasures.org/production/photos/175078/1470067268/large.gif?1470067268,theater_images/4245.gif,1920,unknown,,Closed,1,Cinema Treasures,https://cinematreasures.org/theaters/4245,9/15/26,,,,,medium,"Not stated on source page: closing year. Current-address audit found no confirmed continuation of this theater; it is closed, but the closing year is unknown.",Match,Exact,"163-06 JAMAICA AVE, JAMAICA, NY, 11432",40.70467332,-73.79669679,XIOS,shop,clothes,closed_unknown_date,medium,U.S. Census Geocoder; OpenStreetMap via Photon and Overpass,9/16/26,No matching current theater was found at the geocoded address. Closing date remains unknown.
4670,Meserole Theatre,Fox Meserole Theatre,"723 Manhattan Avenue, Brooklyn, NY 11222",Brooklyn,40.7260058,-73.9522074,https://photos.cinematreasures.org/production/photos/113571/1417488495/large.JPG?1417488495,theater_images/4670.jpg,1921,2020,,Closed,1,Cinema Treasures,https://cinematreasures.org/theaters/4670,9/15/26,,,,,low,Most recent stated closing year retained.,,,,,,,,,,,,,
72691,Metro Private Cinema,,"131 8th Avenue, New York, NY 10011",Manhattan,40.7414267,-74.001693,https://photos.cinematreasures.org/production/photos/488709/1752615498/large.jpeg?1752615498,theater_images/72691.jpeg,2025,,,Open (Showing movies),20,Cinema Treasures,https://cinematreasures.org/theaters/72691,9/15/26,,,,,high,,,,,,,,,,,,,,
4147,Metro Theatre,Parkway Theatre,"6409 20th Avenue, Brooklyn, NY 11204",Brooklyn,40.61694,-73.9854142,https://photos.cinematreasures.org/production/photos/264523/1548805491/large.jpg?1548805491,theater_images/4147.jpg,1922,1953,,Closed,1,Cinema Treasures,https://cinematreasures.org/theaters/4147,9/15/26,,,,,high,,,,,,,,,,,,,,
7488,Metro Theatre,,"2255 Webster Avenue, Bronx, NY 10457",Bronx,40.8562874,-73.8955854,https://photos.cinematreasures.org/production/photos/160037/1456533416/large.jpg?1456533416,theater_images/7488.jpg,,unknown,,Closed,1,Cinema Treasures,https://cinematreasures.org/theaters/7488,9/15/26,,,,,medium,"Not stated on source page: opening year, closing year. Current-address audit found no confirmed continuation of this theater; it is closed, but the closing year is unknown.",Match,Exact,"2255 WEBSTER AVE, BRONX, NY, 10457",40.85567682,-73.89603901,Citi Bike - Webster Ave & Ford St,amenity,bicycle_rental,closed_unknown_date,medium,U.S. Census Geocoder; OpenStreetMap via Photon and Overpass,9/16/26,No matching current theater was found at the geocoded address. Closing date remains unknown.
8293,Metro Theatre,"Grand Street Theatre, People's Theatre, Unique Theatre, Comedy Theatre, Fox's Comedy Theatre","194 Grand Street, Brooklyn, NY 11211",Brooklyn,40.7141827,-73.9605779,https://photos.cinematreasures.org/production/photos/75460/1372349350/large.JPG?1372349350,theater_images/8293.jpg,1885,1947,,Closed,1,Cinema Treasures,https://cinematreasures.org/theaters/8293,9/15/26,,,,,low,Most recent stated closing year retained.,,,,,,,,,,,,,
287,Metro Twin,"Midtown Theater, New Metro Twin","2626 Broadway, New York, NY 10025",Manhattan,40.796669,-73.969791,https://photos.cinematreasures.org/production/photos/11/1305912608/large.jpg?1305912608,theater_images/287.jpg,2023,2005,2013,Closed,2,Cinema Treasures,https://cinematreasures.org/theaters/287,9/15/26,,,,,low,Most recent stated closing year retained. Most recent stated reopening year retained.,,,,,,,,,,,,,
51828,Metrograph,,"7 Ludlow Street, New York, NY 10002",Manhattan,40.7150777,-73.9911809,https://photos.cinematreasures.org/production/photos/160874/1457229604/large.png?1457229604,theater_images/51828.png,2016,,,Open (Showing movies),2,Cinema Treasures,https://cinematreasures.org/theaters/51828,9/15/26,,,,,high,,,,,,,,,,,,,,
13573,Metropolitan Theater,,"168 Manhattan Avenue, Brooklyn, NY 11206",Brooklyn,40.7085872,-73.9450991,,,,unknown,,Closed,1,Cinema Treasures,https://cinematreasures.org/theaters/13573,9/15/26,,,,,medium,"Not stated on source page: opening year, closing year, image. Current-address audit found no confirmed continuation of this theater; it is closed, but the closing year is unknown.",Match,Exact,"168 MANHATTAN AVE, BROOKLYN, NY, 11206",40.70818144,-73.94497511,152,place,house,closed_unknown_date,medium,U.S. Census Geocoder; OpenStreetMap via Photon and Overpass,9/16/26,No matching current theater was found at the geocoded address. Closing date remains unknown.
20160,Metropolitan Theater,,"134 Essex Street, New York, NY 10002",Manhattan,40.7199626,-73.9874575,,,,unknown,,Closed,1,Cinema Treasures,https://cinematreasures.org/theaters/20160,9/15/26,,,,,medium,"Not stated on source page: opening year, closing year, image. Current-address audit found no confirmed continuation of this theater; it is closed, but the closing year is unknown.",Match,Exact,"134 ESSEX ST, NEW YORK, NY, 10002",40.72002824,-73.98736046,Essex Street,highway,primary,closed_unknown_date,medium,U.S. Census Geocoder; OpenStreetMap via Photon and Overpass,9/16/26,"A nearby mapped venue matched part of the name, but review did not confirm it as the same historical theater; the theater is closed and its closing year remains unknown."
35675,Metropolitan Theater,,"225 E. 14th Street, New York, NY 10003",Manhattan,40.7330141,-73.986041,https://photos.cinematreasures.org/production/photos/204861/1490313334/large.jpg?1490313334,theater_images/35675.jpg,1980,unknown,,Closed,1,Cinema Treasures,https://cinematreasures.org/theaters/35675,9/15/26,,,,,medium,"Not stated on source page: closing year. Current-address audit found no confirmed continuation of this theater; it is closed, but the closing year is unknown.",Match,Exact,"225 E 14TH ST, NEW YORK, NY, 10003",40.73297964,-73.986282,213,place,house,closed_unknown_date,medium,U.S. Census Geocoder; OpenStreetMap via Photon and Overpass,9/16/26,No matching current theater was found at the geocoded address. Closing date remains unknown.
7628,Metropolitan Theatre,"New 14th Street Theatre, Arrow Theatre","241 E. 14th Street, New York, NY 10003",Manhattan,40.7327039,-73.9853186,https://photos.cinematreasures.org/production/photos/27045/1316718787/large.jpg?1316718787,theater_images/7628.jpg,1914,1988,,Closed,1,Cinema Treasures,https://cinematreasures.org/theaters/7628,9/15/26,,,,,high,,,,,,,,,,,,,,
8418,Midway Theatre,"Manhattan Variety Theatre, Manhattan Theatre","1059 Manhattan Avenue, Brooklyn, NY 11222",Brooklyn,40.7348723,-73.9551529,https://photos.cinematreasures.org/production/photos/261506/1543777317/large.gif?1543777317,theater_images/8418.gif,1910,1953,,Closed,1,Cinema Treasures,https://cinematreasures.org/theaters/8418,9/15/26,,,,,low,Most recent stated closing year retained.,,,,,,,,,,,,,
3859,Midwood Theatre,,"1307 Avenue J, Brooklyn, NY 11230",Brooklyn,40.6250062,-73.9629105,https://photos.cinematreasures.org/production/photos/6073/1308586055/large.jpg?1308586055,theater_images/3859.jpg,1913,1985,,Closed,1,Cinema Treasures,https://cinematreasures.org/theaters/3859,9/15/26,,,,,high,,,,,,,,,,,,,,
7723,Midwout Theatre,"Alcazar Theatre, Eureka Theatre, Kenmore Theatre","1282-1286 Flatbush Avenue, Brooklyn, NY 11226",Brooklyn,40.638929,-73.9540719,https://photos.cinematreasures.org/production/photos/77575/1375274696/large.JPG?1375274696,theater_images/7723.jpg,1914,unknown,,Closed,1,Cinema Treasures,https://cinematreasures.org/theaters/7723,9/15/26,,,,,medium,"Not stated on source page: closing year. Current-address audit found no confirmed continuation of this theater; it is closed, but the closing year is unknown.",Match,Non_Exact,"1286 FLATBUSH AVE, BROOKLYN, NY, 11226",40.63896901,-73.95422423,Flatbush Avenue,highway,primary,closed_unknown_date,medium,U.S. Census Geocoder; OpenStreetMap via Photon and Overpass,9/16/26,No matching current theater was found at the geocoded address. Closing date remains unknown.
21467,Miller Theater,,"351 Saratoga Avenue, Brooklyn, NY 11233",Brooklyn,40.673727,-73.9164289,https://photos.cinematreasures.org/production/photos/78588/1376314960/large.JPG?1376314960,theater_images/21467.jpg,1916,unknown,,Closed,1,Cinema Treasures,https://cinematreasures.org/theaters/21467,9/15/26,,,,,low,"Opening year is approximate (1916). Not stated on source page: closing year. Current-address audit found no confirmed continuation of this theater; it is closed, but the closing year is unknown.",Match,Exact,"351 SARATOGA AVE, BROOKLYN, NY, 11233",40.67376236,-73.9166617,351,building,church,closed_unknown_date,medium,U.S. Census Geocoder; OpenStreetMap via Photon and Overpass,9/16/26,No matching current theater was found at the geocoded address. Closing date remains unknown.
8172,Miller Theatre,,"747 Sutter Avenue, Brooklyn, NY 11207",Brooklyn,40.6700155,-73.8909815,https://photos.cinematreasures.org/production/photos/352875/1629460441/large.jpg?1629460441,theater_images/8172.jpg,1916,1956,,Closed,1,Cinema Treasures,https://cinematreasures.org/theaters/8172,9/15/26,,,,,high,,,,,,,,,,,,,,
8793,Miller-Capitol Theatre,,"286 Saratoga Avenue, Brooklyn, NY 11233",Brooklyn,40.675655,-73.91687,https://photos.cinematreasures.org/production/photos/27526/1317138617/large.jpg?1317138617,theater_images/8793.jpg,1921,unknown,,Closed,1,Cinema Treasures,https://cinematreasures.org/theaters/8793,9/15/26,,,,,medium,"Not stated on source page: closing year. Current-address audit found no confirmed continuation of this theater; it is closed, but the closing year is unknown.",Match,Exact,"286 SARATOGA AVE, BROOKLYN, NY, 11233",40.6756157,-73.9166401,286,building,yes,closed_unknown_date,medium,U.S. Census Geocoder; OpenStreetMap via Photon and Overpass,9/16/26,No matching current theater was found at the geocoded address. Closing date remains unknown.
41500,Milton Photo Theatre,P. Bernstein Theatre,"419 Grand Street, Brooklyn, NY 11211",Brooklyn,40.711818,-73.953653,https://photos.cinematreasures.org/production/photos/75472/1372355395/large.JPG?1372355395,theater_images/41500.jpg,1908,1915,,Closed,1,Cinema Treasures,https://cinematreasures.org/theaters/41500,9/15/26,,,,,low,Opening year is approximate (1908).,,,,,,,,,,,,,
16964,Minerva Theatre,"Palace Theatre, Armory Theatre","419 7th Avenue, Brooklyn, NY 11215",Brooklyn,40.663888,-73.983773,https://photos.cinematreasures.org/production/photos/264541/1548828250/large.jpg?1548828250,theater_images/16964.jpg,1912,1950,1950,Closed,1,Cinema Treasures,https://cinematreasures.org/theaters/16964,9/15/26,,,,,high,,,,,,,,,,,,,,
8391,Model Theater,Lee Theater,"131 Lee Avenue, Brooklyn, NY 11211",Brooklyn,40.7039399,-73.9578065,https://photos.cinematreasures.org/production/photos/8018/1309301745/large.jpg?1309301745,theater_images/8391.jpg,,unknown,,Closed,1,Cinema Treasures,https://cinematreasures.org/theaters/8391,9/15/26,,,,,medium,"Not stated on source page: opening year, closing year. Current-address audit found no confirmed continuation of this theater; it is closed, but the closing year is unknown.",Match,Exact,"131 LEE AVE, BROOKLYN, NY, 11211",40.70389524,-73.95780618,135,place,house,closed_unknown_date,medium,U.S. Census Geocoder; OpenStreetMap via Photon and Overpass,9/16/26,No matching current theater was found at the geocoded address. Closing date remains unknown.
25081,Modern Playhouse,,"213 E. 82nd Street, New York, NY 10028",Manhattan,40.776109,-73.954952,https://photos.cinematreasures.org/production/photos/297529/1581701527/large.JPG?1581701527,theater_images/25081.jpg,1936,unknown,,Closed,1,Cinema Treasures,https://cinematreasures.org/theaters/25081,9/15/26,,,,,low,"Opening year represents an approximate decade reference (1936). Not stated on source page: closing year. Current-address audit found no confirmed continuation of this theater; it is closed, but the closing year is unknown.",Match,Exact,"213 E 82ND ST, NEW YORK, NY, 10028",40.77615102,-73.95550843,201,place,house,closed_unknown_date,medium,U.S. Census Geocoder; OpenStreetMap via Photon and Overpass,9/16/26,No matching current theater was found at the geocoded address. Closing date remains unknown.
7655,Momart Theatre,Montmartre Theatre,"590 Fulton Street, Brooklyn, NY 11217",Brooklyn,40.687779,-73.978851,https://photos.cinematreasures.org/production/photos/190526/1478458516/large.gif?1478458516,theater_images/7655.gif,1927,unknown,,Closed,1,Cinema Treasures,https://cinematreasures.org/theaters/7655,9/15/26,,,,,medium,"Not stated on source page: closing year. Current-address audit found no confirmed continuation of this theater; it is closed, but the closing year is unknown.",Match,Exact,"590 FULTON ST, BROOKLYN, NY, 11217",40.68817629,-73.97925619,BMT Brighton Line,railway,subway,closed_unknown_date,medium,U.S. Census Geocoder; OpenStreetMap via Photon and Overpass,9/16/26,No matching current theater was found at the geocoded address. Closing date remains unknown.
6303,Monroe Theatre,"Brandt's Monroe, Trans-Lux Monroe Theatre","1456 1st Avenue, New York, NY 10021",Manhattan,40.7701577,-73.9542497,,,1926,1953,,Closed,1,Cinema Treasures,https://cinematreasures.org/theaters/6303,9/15/26,,,,,medium,Not stated on source page: image.,,,,,,,,,,,,,
7882,Monroe Theatre,,"4 Howard Avenue, Brooklyn, NY 11221",Brooklyn,40.6885982,-73.9211743,https://photos.cinematreasures.org/production/photos/26645/1316537386/large.jpg?1316537386,theater_images/7882.jpg,,unknown,,Closed,1,Cinema Treasures,https://cinematreasures.org/theaters/7882,9/15/26,,,,,medium,"Not stated on source page: opening year, closing year. Current-address audit found no confirmed continuation of this theater; it is closed, but the closing year is unknown.",Match,Exact,"4 HOWARD AVE, BROOKLYN, NY, 11221",40.68869441,-73.9212243,Monroe Street,highway,residential,closed_unknown_date,medium,U.S. Census Geocoder; OpenStreetMap via Photon and Overpass,9/16/26,No matching current theater was found at the geocoded address. Closing date remains unknown.
11006,Montauk Arcade Theatre,,"2540 Pitkin Avenue, Brooklyn, NY 11208",Brooklyn,40.674223,-73.878448,,,1914,1929,,Closed,1,Cinema Treasures,https://cinematreasures.org/theaters/11006,9/15/26,,,,,medium,Not stated on source page: image.,,,,,,,,,,,,,
59895,Moorish Garden Theatre,,"375 Riverside Drive, New York, NY 10025",Manhattan,40.804477,-73.9680806,https://photos.cinematreasures.org/production/photos/270744/1556557286/large.png?1556557286,theater_images/59895.png,1913,unknown,,Closed,1,Cinema Treasures,https://cinematreasures.org/theaters/59895,9/15/26,,,,,medium,"Not stated on source page: closing year. Current-address audit found no confirmed continuation of this theater; it is closed, but the closing year is unknown.",Match,Exact,"375 RIVERSIDE DR, NEW YORK, NY, 10025",40.80460604,-73.96805643,371,place,house,closed_unknown_date,medium,U.S. Census Geocoder; OpenStreetMap via Photon and Overpass,9/16/26,No matching current theater was found at the geocoded address. Closing date remains unknown.
22066,Morningside Theatre,,"2135 8th Avenue, New York, NY 10026",Manhattan,40.804173,-73.9560769,https://photos.cinematreasures.org/production/photos/175874/1470773827/large.gif?1470773827,theater_images/22066.gif,,unknown,,Closed,1,Cinema Treasures,https://cinematreasures.org/theaters/22066,9/15/26,,,,,medium,"Not stated on source page: opening year, closing year. Current-address audit found no confirmed continuation of this theater; it is closed, but the closing year is unknown.",Match,Exact,"2135 8TH AVE, NEW YORK, NY, 10026",40.80397625,-73.95577653,2131,place,house,closed_unknown_date,medium,U.S. Census Geocoder; OpenStreetMap via Photon and Overpass,9/16/26,No matching current theater was found at the geocoded address. Closing date remains unknown.
12360,Mount Eden Theatre,,"50 E. Mount Eden Avenue, Bronx, NY 10452",Bronx,40.84449,-73.916435,,,1926,unknown,,Closed,1,Cinema Treasures,https://cinematreasures.org/theaters/12360,9/15/26,,,,,medium,"Not stated on source page: closing year, image. Current-address audit found no confirmed continuation of this theater; it is closed, but the closing year is unknown.",No_Match,,,,,1565,place,house,closed_unknown_date,medium,U.S. Census Geocoder; OpenStreetMap via Photon and Overpass,9/16/26,No matching current theater was found at the geocoded address. Closing date remains unknown.
8429,Movie-Plex 42,"Roxy Twin Theatre, Roxy Burlesk","244 W. 42nd Street, New York, NY 10036",Manhattan,40.756591,-73.9883225,https://photos.cinematreasures.org/production/photos/54328/1346655740/large.jpg?1346655740,theater_images/8429.jpg,1994,unknown,,Closed,6,Cinema Treasures,https://cinematreasures.org/theaters/8429,9/15/26,,,,,medium,"Not stated on source page: closing year. Current-address audit found no confirmed continuation of this theater; it is closed, but the closing year is unknown.",Match,Exact,"244 W 42ND ST, NEW YORK, NY, 10036",40.75652294,-73.98826946,Big bus information desk at madame Tussauds,shop,ticket,closed_unknown_date,medium,U.S. Census Geocoder; OpenStreetMap via Photon and Overpass,9/16/26,No matching current theater was found at the geocoded address. Closing date remains unknown.
2925,Movieland,"Central Theatre, Columbia Theatre, Gotham Theatre, Holiday Theatre, Odeon Theatre, Forum Theatre, Forum 47th Street","1567 Broadway, New York, NY 10036",Manhattan,40.7592931,-73.9851148,https://photos.cinematreasures.org/production/photos/70235/1364253364/large.jpg?1364253364,theater_images/2925.jpg,1918,1998,1956,Closed,1,Cinema Treasures,https://cinematreasures.org/theaters/2925,9/15/26,,,,,low,Most recent stated closing year retained.,,,,,,,,,,,,,
8649,Movieworld Douglaston,UA Movieworld,"242-02 61st Avenue, Douglaston, NY 11362",Queens,40.754707,-73.738934,https://photos.cinematreasures.org/production/photos/117765/1423622178/large.JPG?1423622178,theater_images/8649.jpg,1983,2018,2008,Closed,7,Cinema Treasures,https://cinematreasures.org/theaters/8649,9/15/26,,,,,low,Most recent stated closing year retained.,,,,,,,,,,,,,
6220,Murray Hill Cinema,"Murray Hill Lyceum, 34th Street Theatre, Murray Hill Theatre","160 E. 34th Street, New York, NY 10016",Manhattan,40.7458246,-73.9785643,https://photos.cinematreasures.org/production/photos/35351/1328475537/large.jpg?1328475537,theater_images/6220.jpg,1893,2002,,Closed,4,Cinema Treasures,https://cinematreasures.org/theaters/6220,9/15/26,,,,,high,,,,,,,,,,,,,,
40765,Museum of Modern Art,,"11 W. 53rd Street, New York, NY 10019",Manhattan,40.7614029,-73.9776248,https://photos.cinematreasures.org/production/photos/247233/1530208979/large.jpg?1530208979,theater_images/40765.jpg,1984,,,Open (Showing movies),4,Cinema Treasures,https://cinematreasures.org/theaters/40765,9/15/26,,,,,high,,,,,,,,,,,,,,
34819,Museum of the Moving Image,American Museum of the Moving Image,"35th Avenue and 37th Street, Astoria, NY 11106",Queens,40.7558832,-73.923696,https://photos.cinematreasures.org/production/photos/258897/1540738270/large.jpg?1540738270,theater_images/34819.jpg,1988,,,Open (Showing movies),2,Cinema Treasures,https://cinematreasures.org/theaters/34819,9/15/26,,,,,low,Most recent stated closing year retained.,,,,,,,,,,,,,
29552,Music Hall,,"1000 Richmond Terrace, Staten Island, NY 10301",Staten Island,40.6438253,-74.1019269,https://photos.cinematreasures.org/production/photos/214397/1500585122/large.jpg?1500585122,theater_images/29552.jpg,1892,,,Open,1,Cinema Treasures,https://cinematreasures.org/theaters/29552,9/15/26,,,,,high,,,,,,,,,,,,,,
36268,Mystic Theatre,,"266 W. 135th Street, New York, NY 10030",Manhattan,40.815306,-73.943699,https://photos.cinematreasures.org/production/photos/6651/1308751073/large.jpg?1308751073,theater_images/36268.jpg,,1926,,Closed,1,Cinema Treasures,https://cinematreasures.org/theaters/36268,9/15/26,,,,,medium,Not stated on source page: opening year.,,,,,,,,,,,,,
44819,Nassau Arcade,,"282 Nassau Avenue, Brooklyn, NY 11222",Brooklyn,40.7260813,-73.9393993,,,,unknown,,Closed,1,Cinema Treasures,https://cinematreasures.org/theaters/44819,9/15/26,,,,,medium,"Not stated on source page: opening year, closing year, image. Current-address audit found no confirmed continuation of this theater; it is closed, but the closing year is unknown.",Match,Exact,"282 NASSAU AVE, BROOKLYN, NY, 11222",40.72603474,-73.93949797,Nassau Avenue & Morgan Avenue,highway,bus_stop,closed_unknown_date,medium,U.S. Census Geocoder; OpenStreetMap via Photon and Overpass,9/16/26,No matching current theater was found at the geocoded address. Closing date remains unknown.
8424,Nassau Theater,,"337 Grand Street, Brooklyn, NY 11211",Brooklyn,40.7125197,-73.9561228,https://photos.cinematreasures.org/production/photos/75471/1372355158/large.JPG?1372355158,theater_images/8424.jpg,1912,1949,,Closed,1,Cinema Treasures,https://cinematreasures.org/theaters/8424,9/15/26,,,,,high,,,,,,,,,,,,,,
7548,Nassau Theatre,Nassau Avenue Theatre,"88 Nassau Avenue, Brooklyn, NY 11222",Brooklyn,40.7239014,-73.9503667,https://photos.cinematreasures.org/production/photos/261949/1544451470/large.jpg?1544451470,theater_images/7548.jpg,,unknown,,Closed,1,Cinema Treasures,https://cinematreasures.org/theaters/7548,9/15/26,,,,,medium,"Not stated on source page: opening year, closing year. Current-address audit found no confirmed continuation of this theater; it is closed, but the closing year is unknown.",Match,Exact,"88 NASSAU AVE, BROOKLYN, NY, 11222",40.72382906,-73.95041733,86,place,house,closed_unknown_date,medium,U.S. Census Geocoder; OpenStreetMap via Photon and Overpass,9/16/26,No matching current theater was found at the geocoded address. Closing date remains unknown.
3966,National Theatre,Fox National Theatre,"720 Washington Avenue, Brooklyn, NY 11238",Brooklyn,40.676201,-73.963845,https://photos.cinematreasures.org/production/photos/179598/1473095318/large.gif?1473095318,theater_images/3966.gif,1921,1957,,Closed,1,Cinema Treasures,https://cinematreasures.org/theaters/3966,9/15/26,,,,,low,Most recent stated closing year retained.,,,,,,,,,,,,,
16276,National Theatre & Roosevelt Theatre,"National Winter Garden Burlesque, Crown Theatre, Roosevelt Little Theatre","111 - 117 E. Houston Street, New York, NY 10002",Manhattan,40.7239791,-73.9923765,https://photos.cinematreasures.org/production/photos/242524/1526083434/large.jpg?1526083434,theater_images/16276.jpg,1913,1951,1941,Closed,2,Cinema Treasures,https://cinematreasures.org/theaters/16276,9/15/26,,,,,low,Most recent stated closing year retained.,,,,,,,,,,,,,
4007,Nemo Theatre,,"2834 Broadway, New York, NY 10025",Manhattan,40.8041868,-73.9665534,https://photos.cinematreasures.org/production/photos/8700/1309548517/large.jpeg?1309548517,theater_images/4007.jpeg,1919,1963,,Closed,1,Cinema Treasures,https://cinematreasures.org/theaters/4007,9/15/26,,,,,high,,,,,,,,,,,,,,
30753,New Albany Theatre,Albany Theatre,"281 Albany Avenue, Brooklyn, NY 11213",Brooklyn,40.670854,-73.938969,https://photos.cinematreasures.org/production/photos/93585/1390776782/large.PNG?1390776782,theater_images/30753.png,,unknown,,Closed,1,Cinema Treasures,https://cinematreasures.org/theaters/30753,9/15/26,,,,,medium,"Not stated on source page: opening year, closing year. Current-address audit found no confirmed continuation of this theater; it is closed, but the closing year is unknown.",Match,Exact,"281 ALBANY AVE, BROOKLYN, NY, 11213",40.67097567,-73.93918988,1178,place,house,closed_unknown_date,medium,U.S. Census Geocoder; OpenStreetMap via Photon and Overpass,9/16/26,No matching current theater was found at the geocoded address. Closing date remains unknown.
30,New Amsterdam Theatre,,"214 W. 42nd Street, New York, NY 10036",Manhattan,40.756246,-73.987985,https://photos.cinematreasures.org/production/photos/9/1305911927/large.jpg?1305911927,theater_images/30.jpg,1903,,1997,Open,1,Cinema Treasures,https://cinematreasures.org/theaters/30,9/15/26,,,,,low,Most recent stated closing year retained. Most recent stated reopening year retained.,,,,,,,,,,,,,
47756,New Atlantic Theatre,Atlantic Garden,"50 Bowery, New York, NY 10013",Manhattan,40.715975,-73.9965507,https://photos.cinematreasures.org/production/photos/208760/1494864653/large.jpg?1494864653,theater_images/47756.jpg,1870,1929,,Closed,1,Cinema Treasures,https://cinematreasures.org/theaters/47756,9/15/26,,,,,high,,,,,,,,,,,,,,
3879,New Boro Park Theatre,"B.F. Keith's Boro Park Theatre, Loew's Boro Park Theatre, Yiddish Boro Park Theatre","5102 New Utrecht Avenue, Brooklyn, NY 11219",Brooklyn,40.634828,-73.995492,https://photos.cinematreasures.org/production/photos/263966/1547849400/large.jpg?1547849400,theater_images/3879.jpg,1921,1977,,Closed,1,Cinema Treasures,https://cinematreasures.org/theaters/3879,9/15/26,,,,,high,,,,,,,,,,,,,,
12992,New Cinema Playhouse,"41st Street Theatre, Film-Makers' Cinematheque","125 W. 42nd Street, New York, NY 10036",Manhattan,40.7551541,-73.9848929,https://photos.cinematreasures.org/production/photos/117374/1423197060/large.jpg?1423197060,theater_images/12992.jpg,1959,unknown,,Closed,1,Cinema Treasures,https://cinematreasures.org/theaters/12992,9/15/26,,,,,medium,"Not stated on source page: closing year. Current-address audit found no confirmed continuation of this theater; it is closed, but the closing year is unknown.",Match,Exact,"125 W 42ND ST, NEW YORK, NY, 10036",40.75514485,-73.98467168,West 42nd Street & 6th Avenue,highway,bus_stop,closed_unknown_date,medium,U.S. Census Geocoder; OpenStreetMap via Photon and Overpass,9/16/26,No matching current theater was found at the geocoded address. Closing date remains unknown.
8157,New Delancey Theatre,M & S Theatre,"62 Delancey Street, New York, NY 10002",Manhattan,40.7194746,-73.9909009,https://photos.cinematreasures.org/production/photos/159014/1455709992/large.jpg?1455709992,theater_images/8157.jpg,1922,unknown,,Closed,1,Cinema Treasures,https://cinematreasures.org/theaters/8157,9/15/26,,,,,medium,"Not stated on source page: closing year. Current-address audit found no confirmed continuation of this theater; it is closed, but the closing year is unknown.",Match,Exact,"62 DELANCEY ST, NEW YORK, NY, 10002",40.71952999,-73.9909228,D3 Busline,amenity,bus_station,closed_unknown_date,medium,U.S. Census Geocoder; OpenStreetMap via Photon and Overpass,9/16/26,"A nearby mapped venue matched part of the name, but review did not confirm it as the same historical theater; the theater is closed and its closing year remains unknown."
31771,New Douglas Theatre,,"640 Lenox Avenue, New York, NY 10037",Manhattan,40.8183899,-73.937615,https://photos.cinematreasures.org/production/photos/241933/1525559872/large.jpg?1525559872,theater_images/31771.jpg,1922,1940,,Closed,1,Cinema Treasures,https://cinematreasures.org/theaters/31771,9/15/26,,,,,low,Closing year is approximate (1940).,,,,,,,,,,,,,
13722,New Europe Theatre,"Yorkville Hippodrome, Ufa Cosmpolitan Deutsche Sprechfilm Theatre, Tobis Theatre, Europe Theatre","1499 1st Avenue, New York, NY 10021",Manhattan,40.771963,-73.953383,https://photos.cinematreasures.org/production/photos/229792/1514939677/large.jpg?1514939677,theater_images/13722.jpg,1909,unknown,,Closed,1,Cinema Treasures,https://cinematreasures.org/theaters/13722,9/15/26,,,,,medium,"Not stated on source page: closing year. Current-address audit found no confirmed continuation of this theater; it is closed, but the closing year is unknown.",Match,Non_Exact,"1499 1ST AVE, NEW YORK, NY, 10075",40.77188053,-73.95311059,Classic Nail & Spa,shop,beauty,closed_unknown_date,medium,U.S. Census Geocoder; OpenStreetMap via Photon and Overpass,9/16/26,No matching current theater was found at the geocoded address. Closing date remains unknown.
38411,New Franklin Theatre,"Franklin Theatre, Brooklyn Theatre","245 Franklin Avenue, Brooklyn, NY 11205",Brooklyn,40.6910737,-73.9572217,https://photos.cinematreasures.org/production/photos/42723/1335112636/large.JPG?1335112636,theater_images/38411.jpg,1911,1922,,Closed,1,Cinema Treasures,https://cinematreasures.org/theaters/38411,9/15/26,,,,,high,,,,,,,,,,,,,,
8099,New Howard Theatre,Howard Theatre,"102-08 159th Avenue, Howard Beach, NY 11414",Queens,40.6597139,-73.8309895,https://photos.cinematreasures.org/production/photos/262540/1545607671/large.jpg?1545607671,theater_images/8099.jpg,1931,1964,,Closed,1,Cinema Treasures,https://cinematreasures.org/theaters/8099,9/15/26,,,,,low,Opening year is an upper bound ('prior to/before 1931').,,,,,,,,,,,,,
25326,New Ideal Theater,Ideal Theater,"151 Knickerbocker Avenue, Brooklyn, NY 11237",Brooklyn,40.7043672,-73.9280882,https://photos.cinematreasures.org/production/photos/77330/1375021893/large.JPG?1375021893,theater_images/25326.jpg,1939,1939,1931,Closed,1,Cinema Treasures,https://cinematreasures.org/theaters/25326,9/15/26,,,,,low,Most recent stated closing year retained. Most recent stated reopening year retained.,,,,,,,,,,,,,
55885,New Kingston Theater,,"1068 St. John's Place, Brooklyn, NY 11213",Brooklyn,40.6712402,-73.9429401,https://photos.cinematreasures.org/production/photos/311625/1595188481/large.gif?1595188481,theater_images/55885.gif,1914,1921,,Closed,1,Cinema Treasures,https://cinematreasures.org/theaters/55885,9/15/26,,,,,low,Closing year is approximate (1921).,,,,,,,,,,,,,
13542,New Law Theatre,,"23-27 2nd Avenue, New York, NY 10003",Manhattan,40.7245836,-73.990796,https://photos.cinematreasures.org/production/photos/204868/1490313551/large.jpg?1490313551,theater_images/13542.jpg,,unknown,,Closed,1,Cinema Treasures,https://cinematreasures.org/theaters/13542,9/15/26,,,,,medium,"Not stated on source page: opening year, closing year. Current-address audit found no confirmed continuation of this theater; it is closed, but the closing year is unknown.",Match,Non_Exact,"27 2ND AVE, NEW YORK, NY, 10003",40.72459694,-73.99067124,2nd Avenue,highway,primary,closed_unknown_date,low,U.S. Census Geocoder; OpenStreetMap via Photon and Overpass,9/16/26,"A nearby mapped venue matched part of the name, but review did not confirm it as the same historical theater; the theater is closed and its closing year remains unknown."
34694,New Linden Theatre,"Linden Garden Airdrome, Linden Theatre","405 Evergreen Avenue, Brooklyn, NY 11221",Brooklyn,40.692521,-73.9203522,,,,unknown,,Closed,1,Cinema Treasures,https://cinematreasures.org/theaters/34694,9/15/26,,,,,medium,"Not stated on source page: opening year, closing year, image. Current-address audit found no confirmed continuation of this theater; it is closed, but the closing year is unknown.",Match,Exact,"405 EVERGREEN AVE, BROOKLYN, NY, 11221",40.69250803,-73.92019963,458,place,house,closed_unknown_date,medium,U.S. Census Geocoder; OpenStreetMap via Photon and Overpass,9/16/26,No matching current theater was found at the geocoded address. Closing date remains unknown.
44818,New Lots Theatre,,"370 New Lots Avenue, Brooklyn, NY 11207",Brooklyn,40.6616762,-73.8933964,https://photos.cinematreasures.org/production/photos/180684/1473628582/large.jpg?1473628582,theater_images/44818.jpg,,1918,,Closed,1,Cinema Treasures,https://cinematreasures.org/theaters/44818,9/15/26,,,,,medium,Not stated on source page: opening year.,,,,,,,,,,,,,
8647,New Ozone Theatre,,"135-01 Rockaway Boulevard, South Ozone Park, NY 11420",Queens,40.674722,-73.80305,https://photos.cinematreasures.org/production/photos/261968/1544470465/large.gif?1544470465,theater_images/8647.gif,,unknown,,Closed,1,Cinema Treasures,https://cinematreasures.org/theaters/8647,9/15/26,,,,,medium,"Not stated on source page: opening year, closing year. Current-address audit found no confirmed continuation of this theater; it is closed, but the closing year is unknown.",Match,Exact,"135-01 ROCKAWAY BLVD, SOUTH OZONE PARK, NY, 11420",40.67457008,-73.80311889,Rockaway Boulevard,highway,primary,closed_unknown_date,medium,U.S. Census Geocoder; OpenStreetMap via Photon and Overpass,9/16/26,No matching current theater was found at the geocoded address. Closing date remains unknown.
36314,New Parkway Theatre,Parkway Theatre,"243 Schenectady Avenue, Brooklyn, NY 11213",Brooklyn,40.670126,-73.933706,https://photos.cinematreasures.org/production/photos/7899/1309271947/large.jpg?1309271947,theater_images/36314.jpg,,unknown,1920,Closed,1,Cinema Treasures,https://cinematreasures.org/theaters/36314,9/15/26,,,,,medium,"Not stated on source page: opening year, closing year. Current-address audit found no confirmed continuation of this theater; it is closed, but the closing year is unknown.",Match,Exact,"243 SCHENECTADY AVE, BROOKLYN, NY, 11213",40.67046315,-73.93366931,New York Engine Company 234,amenity,fire_station,closed_unknown_date,medium,U.S. Census Geocoder; OpenStreetMap via Photon and Overpass,9/16/26,No matching current theater was found at the geocoded address. Closing date remains unknown.
31761,New Pearl Theatre,Joyland Theatre,"2078 3rd Avenue, New York, NY 10029",Manhattan,40.7965966,-73.9410344,,,1911,unknown,,Closed,1,Cinema Treasures,https://cinematreasures.org/theaters/31761,9/15/26,,,,,medium,"Not stated on source page: closing year, image. Current-address audit found no confirmed continuation of this theater; it is closed, but the closing year is unknown.",Match,Exact,"2078 3RD AVE, NEW YORK, NY, 10029",40.79636682,-73.94125942,3rd Avenue,highway,primary,closed_unknown_date,medium,U.S. Census Geocoder; OpenStreetMap via Photon and Overpass,9/16/26,No matching current theater was found at the geocoded address. Closing date remains unknown.
7894,New Plaza Cinema,"Cinema Latino, 62nd & Broadway Cinema, Clearview's 62nd & Broadway Cinema, NYIT Auditorium on Broadway","1871 Broadway, New York, NY 10023",Manhattan,40.7704163,-73.9822654,https://photos.cinematreasures.org/production/photos/32156/1324433016/large.JPG?1324433016,theater_images/7894.jpg,1989,2020,,Closed,1,Cinema Treasures,https://cinematreasures.org/theaters/7894,9/15/26,,,,,low,Most recent stated closing year retained.,,,,,,,,,,,,,
27033,New Plaza Theatre,,"1173 Castleton Avenue, Staten Island, NY 10310",Staten Island,40.6342038,-74.1216071,https://photos.cinematreasures.org/production/photos/74082/1370288723/large.jpg?1370288723,theater_images/27033.jpg,,unknown,,Closed,1,Cinema Treasures,https://cinematreasures.org/theaters/27033,9/15/26,,,,,medium,"Not stated on source page: opening year, closing year. Current-address audit found no confirmed continuation of this theater; it is closed, but the closing year is unknown.",Match,Exact,"1173 CASTLETON AVE, STATEN ISLAND, NY, 10310",40.63428054,-74.12115902,Metro by T-Mobile,shop,mobile_phone,closed_unknown_date,medium,U.S. Census Geocoder; OpenStreetMap via Photon and Overpass,9/16/26,No matching current theater was found at the geocoded address. Closing date remains unknown.
44249,New Plaza Theatre,San Pedro Theatre,"156 High Street, Brooklyn, NY 11201",Brooklyn,40.699214,-73.9869081,,,1918,1934,,Closed,1,Cinema Treasures,https://cinematreasures.org/theaters/44249,9/15/26,,,,,medium,Not stated on source page: image.,,,,,,,,,,,,,
14741,New Progress Theatre,Progress Theatre,"1892 3rd Avenue, New York, NY 10029",Manhattan,40.7906532,-73.9455451,https://photos.cinematreasures.org/production/photos/262544/1545608297/large.jpg?1545608297,theater_images/14741.jpg,,unknown,,Closed,1,Cinema Treasures,https://cinematreasures.org/theaters/14741,9/15/26,,,,,medium,"Not stated on source page: opening year, closing year. Current-address audit found no confirmed continuation of this theater; it is closed, but the closing year is unknown.",Match,Exact,"1892 3RD AVE, NEW YORK, NY, 10029",40.7906365,-73.94544056,Jacks American Outlet,shop,variety_store,closed_unknown_date,medium,U.S. Census Geocoder; OpenStreetMap via Photon and Overpass,9/16/26,No matching current theater was found at the geocoded address. Closing date remains unknown.
50193,New Prospect Theatre,Paradise Theatre,"470 Ralph Avenue, Brooklyn, NY 11233",Brooklyn,40.673182,-73.9224909,https://photos.cinematreasures.org/production/photos/140046/1445437567/large.JPG?1445437567,theater_images/50193.jpg,1914,1932,1931,Closed,1,Cinema Treasures,https://cinematreasures.org/theaters/50193,9/15/26,,,,,low,Most recent stated closing year retained.,,,,,,,,,,,,,
31749,New Regent Theatre,Cherokee Theatre,"1556 1st Avenue, New York, NY 10028",Manhattan,40.7736061,-73.9517416,https://photos.cinematreasures.org/production/photos/280176/1564151413/large.jpg?1564151413,theater_images/31749.jpg,,unknown,,Closed,1,Cinema Treasures,https://cinematreasures.org/theaters/31749,9/15/26,,,,,medium,"Not stated on source page: opening year, closing year. Current-address audit found no confirmed continuation of this theater; it is closed, but the closing year is unknown.",Match,Exact,"1556 1ST AVE, NEW YORK, NY, 10028",40.77376712,-73.95155722,Hair 'n Now,shop,hairdresser,closed_unknown_date,medium,U.S. Census Geocoder; OpenStreetMap via Photon and Overpass,9/16/26,No matching current theater was found at the geocoded address. Closing date remains unknown.
12191,New Theatre,,"8008 Rockaway Beach Boulevard, Rockaway Beach, NY 11693",Queens,40.5880715,-73.806638,https://photos.cinematreasures.org/production/photos/163218/1458844991/large.jpg?1458844991,theater_images/12191.jpg,1913,unknown,,Closed,1,Cinema Treasures,https://cinematreasures.org/theaters/12191,9/15/26,,,,,medium,"Not stated on source page: closing year. Current-address audit found no confirmed continuation of this theater; it is closed, but the closing year is unknown.",Match,Exact,"80-08 ROCKAWAY BEACH BLVD, ROCKAWAY BEACH, NY, 11693",40.58812865,-73.8064958,Rockaway Beach Boulevard,highway,primary,closed_unknown_date,medium,U.S. Census Geocoder; OpenStreetMap via Photon and Overpass,9/16/26,No matching current theater was found at the geocoded address. Closing date remains unknown.
8101,New United Theatre,United Theatre,"207 Myrtle Avenue, Brooklyn, NY 11201",Brooklyn,40.6936199,-73.9821857,https://photos.cinematreasures.org/production/photos/68271/1362239338/large.PNG?1362239338,theater_images/8101.png,,1945,,Closed,1,Cinema Treasures,https://cinematreasures.org/theaters/8101,9/15/26,,,,,low,Closing year is approximate (1945). Not stated on source page: opening year.,,,,,,,,,,,,,
4000,New Venus Theater,Venus Theater,"1224 Prospect Avenue, Brooklyn, NY 11218",Brooklyn,40.653168,-73.976557,https://photos.cinematreasures.org/production/photos/267068/1552319123/large.jpg?1552319123,theater_images/4000.jpg,,1954,,Closed,1,Cinema Treasures,https://cinematreasures.org/theaters/4000,9/15/26,,,,,medium,Not stated on source page: opening year.,,,,,,,,,,,,,
270,New Victory Theater,"Theatre Republic, Belasco Theatre, Republic Theatre, Victory Theatre","209 W. 42nd Street, New York, NY 10036",Manhattan,40.7563431,-73.9876341,https://photos.cinematreasures.org/production/photos/265863/1550843298/large.jpg?1550843298,theater_images/270.jpg,1900,,,Open,1,Cinema Treasures,https://cinematreasures.org/theaters/270,9/15/26,New Victory Theater,https://www.newvictory.org/about/theater-history/,9/15/26,verified_external,high,Opening year verified from New Victory Theater.,,,,,,,,,,,,,
11152,New World Stages,"Worldwide Cinemas, Encore Worldwide Cinemas, Dodger Stages","350 W. 50th Street, New York, NY 10019",Manhattan,40.762967,-73.987845,https://photos.cinematreasures.org/production/photos/55544/1347826190/large.jpg?1347826190,theater_images/11152.jpg,1989,,,Open,5,Cinema Treasures,https://cinematreasures.org/theaters/11152,9/15/26,,,,,high,,,,,,,,,,,,,,
6604,New York Theatre,"Globe Theatre, Cine 43, Nuevo Cine 1 & 2, Big Apple Theatre, Show Follies","1482 Broadway, New York, NY 10036",Manhattan,40.7562962,-73.9862367,https://photos.cinematreasures.org/production/photos/202110/1487969903/large.jpg?1487969903,theater_images/6604.jpg,1940,unknown,,Closed,2,Cinema Treasures,https://cinematreasures.org/theaters/6604,9/15/26,,,,,medium,"Not stated on source page: closing year. Current-address audit found no confirmed continuation of this theater; it is closed, but the closing year is unknown.",Match,Exact,"1482 BROADWAY, NEW YORK, NY, 10036",40.7555083,-73.98641382,Times Square–42nd Street,railway,stop,closed_unknown_date,medium,U.S. Census Geocoder; OpenStreetMap via Photon and Overpass,9/16/26,"A nearby mapped venue matched part of the name, but review did not confirm it as the same historical theater; the theater is closed and its closing year remains unknown."
26860,New Yorker Theater,Gem Theater,"523 8th Avenue, New York, NY 10018",Manhattan,40.753813,-73.992661,,,,1945,,Closed,1,Cinema Treasures,https://cinematreasures.org/theaters/26860,9/15/26,,,,,medium,"Not stated on source page: opening year, image.",,,,,,,,,,,,,
3354,New Yorker Theatre,"Adelphi Theatre, Yorktown Theatre","2409 Broadway, New York, NY 10024",Manhattan,40.7900612,-73.9754841,https://photos.cinematreasures.org/production/photos/135046/1441467171/large.jpg?1441467171,theater_images/3354.jpg,1914,1985,,Closed,2,Cinema Treasures,https://cinematreasures.org/theaters/3354,9/15/26,,,,,high,,,,,,,,,,,,,,
3988,Newkirk Theatre,"T.N.F. Theatre, Cinema Theatre","597 E. 16th Street, Brooklyn, NY 11226",Brooklyn,40.6357366,-73.9623089,https://photos.cinematreasures.org/production/photos/264181/1548222955/large.jpg?1548222955,theater_images/3988.jpg,1910,1940,1928,Closed,1,Cinema Treasures,https://cinematreasures.org/theaters/3988,9/15/26,,,,,low,Most recent stated closing year retained.,,,,,,,,,,,,,
6500,Newtown Theatre,Victoria Theatre,"91-11 Corona Avenue, Elmhurst, NY 11373",Queens,40.742731,-73.873116,https://photos.cinematreasures.org/production/photos/260352/1542224294/large.gif?1542224294,theater_images/6500.gif,1916,unknown,,Closed,1,Cinema Treasures,https://cinematreasures.org/theaters/6500,9/15/26,,,,,medium,"Not stated on source page: closing year. Current-address audit found no confirmed continuation of this theater; it is closed, but the closing year is unknown.",Match,Exact,"91-11 CORONA AVE, ELMHURST, NY, 11373",40.74254692,-73.87330603,91-01,place,house,closed_unknown_date,medium,U.S. Census Geocoder; OpenStreetMap via Photon and Overpass,9/16/26,No matching current theater was found at the geocoded address. Closing date remains unknown.
59898,Niblo Garden Theatre,,"170th Street and 3rd Avenue, Bronx, NY 10456",Bronx,,,,,1910,unknown,,Closed,1,Cinema Treasures,https://cinematreasures.org/theaters/59898,9/15/26,,,,,medium,"Not stated on source page: closing year, coordinates, image. Current-address audit found no confirmed continuation of this theater; it is closed, but the closing year is unknown.",Match,Non_Exact,"E 170TH ST & 3RD AVE, BRONX, NY, 10456",40.83500772,-73.90352108,530,place,house,closed_unknown_date,medium,U.S. Census Geocoder; OpenStreetMap via Photon and Overpass,9/16/26,No matching current theater was found at the geocoded address. Closing date remains unknown.
20040,Nicoland Theatre,,"768 Westchester Avenue, Bronx, NY 10455",Bronx,40.8182185,-73.9045851,https://photos.cinematreasures.org/production/photos/347356/1623709225/large.jpg?1623709225,theater_images/20040.jpg,1908,1917,,Closed,1,Cinema Treasures,https://cinematreasures.org/theaters/20040,9/15/26,,,,,high,,,,,,,,,,,,,,
20841,Night Shift Theatre,,"777 8th Avenue, New York, NY 10036",Manhattan,40.760813,-73.987319,https://photos.cinematreasures.org/production/photos/2632/1307292794/large.jpg?1307292794,theater_images/20841.jpg,,unknown,,Closed,1,Cinema Treasures,https://cinematreasures.org/theaters/20841,9/15/26,,,,,medium,"Not stated on source page: opening year, closing year. Current-address audit found no confirmed continuation of this theater; it is closed, but the closing year is unknown.",Match,Exact,"777 8TH AVE, NEW YORK, NY, 10036",40.76066114,-73.9873741,IND Eighth Avenue Line,railway,subway,closed_unknown_date,medium,U.S. Census Geocoder; OpenStreetMap via Photon and Overpass,9/16/26,No matching current theater was found at the geocoded address. Closing date remains unknown.
1268,Nitehawk Cinema - Prospect Park,"Sanders Theatre, Pavilion Theatre","188 Prospect Park W, Brooklyn, NY 11215",Brooklyn,40.661497,-73.979525,https://photos.cinematreasures.org/production/photos/263305/1546820031/large.JPG?1546820031,theater_images/1268.jpg,1996,,2018,Open (Showing movies),7,Cinema Treasures,https://cinematreasures.org/theaters/1268,9/15/26,,,,,low,Most recent stated closing year retained. Most recent stated reopening year retained.,,,,,,,,,,,,,
36693,Nitehawk Cinema - Williamsburg,,"136 Metropolitan Avenue, Brooklyn, NY 11249",Brooklyn,40.716447,-73.962733,https://photos.cinematreasures.org/production/photos/26821/1316618819/large.jpg?1316618819,theater_images/36693.jpg,2011,,,Open (Showing movies),3,Cinema Treasures,https://cinematreasures.org/theaters/36693,9/15/26,,,,,high,,,,,,,,,,,,,,
7670,Normandie Theatre,,"51 E. 53rd Street, New York, NY 10022",Manhattan,40.7593889,-73.9733845,https://photos.cinematreasures.org/production/photos/45398/1338047796/large.jpg?1338047796,theater_images/7670.jpg,1938,unknown,,Closed,1,Cinema Treasures,https://cinematreasures.org/theaters/7670,9/15/26,,,,,medium,"Not stated on source page: closing year. Current-address audit found no confirmed continuation of this theater; it is closed, but the closing year is unknown.",Match,Exact,"51 E 53RD ST, NEW YORK, NY, 10022",40.75969292,-73.97395775,Citi Bike - E 53 St & Madison Ave,amenity,bicycle_rental,closed_unknown_date,medium,U.S. Census Geocoder; OpenStreetMap via Photon and Overpass,9/16/26,No matching current theater was found at the geocoded address. Closing date remains unknown.
5844,Normandy Theatre,"Elton Theatre, New Elton Theatre","4217 New Utrecht Avenue, Brooklyn, NY 11219",Brooklyn,40.641781,-73.993801,https://photos.cinematreasures.org/production/photos/68273/1362241031/large.PNG?1362241031,theater_images/5844.png,1928,1955,,Closed,1,Cinema Treasures,https://cinematreasures.org/theaters/5844,9/15/26,,,,,high,,,,,,,,,,,,,,
19828,North Star Theater,,"1250 5th Avenue, New York, NY 10029",Manhattan,40.794442,-73.95079,https://photos.cinematreasures.org/production/photos/366690/1647872228/large.gif?1647872228,theater_images/19828.gif,,1928,,Closed,1,Cinema Treasures,https://cinematreasures.org/theaters/19828,9/15/26,,,,,low,Most recent stated closing year retained. Not stated on source page: opening year.,,,,,,,,,,,,,
17837,Norwood Theatre,,"3118 Fulton Street, Brooklyn, NY 11208",Brooklyn,40.6814472,-73.8797926,https://photos.cinematreasures.org/production/photos/139941/1445350544/large.JPG?1445350544,theater_images/17837.jpg,1914,1928,,Closed,1,Cinema Treasures,https://cinematreasures.org/theaters/17837,9/15/26,,,,,high,,,,,,,,,,,,,,
3856,Nostrand Theatre,,"2817 Nostrand Avenue, Brooklyn, NY 11234",Brooklyn,40.6155333,-73.9446659,https://photos.cinematreasures.org/production/photos/49013/1342184057/large.jpg?1342184057,theater_images/3856.jpg,1938,1984,1984,Closed,1,Cinema Treasures,https://cinematreasures.org/theaters/3856,9/15/26,,,,,high,,,,,,,,,,,,,,
36583,Nostrand Theatre,,"276 Nostrand Avenue, Brooklyn, NY 11205",Brooklyn,40.689864,-73.951464,https://photos.cinematreasures.org/production/photos/21528/1313249593/large.JPG?1313249593,theater_images/36583.jpg,1915,1933,,Closed,1,Cinema Treasures,https://cinematreasures.org/theaters/36583,9/15/26,,,,,high,,,,,,,,,,,,,,
40047,Nostrand Theatre,,"657 Nostrand Avenue, Brooklyn, NY 11216",Brooklyn,40.6747161,-73.9500443,https://photos.cinematreasures.org/production/photos/193172/1480042525/large.jpg?1480042525,theater_images/40047.jpg,1910,1928,1913,Closed,1,Cinema Treasures,https://cinematreasures.org/theaters/40047,9/15/26,,,,,low,Most recent stated closing year retained.,,,,,,,,,,,,,
289,Nova Theatre,"Bunny Theatre, Dorset Theatre, Tapia Theatre","3589 Broadway, New York, NY 10031",Manhattan,40.8280662,-73.9494275,https://photos.cinematreasures.org/production/photos/42/1305960545/large.png?1305960545,theater_images/289.png,1913,2002,,Closed,3,Cinema Treasures,https://cinematreasures.org/theaters/289,9/15/26,,,,,low,Opening year is approximate (1913).,,,,,,,,,,,,,
24200,Novelty Theater,,"780 Driggs Avenue, Brooklyn, NY 11211",Brooklyn,40.711349,-73.961421,https://photos.cinematreasures.org/production/photos/137095/1442945445/large.jpg?1442945445,theater_images/24200.jpg,,unknown,,Closed,1,Cinema Treasures,https://cinematreasures.org/theaters/24200,9/15/26,,,,,medium,"Not stated on source page: opening year, closing year. Current-address audit found no confirmed continuation of this theater; it is closed, but the closing year is unknown.",Match,Exact,"780 DRIGGS AVE, BROOKLYN, NY, 11211",40.71165942,-73.96130985,778,building,yes,closed_unknown_date,medium,U.S. Census Geocoder; OpenStreetMap via Photon and Overpass,9/16/26,No matching current theater was found at the geocoded address. Closing date remains unknown.
60226,Novelty Theatre,,"214 Bowery, New York, NY 10012",Manhattan,,,https://photos.cinematreasures.org/production/photos/279171/1563549338/large.JPG?1563549338,theater_images/60226.jpg,1909,1930,,Closed,1,Cinema Treasures,https://cinematreasures.org/theaters/60226,9/15/26,,,,,low,Most recent stated closing year retained. Not stated on source page: coordinates.,,,,,,,,,,,,,
4624,Oasis Theatre,,"63-57 Fresh Pond Road, Ridgewood, NY 11385",Queens,40.7108582,-73.8993759,https://photos.cinematreasures.org/production/photos/1872/1307033573/large.jpg?1307033573,theater_images/4624.jpg,1927,1978,,Closed,1,Cinema Treasures,https://cinematreasures.org/theaters/4624,9/15/26,,,,,high,,,,,,,,,,,,,,
1379,Oceana Theater,"Oceana Theatre, Atlantic Oceana Theatre, Millennium Theatre, Master Theater","1029 Brighton Beach Avenue, Brooklyn, NY 11235",Brooklyn,40.5783085,-73.9584269,https://photos.cinematreasures.org/production/photos/275631/1559960430/large.jpg?1559960430,theater_images/1379.jpg,1934,,2022,Open,1,Cinema Treasures,https://cinematreasures.org/theaters/1379,9/15/26,,,,,low,Most recent stated closing year retained. Most recent stated reopening year retained.,,,,,,,,,,,,,
12576,Odeon Theatre,,"256 W. 145th Street, New York, NY 10039",Manhattan,40.822447,-73.9410425,https://photos.cinematreasures.org/production/photos/264232/1548371574/large.jpg?1548371574,theater_images/12576.jpg,1911,unknown,,Closed,1,Cinema Treasures,https://cinematreasures.org/theaters/12576,9/15/26,,,,,medium,"Not stated on source page: closing year. Current-address audit found no confirmed continuation of this theater; it is closed, but the closing year is unknown.",Match,Exact,"256 W 145TH ST, NEW YORK, NY, 10039",40.82226889,-73.94072576,Union Baptist Church,amenity,place_of_worship,closed_unknown_date,medium,U.S. Census Geocoder; OpenStreetMap via Photon and Overpass,9/16/26,No matching current theater was found at the geocoded address. Closing date remains unknown.
13544,Odeon Theatre,,"58 Clinton Street, New York, NY 10002",Manhattan,40.7195338,-73.9848099,,,,unknown,,Closed,1,Cinema Treasures,https://cinematreasures.org/theaters/13544,9/15/26,,,,,medium,"Not stated on source page: opening year, closing year, image. Current-address audit found no confirmed continuation of this theater; it is closed, but the closing year is unknown.",Match,Exact,"58 CLINTON ST, NEW YORK, NY, 10002",40.7194962,-73.98477643,60,place,house,closed_unknown_date,medium,U.S. Census Geocoder; OpenStreetMap via Photon and Overpass,9/16/26,No matching current theater was found at the geocoded address. Closing date remains unknown.
7909,Ogden Theatre,,"1431 Ogden Avenue, Bronx, NY 10452",Bronx,40.8432668,-73.9237789,https://photos.cinematreasures.org/production/photos/113596/1417637468/large.jpg?1417637468,theater_images/7909.jpg,1922,unknown,,Closed,1,Cinema Treasures,https://cinematreasures.org/theaters/7909,9/15/26,,,,,medium,"Not stated on source page: closing year. Current-address audit found no confirmed continuation of this theater; it is closed, but the closing year is unknown.",Match,Exact,"1431 OGDEN AVE, BRONX, NY, 10452",40.84299756,-73.92387412,1415,building,yes,closed_unknown_date,medium,U.S. Census Geocoder; OpenStreetMap via Photon and Overpass,9/16/26,No matching current theater was found at the geocoded address. Closing date remains unknown.
322,Olympia Cinemas,"Olympia Theatre, Loew's Olympia Theatre, Olympia I & II Cinemas","2770 Broadway, New York, NY 10025",Manhattan,40.801878,-73.967453,https://photos.cinematreasures.org/production/photos/191/1306337552/large.jpg?1306337552,theater_images/322.jpg,1914,2002,,Closed,2,Cinema Treasures,https://cinematreasures.org/theaters/322,9/15/26,,,,,high,,,,,,,,,,,,,,
2578,Olympic Theater Concert Hall,"Prospect Theatre, RKO Prospect Theatre","851 Prospect Avenue, Bronx, NY 10459",Bronx,40.820244,-73.902005,https://photos.cinematreasures.org/production/photos/47299/1340210315/large.jpg?1340210315,theater_images/2578.jpg,1910,2006,,Closed,1,Cinema Treasures,https://cinematreasures.org/theaters/2578,9/15/26,,,,,high,,,,,,,,,,,,,,
20836,Opera House,,"Surf Avenue, Brooklyn, NY 11224",Brooklyn,40.574004,-73.989686,,,,unknown,,Closed,1,Cinema Treasures,https://cinematreasures.org/theaters/20836,9/15/26,,,,,medium,"Not stated on source page: opening year, closing year, image. Current-address audit found no confirmed continuation of this theater; it is closed, but the closing year is unknown.",No_Match,,,,,2226,place,house,closed_unknown_date,medium,U.S. Census Geocoder; OpenStreetMap via Photon and Overpass,9/16/26,No matching current theater was found at the geocoded address. Closing date remains unknown.
17699,Orient Theatre,,"111 W. 125th Street, New York, NY 10027",Manhattan,40.8079,-73.9457846,https://photos.cinematreasures.org/production/photos/137486/1443286616/large.jpg?1443286616,theater_images/17699.jpg,1915,1952,,Closed,1,Cinema Treasures,https://cinematreasures.org/theaters/17699,9/15/26,,,,,low,Opening year is an upper bound ('prior to/before 1915'). Closing year is approximate (1952). Most recent stated closing year retained.,,,,,,,,,,,,,
42023,Oriole Theatre,,"486 Henry Street, Brooklyn, NY 11231",Brooklyn,40.6845244,-73.9993332,https://photos.cinematreasures.org/production/photos/136773/1442684022/large.jpg?1442684022,theater_images/42023.jpg,,unknown,,Closed,1,Cinema Treasures,https://cinematreasures.org/theaters/42023,9/15/26,,,,,medium,"Not stated on source page: opening year, closing year. Current-address audit found no confirmed continuation of this theater; it is closed, but the closing year is unknown.",Match,Exact,"486 HENRY ST, BROOKLYN, NY, 11231",40.68478118,-73.9991797,Citi Bike - Henry St & Degraw St,amenity,bicycle_rental,closed_unknown_date,medium,U.S. Census Geocoder; OpenStreetMap via Photon and Overpass,9/16/26,No matching current theater was found at the geocoded address. Closing date remains unknown.
13829,Orpheum Theatre,"Orpheum Concert Garden, New Orpheum Theatre, Orpheum Repertory Cinema","126 2nd Avenue, New York, NY 10003",Manhattan,40.728188,-73.987498,https://photos.cinematreasures.org/production/photos/199076/1485221155/large.jpeg?1485221155,theater_images/13829.jpeg,1904,,,Open,1,Cinema Treasures,https://cinematreasures.org/theaters/13829,9/15/26,The City Record,https://a860-gpp.nyc.gov/downloads/z316q6459?locale=en,9/15/26,verified_external,high,Opening year verified from The City Record.,,,,,,,,,,,,,
44538,Orpheum Theatre,,"550 Onderdonk Avenue, Ridgewood, NY 11385",Queens,40.7058014,-73.9103202,,,,unknown,,Closed,1,Cinema Treasures,https://cinematreasures.org/theaters/44538,9/15/26,,,,,medium,"Not stated on source page: opening year, closing year, image. Current-address audit found no confirmed continuation of this theater; it is closed, but the closing year is unknown.",Match,Exact,"550 ONDERDONK AVE, RIDGEWOOD, NY, 11385",40.70577841,-73.91036805,Lucy’s Vietnamese,amenity,restaurant,closed_unknown_date,medium,U.S. Census Geocoder; OpenStreetMap via Photon and Overpass,9/16/26,No matching current theater was found at the geocoded address. Closing date remains unknown.
8699,Osceola Theatre,,"256 St. Ann's Avenue, Bronx, NY 10454",Bronx,40.807167,-73.9172216,https://photos.cinematreasures.org/production/photos/209881/1496328357/large.jpg?1496328357,theater_images/8699.jpg,1926,unknown,,Closed,1,Cinema Treasures,https://cinematreasures.org/theaters/8699,9/15/26,,,,,low,"Opening year is an upper bound ('prior to/before 1926'). Not stated on source page: closing year. Current-address audit found no confirmed continuation of this theater; it is closed, but the closing year is unknown.",Match,Exact,"256 SAINT ANNS AVE, BRONX, NY, 10454",40.80720833,-73.91713167,258,place,house,closed_unknown_date,medium,U.S. Census Geocoder; OpenStreetMap via Photon and Overpass,9/16/26,No matching current theater was found at the geocoded address. Closing date remains unknown.
36292,Osiris Theatre,,"6020 Fifth Avenue, Brooklyn, NY 11220",Brooklyn,40.639064,-74.016735,https://photos.cinematreasures.org/production/photos/7012/1308932398/large.jpg?1308932398,theater_images/36292.jpg,,1915,,Closed,1,Cinema Treasures,https://cinematreasures.org/theaters/36292,9/15/26,,,,,low,Most recent stated closing year retained. Not stated on source page: opening year.,,,,,,,,,,,,,
16463,Owl Theater,,"112-16 Jamaica Avenue, Richmond Hill, NY 11418",Queens,40.7021122,-73.8179362,,,1910,1914,,Closed,1,Cinema Treasures,https://cinematreasures.org/theaters/16463,9/15/26,,,,,low,Most recent stated closing year retained. Not stated on source page: image.,,,,,,,,,,,,,
36267,Owl Theatre,Atlantic Garden,"626 Broadway, Brooklyn, NY 11206",Brooklyn,40.703092,-73.946125,https://photos.cinematreasures.org/production/photos/6649/1308748426/large.jpg?1308748426,theater_images/36267.jpg,,1916,,Closed,1,Cinema Treasures,https://cinematreasures.org/theaters/36267,9/15/26,,,,,low,Most recent stated closing year retained. Not stated on source page: opening year.,,,,,,,,,,,,,
3982,Oxford Theatre,,"552 State Street, Brooklyn, NY 11217",Brooklyn,40.6853902,-73.9788421,https://photos.cinematreasures.org/production/photos/93551/1390773742/large.PNG?1390773742,theater_images/3982.png,1910,1945,,Closed,1,Cinema Treasures,https://cinematreasures.org/theaters/3982,9/15/26,,,,,high,,,,,,,,,,,,,,
7886,Oxford Theatre,,"2246 Jerome Avenue, Bronx, NY 10453",Bronx,40.857902,-73.90377,https://photos.cinematreasures.org/production/photos/159927/1456441687/large.jpg?1456441687,theater_images/7886.jpg,1927,1951,,Closed,1,Cinema Treasures,https://cinematreasures.org/theaters/7886,9/15/26,,,,,high,,,,,,,,,,,,,,
8363,Pagoda Theater,,"11 E. Broadway, New York, NY 10038",Manhattan,40.713206,-73.9974019,https://photos.cinematreasures.org/production/photos/143001/1447187156/large.jpg?1447187156,theater_images/8363.jpg,1964,1992,,Closed,1,Cinema Treasures,https://cinematreasures.org/theaters/8363,9/15/26,,,,,high,,,,,,,,,,,,,,
41579,Palace Annex Theatre,,"1280 St. Nicholas Avenue, New York, NY 10033",Manhattan,40.8448435,-73.937003,,,1914,unknown,,Closed,1,Cinema Treasures,https://cinematreasures.org/theaters/41579,9/15/26,,,,,low,"Opening year is an upper bound ('prior to/before 1914'). Not stated on source page: closing year, image. Current-address audit found no confirmed continuation of this theater; it is closed, but the closing year is unknown.",Match,Exact,"1280 ST NICHOLAS AVE, NEW YORK, NY, 10033",40.84481275,-73.93693849,Redwood Apothecary,amenity,pharmacy,closed_unknown_date,medium,U.S. Census Geocoder; OpenStreetMap via Photon and Overpass,9/16/26,"A nearby mapped venue matched part of the name, but review did not confirm it as the same historical theater; the theater is closed and its closing year remains unknown."
17615,Palace Theater,,"1603 Unionport Road, Bronx, NY 10462",Bronx,40.840757,-73.863684,https://photos.cinematreasures.org/production/photos/210078/1496616730/large.jpg?1496616730,theater_images/17615.jpg,1946,2018,,Closed,4,Cinema Treasures,https://cinematreasures.org/theaters/17615,9/15/26,,,,,high,,,,,,,,,,,,,,
23447,Palace Theater,,"2404 2nd Avenue, New York, NY 10035",Manhattan,40.8015266,-73.9342348,https://photos.cinematreasures.org/production/photos/265355/1550274473/large.jpg?1550274473,theater_images/23447.jpg,,unknown,,Closed,1,Cinema Treasures,https://cinematreasures.org/theaters/23447,9/15/26,,,,,medium,"Not stated on source page: opening year, closing year. Current-address audit found no confirmed continuation of this theater; it is closed, but the closing year is unknown.",Match,Exact,"2404 2ND AVE, NEW YORK, NY, 10035",40.8014865,-73.93433124,East 123rd Street,highway,residential,closed_unknown_date,medium,U.S. Census Geocoder; OpenStreetMap via Photon and Overpass,9/16/26,No matching current theater was found at the geocoded address. Closing date remains unknown.
29326,Palace Theater,,"451 Craig Avenue, Staten Island, NY 10307",Staten Island,40.5110538,-74.2466208,https://photos.cinematreasures.org/production/photos/94979/1392498274/large.JPG?1392498274,theater_images/29326.jpg,1928,1928,,Closed,1,Cinema Treasures,https://cinematreasures.org/theaters/29326,9/15/26,,,,,low,Most recent stated closing year retained.,,,,,,,,,,,,,
1931,Palace Theatre,,"108 Port Richmond Avenue, Staten Island, NY 10302",Staten Island,40.638603,-74.133715,https://photos.cinematreasures.org/production/photos/46075/1338654551/large.jpg?1338654551,theater_images/1931.jpg,1916,1951,,Closed,1,Cinema Treasures,https://cinematreasures.org/theaters/1931,9/15/26,,,,,low,Opening year is an upper bound ('prior to/before 1916').,,,,,,,,,,,,,
3869,Palace Theatre,Loew's Palace Theatre,"1823 Strauss Street, Brooklyn, NY 11212",Brooklyn,40.6697651,-73.9165687,https://photos.cinematreasures.org/production/photos/165041/1460939838/large.jpg?1460939838,theater_images/3869.jpg,1914,1969,,Closed,1,Cinema Treasures,https://cinematreasures.org/theaters/3869,9/15/26,,,,,high,,,,,,,,,,,,,,
6635,Palace Theatre,RKO Palace Theatre,"160 W. 47th Street, New York, NY 10036",Manhattan,40.7589774,-73.9852108,https://photos.cinematreasures.org/production/photos/495520/1757996606/large.jpg?1757996606,theater_images/6635.jpg,1970,,2024,Open,1,Cinema Treasures,https://cinematreasures.org/theaters/6635,9/15/26,,,,,high,,,,,,,,,,,,,,
7099,Palace Theatre,,"100-20 Northern Boulevard, Corona, NY 11368",Queens,40.756863,-73.867577,https://photos.cinematreasures.org/production/photos/9088/1309728624/large.jpg?1309728624,theater_images/7099.jpg,,unknown,,Closed,1,Cinema Treasures,https://cinematreasures.org/theaters/7099,9/15/26,,,,,medium,"Not stated on source page: opening year, closing year. Current-address audit found no confirmed continuation of this theater; it is closed, but the closing year is unknown.",Match,Exact,"100-20 NORTHERN BLVD, CORONA, NY, 11368",40.75730771,-73.86822083,100-02,place,house,closed_unknown_date,medium,U.S. Census Geocoder; OpenStreetMap via Photon and Overpass,9/16/26,No matching current theater was found at the geocoded address. Closing date remains unknown.
20607,Palace Theatre,"American Motion Picture Theatre, Essex Theatre","133 Essex Street, New York, NY 10002",Manhattan,40.7201642,-73.9875568,https://photos.cinematreasures.org/production/photos/368876/1650402406/large.jpg?1650402406,theater_images/20607.jpg,1906,unknown,,Closed,1,Cinema Treasures,https://cinematreasures.org/theaters/20607,9/15/26,,,,,medium,"Not stated on source page: closing year. Current-address audit found no confirmed continuation of this theater; it is closed, but the closing year is unknown.",Match,Exact,"133 ESSEX ST, NEW YORK, NY, 10002",40.71998928,-73.98754256,Charrua Uruguayan Restaurant,amenity,restaurant,closed_unknown_date,medium,U.S. Census Geocoder; OpenStreetMap via Photon and Overpass,9/16/26,"A nearby mapped venue matched part of the name, but review did not confirm it as the same historical theater; the theater is closed and its closing year remains unknown."
50120,Palace Theatre,,"1898 Fulton Street, Brooklyn, NY 11233",Brooklyn,40.678697,-73.923349,,,1909,1912,,Closed,1,Cinema Treasures,https://cinematreasures.org/theaters/50120,9/15/26,,,,,medium,Not stated on source page: image.,,,,,,,,,,,,,
309,Palladium Times Square,"Loews Astor Plaza Theatre, Nokia Theatre Times Square, Best Buy Theatre, Playstation Theater, RadTheater","1515 Broadway, New York, NY 10036",Manhattan,40.7574098,-73.9858349,https://photos.cinematreasures.org/production/photos/989/1306802977/large.jpg?1306802977,theater_images/309.jpg,2005,,2020,Open,1,Cinema Treasures,https://cinematreasures.org/theaters/309,9/15/26,,,,,low,Most recent stated closing year retained.,,,,,,,,,,,,,
4220,Paradise Theatre,,"810 4th Avenue, Brooklyn, NY 11232",Brooklyn,40.6589086,-73.9997838,https://photos.cinematreasures.org/production/photos/261955/1544453536/large.jpg?1544453536,theater_images/4220.jpg,,unknown,,Closed,1,Cinema Treasures,https://cinematreasures.org/theaters/4220,9/15/26,,,,,medium,"Not stated on source page: opening year, closing year. Current-address audit found no confirmed continuation of this theater; it is closed, but the closing year is unknown.",Match,Exact,"810 4TH AVE, BROOKLYN, NY, 11232",40.65856552,-74.00008996,4th Avenue,highway,primary,closed_unknown_date,medium,U.S. Census Geocoder; OpenStreetMap via Photon and Overpass,9/16/26,No matching current theater was found at the geocoded address. Closing date remains unknown.
9310,Paragon Theatre,"LeRoy Theatre, Ritz Theatre","2083 Fulton Street, Brooklyn, NY 11233",Brooklyn,40.6783418,-73.9095558,https://photos.cinematreasures.org/production/photos/4141/1308054102/large.jpg?1308054102,theater_images/9310.jpg,1914,1934,,Closed,1,Cinema Treasures,https://cinematreasures.org/theaters/9310,9/15/26,,,,,high,,,,,,,,,,,,,,
13292,Paraiso Theater,"New Madison Theater, Municipal Theater, Ansell Theater","1714 Madison Avenue, New York, NY 10029",Manhattan,40.7981586,-73.9462212,https://photos.cinematreasures.org/production/photos/87976/1384827176/large.jpg?1384827176,theater_images/13292.jpg,1914,1957,,Closed,1,Cinema Treasures,https://cinematreasures.org/theaters/13292,9/15/26,,,,,high,,,,,,,,,,,,,,
2654,Paramount Columbus Circle,"Paramount Theatre, Loew's Paramount Theatre, Loew's Columbus Circle, Sony Columbus Circle","15 Columbus Circle, New York, NY 10019",Manhattan,40.7679546,-73.98236,https://photos.cinematreasures.org/production/photos/3726/1307766268/large.jpg?1307766268,theater_images/2654.jpg,1970,1995,,Closed,1,Cinema Treasures,https://cinematreasures.org/theaters/2654,9/15/26,,,,,high,,,,,,,,,,,,,,
548,Paramount Theatre,,"1501 Broadway, New York, NY 10036",Manhattan,40.7569778,-73.9860067,https://photos.cinematreasures.org/production/photos/23476/1314225506/large.jpg?1314225506,theater_images/548.jpg,1926,1966,,Closed,1,Cinema Treasures,https://cinematreasures.org/theaters/548,9/15/26,,,,,high,,,,,,,,,,,,,,
1864,Paramount Theatre,,"560 Bay Street, Staten Island, NY 10304",Staten Island,40.6278772,-74.0764584,https://photos.cinematreasures.org/production/photos/45698/1338300232/large.jpg?1338300232,theater_images/1864.jpg,1930,1978,2010,Closed,1,Cinema Treasures,https://cinematreasures.org/theaters/1864,9/15/26,,,,,low,Opening year is approximate (1930). Most recent stated reopening year retained.,,,,,,,,,,,,,
41511,Paramount Theatre,,"410 Knickerbocker Avenue, Brooklyn, NY 11237",Brooklyn,40.699531,-73.92009,https://photos.cinematreasures.org/production/photos/77348/1375026403/large.JPG?1375026403,theater_images/41511.jpg,1912,1917,,Closed,1,Cinema Treasures,https://cinematreasures.org/theaters/41511,9/15/26,,,,,high,,,,,,,,,,,,,,
36286,Paras Court Theatre,,"292 Court Street, Brooklyn, NY 11231",Brooklyn,40.684042,-73.995202,https://photos.cinematreasures.org/production/photos/6789/1308840388/large.jpg?1308840388,theater_images/36286.jpg,1924,1959,,Closed,1,Cinema Treasures,https://cinematreasures.org/theaters/36286,9/15/26,,,,,low,Opening year is approximate (1924).,,,,,,,,,,,,,
17417,Paree Adult Cinema and Live Show,,"753-59 7th Avenue, New York, NY 10019",Manhattan,40.7609169,-73.9833873,,,1970,1972,,Closed,1,Cinema Treasures,https://cinematreasures.org/theaters/17417,9/15/26,,,,,medium,Not stated on source page: image.,,,,,,,,,,,,,
307,Paris Theater,Loews Fine Arts Theater,"4 W. 58th Street, New York, NY 10019",Manhattan,40.764145,-73.974713,https://photos.cinematreasures.org/production/photos/31831/1323649207/large.JPG?1323649207,theater_images/307.jpg,1948,,2023,Open (Showing movies),1,Cinema Treasures,https://cinematreasures.org/theaters/307,9/15/26,,,,,low,Most recent stated closing year retained. Most recent stated reopening year retained.,,,,,,,,,,,,,
6200,Park & 86th Street Cinemas,RKO 86th Street Twin,"1280-1288 Lexington Avenue, New York, NY 10028",Manhattan,40.7800954,-73.9551629,https://photos.cinematreasures.org/production/photos/55637/1347909814/large.jpg?1347909814,theater_images/6200.jpg,1971,unknown,,Closed,2,Cinema Treasures,https://cinematreasures.org/theaters/6200,9/15/26,,,,,medium,"Not stated on source page: closing year. Current-address audit found no confirmed continuation of this theater; it is closed, but the closing year is unknown.",Match,Non_Exact,"1288 LEXINGTON AVE, NEW YORK, NY, 10028",40.77995706,-73.95533478,Staples,shop,stationery,closed_unknown_date,medium,U.S. Census Geocoder; OpenStreetMap via Photon and Overpass,9/16/26,No matching current theater was found at the geocoded address. Closing date remains unknown.
6493,Park Avenue Theatre,,"487 Park Avenue, New York, NY 10022",Manhattan,40.7624124,-73.9699778,https://photos.cinematreasures.org/production/photos/121617/1428191255/large.jpg?1428191255,theater_images/6493.jpg,1946,1952,,Closed,1,Cinema Treasures,https://cinematreasures.org/theaters/6493,9/15/26,,,,,high,,,,,,,,,,,,,,
6025,Park Plaza Theatre,,"1746 University Avenue, Bronx, NY 10453",Bronx,40.8492092,-73.9170742,https://photos.cinematreasures.org/production/photos/42393/1334683294/large.jpg?1334683294,theater_images/6025.jpg,1927,1966,,Closed,1,Cinema Treasures,https://cinematreasures.org/theaters/6025,9/15/26,,,,,low,Most recent stated closing year retained.,,,,,,,,,,,,,
3875,Park Theater,,"4322 5th Avenue, Brooklyn, NY 11232",Brooklyn,40.6486885,-74.0066149,https://photos.cinematreasures.org/production/photos/140438/1445664191/large.jpg?1445664191,theater_images/3875.jpg,1914,1965,,Closed,1,Cinema Treasures,https://cinematreasures.org/theaters/3875,9/15/26,,,,,high,,,,,,,,,,,,,,
16935,Park Theater,Yorke Theater,"723 Morris Park Avenue, Bronx, NY 10462",Bronx,40.8454448,-73.8651371,https://photos.cinematreasures.org/production/photos/341260/1617120041/large.jpeg?1617120041,theater_images/16935.jpeg,,unknown,,Closed,1,Cinema Treasures,https://cinematreasures.org/theaters/16935,9/15/26,,,,,medium,"Not stated on source page: opening year, closing year. Current-address audit found no confirmed continuation of this theater; it is closed, but the closing year is unknown.",Match,Exact,"723 MORRIS PARK AVE, BRONX, NY, 10462",40.84545204,-73.86528749,721,place,house,closed_unknown_date,medium,U.S. Census Geocoder; OpenStreetMap via Photon and Overpass,9/16/26,No matching current theater was found at the geocoded address. Closing date remains unknown.
20006,Park Theater,Park Palace Theater,"268 Knickerbocker Avenue, Brooklyn, NY 11237",Brooklyn,40.7022408,-73.9245894,https://photos.cinematreasures.org/production/photos/77339/1375023485/large.JPG?1375023485,theater_images/20006.jpg,,1916,,Closed,1,Cinema Treasures,https://cinematreasures.org/theaters/20006,9/15/26,,,,,low,Most recent stated closing year retained. Not stated on source page: opening year.,,,,,,,,,,,,,
8328,Park Theatre,,"132-15 Rockaway Boulevard, South Ozone Park, NY 11420",Queens,40.6747886,-73.8060462,https://photos.cinematreasures.org/production/photos/44351/1336782882/large.jpg?1336782882,theater_images/8328.jpg,1927,unknown,,Closed,1,Cinema Treasures,https://cinematreasures.org/theaters/8328,9/15/26,,,,,medium,"Not stated on source page: closing year. Current-address audit found no confirmed continuation of this theater; it is closed, but the closing year is unknown.",Match,Exact,"132-15 ROCKAWAY BLVD, SOUTH OZONE PARK, NY, 11420",40.67482251,-73.80601881,Rockaway Boulevard,highway,primary,closed_unknown_date,medium,U.S. Census Geocoder; OpenStreetMap via Photon and Overpass,9/16/26,No matching current theater was found at the geocoded address. Closing date remains unknown.
8952,Park Theatre,,"Corona, NY 11368",Queens,40.748751,-73.854333,https://photos.cinematreasures.org/production/photos/240222/1523916503/large.jpg?1523916503,theater_images/8952.jpg,,unknown,,Closed,1,Cinema Treasures,https://cinematreasures.org/theaters/8952,9/15/26,,,,,medium,"Not stated on source page: opening year, closing year. Current-address audit found no confirmed continuation of this theater; it is closed, but the closing year is unknown.",Parse_Failure,,,,,111th Street,highway,residential,closed_unknown_date,medium,U.S. Census Geocoder; OpenStreetMap via Photon and Overpass,9/16/26,No matching current theater was found at the geocoded address. Closing date remains unknown.
42281,Park Theatre,,"455 7th Avenue, Brooklyn, NY 11215",Brooklyn,40.662645,-73.9847769,https://photos.cinematreasures.org/production/photos/77599/1375283943/large.JPG?1375283943,theater_images/42281.jpg,1908,1915,,Closed,1,Cinema Treasures,https://cinematreasures.org/theaters/42281,9/15/26,,,,,low,Most recent stated closing year retained.,,,,,,,,,,,,,
3981,Parkside Theater,,"728 Flatbush Avenue, Brooklyn, NY 11226",Brooklyn,40.6553106,-73.9598239,https://photos.cinematreasures.org/production/photos/7034/1308938408/large.jpg?1308938408,theater_images/3981.jpg,1915,1951,,Closed,1,Cinema Treasures,https://cinematreasures.org/theaters/3981,9/15/26,,,,,high,,,,,,,,,,,,,,
6176,Parkview Theatre,,"2 Prospect Park SW, Brooklyn, NY 11215",Brooklyn,40.660773,-73.9795508,,,1916,1929,,Closed,1,Cinema Treasures,https://cinematreasures.org/theaters/6176,9/15/26,,,,,medium,Not stated on source page: image.,,,,,,,,,,,,,
29253,Parkville Theatre,,"1028 McDonald Avenue, Brooklyn, NY 11230",Brooklyn,40.6295713,-73.9770618,https://photos.cinematreasures.org/production/photos/125453/1431895985/large.jpg?1431895985,theater_images/29253.jpg,,1922,,Closed,1,Cinema Treasures,https://cinematreasures.org/theaters/29253,9/15/26,,,,,medium,Not stated on source page: opening year.,,,,,,,,,,,,,
16839,Parkway Theatre,,"3954 Third Avenue, Bronx, NY 10457",Bronx,40.8404982,-73.8994289,https://photos.cinematreasures.org/production/photos/160639/1457050815/large.jpg?1457050815,theater_images/16839.jpg,1927,1927,,Closed,1,Cinema Treasures,https://cinematreasures.org/theaters/16839,9/15/26,,,,,high,,,,,,,,,,,,,,
14728,Parkwest Theatre,,"103 W. 99th Street, New York, NY 10025",Manhattan,40.7960066,-73.9689598,https://photos.cinematreasures.org/production/photos/33511/1326333317/large.jpg?1326333317,theater_images/14728.jpg,,unknown,,Closed,1,Cinema Treasures,https://cinematreasures.org/theaters/14728,9/15/26,,,,,medium,"Not stated on source page: opening year, closing year. Current-address audit found no confirmed continuation of this theater; it is closed, but the closing year is unknown.",No_Match,,,,,Amsterdam Avenue,highway,primary,closed_unknown_date,medium,U.S. Census Geocoder; OpenStreetMap via Photon and Overpass,9/16/26,No matching current theater was found at the geocoded address. Closing date remains unknown.
4018,Parsons Quad Theatre,"Parsons Theatre, Parsons Twin Theatre","78-28 Parsons Boulevard, Flushing, NY 11366",Queens,40.7215614,-73.8095585,https://photos.cinematreasures.org/production/photos/23113/1314045249/large.jpg?1314045249,theater_images/4018.jpg,1949,1986,,Closed,4,Cinema Treasures,https://cinematreasures.org/theaters/4018,9/15/26,,,,,high,,,,,,,,,,,,,,
4622,Parthenon Theatre,,"329 Wyckoff Avenue, Ridgewood, NY 11385",Queens,40.69979,-73.911052,https://photos.cinematreasures.org/production/photos/42249/1334586248/large.jpg?1334586248,theater_images/4622.jpg,1921,unknown,,Closed,1,Cinema Treasures,https://cinematreasures.org/theaters/4622,9/15/26,,,,,medium,"Not stated on source page: closing year. Current-address audit found no confirmed continuation of this theater; it is closed, but the closing year is unknown.",Match,Exact,"329 WYCKOFF AVE, RIDGEWOOD, NY, 11385",40.69985324,-73.91151935,323B,place,house,closed_unknown_date,medium,U.S. Census Geocoder; OpenStreetMap via Photon and Overpass,9/16/26,No matching current theater was found at the geocoded address. Closing date remains unknown.
50066,Pastime Movie Theatre,,"225 Columbia Street, Brooklyn, NY 11231",Brooklyn,40.6844176,-74.0027433,https://photos.cinematreasures.org/production/photos/136951/1442848059/large.JPG?1442848059,theater_images/50066.jpg,1907,1914,,Closed,1,Cinema Treasures,https://cinematreasures.org/theaters/50066,9/15/26,,,,,low,Most recent stated closing year retained.,,,,,,,,,,,,,
31767,Pastime Theatre,,"336 8th Avenue, New York, NY 10001",Manhattan,40.7476418,-73.9966008,https://photos.cinematreasures.org/production/photos/118470/1424542997/large.jpg?1424542997,theater_images/31767.jpg,,unknown,,Closed,1,Cinema Treasures,https://cinematreasures.org/theaters/31767,9/15/26,,,,,medium,"Not stated on source page: opening year, closing year. Current-address audit found no confirmed continuation of this theater; it is closed, but the closing year is unknown.",Match,Exact,"336 8TH AVE, NEW YORK, NY, 10001",40.74748666,-73.99680726,8th Avenue,highway,secondary,closed_unknown_date,medium,U.S. Census Geocoder; OpenStreetMap via Photon and Overpass,9/16/26,No matching current theater was found at the geocoded address. Closing date remains unknown.
41512,Pastime Theatre,,"689 Knickerbocker Avenue, Brooklyn, NY 11221",Brooklyn,40.694771,-73.910794,https://photos.cinematreasures.org/production/photos/77349/1375026677/large.JPG?1375026677,theater_images/41512.jpg,1912,1915,,Closed,1,Cinema Treasures,https://cinematreasures.org/theaters/41512,9/15/26,,,,,high,,,,,,,,,,,,,,
6167,Patio Theatre,,"574 Flatbush Avenue, Brooklyn, NY 11225",Brooklyn,40.6595752,-73.9605712,https://photos.cinematreasures.org/production/photos/48410/1341622593/large.jpg?1341622593,theater_images/6167.jpg,1928,unknown,,Closed,1,Cinema Treasures,https://cinematreasures.org/theaters/6167,9/15/26,,,,,medium,"Not stated on source page: closing year. Current-address audit found no confirmed continuation of this theater; it is closed, but the closing year is unknown.",Match,Exact,"574 FLATBUSH AVE, BROOKLYN, NY, 11225",40.6597237,-73.96065177,Peace Laundromat,shop,laundry,closed_unknown_date,medium,U.S. Census Geocoder; OpenStreetMap via Photon and Overpass,9/16/26,No matching current theater was found at the geocoded address. Closing date remains unknown.
7090,Peerless Theater,,"433 Myrtle Avenue, Brooklyn, NY 11205",Brooklyn,40.6932963,-73.9682704,https://photos.cinematreasures.org/production/photos/30796/1321807756/large.jpg?1321807756,theater_images/7090.jpg,1914,1965,,Closed,1,Cinema Treasures,https://cinematreasures.org/theaters/7090,9/15/26,,,,,high,,,,,,,,,,,,,,
12589,Penn Newsreel Theatre,,"219 W. 34th Street, New York, NY 10123",Manhattan,40.7514578,-73.9916541,https://photos.cinematreasures.org/production/photos/187775/1476854509/large.jpg?1476854509,theater_images/12589.jpg,1938,1939,,Closed,1,Cinema Treasures,https://cinematreasures.org/theaters/12589,9/15/26,,,,,high,,,,,,,,,,,,,,
33824,Penn Theatre,,"409 8th Avenue, New York, NY 10001",Manhattan,40.7500252,-73.9952584,https://photos.cinematreasures.org/production/photos/287528/1569861971/large.jpg?1569861971,theater_images/33824.jpg,1910,1914,,Closed,1,Cinema Treasures,https://cinematreasures.org/theaters/33824,9/15/26,,,,,high,,,,,,,,,,,,,,
4048,Pennway Theatre,,"Pennsylvania Avenue and Flatlands Avenue, Brooklyn, NY 11239",Brooklyn,40.6577311,-73.8899076,,,,1981,,Closed,1,Cinema Treasures,https://cinematreasures.org/theaters/4048,9/15/26,,,,,medium,"Not stated on source page: opening year, image.",,,,,,,,,,,,,
7690,People's Cinema,"Bluebird Theatre, People's Theatre","781 Saratoga Avenue, Brooklyn, NY 11212",Brooklyn,40.662808,-73.915437,https://photos.cinematreasures.org/production/photos/42238/1334569192/large.jpg?1334569192,theater_images/7690.jpg,1931,1954,1937,Closed,1,Cinema Treasures,https://cinematreasures.org/theaters/7690,9/15/26,,,,,low,Most recent stated reopening year retained.,,,,,,,,,,,,,
60205,People's Music Hall,Manhattan Music Hall,"104-106 Bowery, New York, NY 10013",Manhattan,,,https://photos.cinematreasures.org/production/photos/278811/1563211561/large.JPG?1563211561,theater_images/60205.jpg,1899,1918,,Closed,1,Cinema Treasures,https://cinematreasures.org/theaters/60205,9/15/26,,,,,medium,Not stated on source page: coordinates.,,,,,,,,,,,,,
1386,People's Theatre,"Delancey Street People's Theatre, Hoym's Theatre, Tony Pastor's Opera House","199 Bowery, New York, NY 10002",Manhattan,40.720933,-73.993542,https://photos.cinematreasures.org/production/photos/264083/1548026981/large.jpg?1548026981,theater_images/1386.jpg,,unknown,1883,Closed,1,Cinema Treasures,https://cinematreasures.org/theaters/1386,9/15/26,,,,,medium,"Not stated on source page: opening year, closing year. Current-address audit found no confirmed continuation of this theater; it is closed, but the closing year is unknown.",Match,Exact,"199 BOWERY, NEW YORK, NY, 10002",40.72110314,-73.99365047,Ainslie Bowery,amenity,restaurant,closed_unknown_date,medium,U.S. Census Geocoder; OpenStreetMap via Photon and Overpass,9/16/26,No matching current theater was found at the geocoded address. Closing date remains unknown.
43568,Peoples Vaudeville Theatre,Rose Theatre,"2172 3rd Avenue, New York, NY 10035",Manhattan,40.7996325,-73.9388117,,,,unknown,,Closed,1,Cinema Treasures,https://cinematreasures.org/theaters/43568,9/15/26,,,,,medium,"Not stated on source page: opening year, closing year, image. Current-address audit found no confirmed continuation of this theater; it is closed, but the closing year is unknown.",Match,Exact,"2172 3RD AVE, NEW YORK, NY, 10035",40.79962282,-73.9388774,3rd Avenue,highway,primary,closed_unknown_date,medium,U.S. Census Geocoder; OpenStreetMap via Photon and Overpass,9/16/26,No matching current theater was found at the geocoded address. Closing date remains unknown.
34953,Phillip's Lyceum Theatre,"Germania Hall, Germania Theatre, The People's Theatre, Stubel and Fabbiani's New People's Theatre and H. R. Jacobs' New Lyceum Theatre","84-88 Montrose Avenue, Brooklyn, NY 11206",Brooklyn,40.7070804,-73.94566,,,,unknown,,Closed,1,Cinema Treasures,https://cinematreasures.org/theaters/34953,9/15/26,,,,,medium,"Not stated on source page: opening year, closing year, image. Current-address audit found no confirmed continuation of this theater; it is closed, but the closing year is unknown.",Match,Non_Exact,"88 MONTROSE AVE, BROOKLYN, NY, 11206",40.70676489,-73.94847778,Montrose Avenue,highway,residential,closed_unknown_date,medium,U.S. Census Geocoder; OpenStreetMap via Photon and Overpass,9/16/26,No matching current theater was found at the geocoded address. Closing date remains unknown.
47754,Phoenix Theatre,,"350 E. 81st Street, New York, NY 10028",Manhattan,40.7737,-73.952468,,,,1926,,Closed,1,Cinema Treasures,https://cinematreasures.org/theaters/47754,9/15/26,,,,,medium,"Not stated on source page: opening year, image.",,,,,,,,,,,,,
14729,Photoplay Theatre,Hy-Grade Photoplay Theatre,"1770 3rd Avenue, New York, NY 10029",Manhattan,40.786497,-73.9484061,,,,unknown,,Closed,1,Cinema Treasures,https://cinematreasures.org/theaters/14729,9/15/26,,,,,medium,"Not stated on source page: opening year, closing year, image. Current-address audit found no confirmed continuation of this theater; it is closed, but the closing year is unknown.",Match,Exact,"1770 3RD AVE, NEW YORK, NY, 10029",40.78644903,-73.94849867,Heavenly Market,shop,convenience,closed_unknown_date,medium,U.S. Census Geocoder; OpenStreetMap via Photon and Overpass,9/16/26,No matching current theater was found at the geocoded address. Closing date remains unknown.
7866,Pictureland Theater,,"1468 Broadway, Brooklyn, NY",Brooklyn,40.6874815,-73.9186531,,,1912,unknown,,Closed,1,Cinema Treasures,https://cinematreasures.org/theaters/7866,9/15/26,,,,,medium,"Not stated on source page: closing year, image. Current-address audit found no confirmed continuation of this theater; it is closed, but the closing year is unknown.",Parse_Failure,,,,,New Anthony Appliance Repair & Service,shop,kitchen,closed_unknown_date,medium,U.S. Census Geocoder; OpenStreetMap via Photon and Overpass,9/16/26,No matching current theater was found at the geocoded address. Closing date remains unknown.
7156,Pilgrim Theatre,,"2925 Westchester Avenue, Bronx, NY 10461",Bronx,40.8468329,-73.833195,https://photos.cinematreasures.org/production/photos/204548/1490104330/large.jpg?1490104330,theater_images/7156.jpg,,unknown,,Closed,1,Cinema Treasures,https://cinematreasures.org/theaters/7156,9/15/26,,,,,medium,"Not stated on source page: opening year, closing year. Current-address audit found no confirmed continuation of this theater; it is closed, but the closing year is unknown.",Match,Exact,"2925 WESTCHESTER AVE, BRONX, NY, 10461",40.84628755,-73.83333864,IRT Pelham Line,railway,subway,closed_unknown_date,medium,U.S. Census Geocoder; OpenStreetMap via Photon and Overpass,9/16/26,No matching current theater was found at the geocoded address. Closing date remains unknown.
10918,Pioneer Theater,Two Boots Pioneer Theater,"155 E. 3rd Street, New York, NY 10009",Manhattan,40.7235535,-73.984795,https://photos.cinematreasures.org/production/photos/19/1305941222/large.jpg?1305941222,theater_images/10918.jpg,2000,2008,,Closed,1,Cinema Treasures,https://cinematreasures.org/theaters/10918,9/15/26,,,,,high,,,,,,,,,,,,,,
8392,Pioneer Theatre,,"83 Pioneer Street, Brooklyn, NY 11231",Brooklyn,40.6779508,-74.0096507,https://photos.cinematreasures.org/production/photos/6828/1308847426/large.jpg?1308847426,theater_images/8392.jpg,1921,1955,,Closed,1,Cinema Treasures,https://cinematreasures.org/theaters/8392,9/15/26,,,,,low,Opening year is approximate (1921).,,,,,,,,,,,,,
41563,Pitkin Market Theatre,Garden Theatre,"1562 Pitkin Avenue, Brooklyn, NY 11212",Brooklyn,40.6689236,-73.9156781,https://photos.cinematreasures.org/production/photos/78911/1376665231/large.JPG?1376665231,theater_images/41563.jpg,,1918,,Closed,1,Cinema Treasures,https://cinematreasures.org/theaters/41563,9/15/26,,,,,medium,Not stated on source page: opening year.,,,,,,,,,,,,,
6496,Pix Theatre,"Rialto East Theatre, Rialto III Theatre, Peep-O-Rama","121 W. 42nd Street, New York, NY 10036",Manhattan,40.7549051,-73.9842007,https://photos.cinematreasures.org/production/photos/81102/1378963156/large.jpeg?1378963156,theater_images/6496.jpeg,1939,unknown,,Closed,1,Cinema Treasures,https://cinematreasures.org/theaters/6496,9/15/26,,,,,medium,"Not stated on source page: closing year. Current-address audit found no confirmed continuation of this theater; it is closed, but the closing year is unknown.",Match,Exact,"121 W 42ND ST, NEW YORK, NY, 10036",40.75510782,-73.98458396,West 42nd Street & 6th Avenue,highway,bus_stop,closed_unknown_date,medium,U.S. Census Geocoder; OpenStreetMap via Photon and Overpass,9/16/26,No matching current theater was found at the geocoded address. Closing date remains unknown.
8412,Pix Theatre,Gem Theater,"1920 Mott Avenue, Far Rockaway, NY 11691",Queens,40.6040423,-73.7522656,https://photos.cinematreasures.org/production/photos/242019/1525642836/large.jpg?1525642836,theater_images/8412.jpg,1936,unknown,,Closed,1,Cinema Treasures,https://cinematreasures.org/theaters/8412,9/15/26,,,,,low,"Opening year is an upper bound ('prior to/before 1936'). Not stated on source page: closing year. Current-address audit found no confirmed continuation of this theater; it is closed, but the closing year is unknown.",Match,Exact,"19-20 MOTT AVE, FAR ROCKAWAY, NY, 11691",40.60391434,-73.75217779,19-14,place,house,closed_unknown_date,medium,U.S. Census Geocoder; OpenStreetMap via Photon and Overpass,9/16/26,No matching current theater was found at the geocoded address. Closing date remains unknown.
7531,Playpen Theatre,"Ideal Theatre, Esquire Theatre, Squire Theatre, Cinecitta Theatre, New Cameo Theatre, Cameo Theatre, Adonis Theatre","693 8th Avenue, New York, NY 10036",Manhattan,40.75848,-73.989294,https://photos.cinematreasures.org/production/photos/205290/1490624040/large.gif?1490624040,theater_images/7531.gif,1915,unknown,,Closed,1,Cinema Treasures,https://cinematreasures.org/theaters/7531,9/15/26,,,,,medium,"Not stated on source page: closing year. Current-address audit found no confirmed continuation of this theater; it is closed, but the closing year is unknown.",Match,Exact,"693 8TH AVE, NEW YORK, NY, 10036",40.7583531,-73.98905829,8th Avenue,highway,secondary,closed_unknown_date,medium,U.S. Census Geocoder; OpenStreetMap via Photon and Overpass,9/16/26,No matching current theater was found at the geocoded address. Closing date remains unknown.
6138,Plaza Theatre,,"42 E. 58th Street, New York, NY 10022",Manhattan,40.762634,-73.9713434,https://photos.cinematreasures.org/production/photos/26994/1316657228/large.jpg?1316657228,theater_images/6138.jpg,1930,1996,,Closed,1,Cinema Treasures,https://cinematreasures.org/theaters/6138,9/15/26,,,,,high,,,,,,,,,,,,,,
6732,Plaza Theatre,"New German Theatre, 59th Street Plaza Theatre, Loew's Plaza Theatre","627 Madison Avenue, New York, NY 10022",Manhattan,40.7633905,-73.9715249,https://photos.cinematreasures.org/production/photos/67588/1361739618/large.jpg?1361739618,theater_images/6732.jpg,1908,unknown,,Closed,1,Cinema Treasures,https://cinematreasures.org/theaters/6732,9/15/26,,,,,medium,"Not stated on source page: closing year. Current-address audit found no confirmed continuation of this theater; it is closed, but the closing year is unknown.",Match,Exact,"627 MADISON AVE, NEW YORK, NY, 10022",40.76360654,-73.9713099,Madison Avenue & East 59th Street,highway,bus_stop,closed_unknown_date,medium,U.S. Census Geocoder; OpenStreetMap via Photon and Overpass,9/16/26,No matching current theater was found at the geocoded address. Closing date remains unknown.
7131,Plaza Theatre,"Loew's Plaza Theatre, Teatro Plaza","103-12 Roosevelt Avenue, Corona, NY 11368",Queens,40.749395,-73.862056,https://photos.cinematreasures.org/production/photos/173082/1467998951/large.gif?1467998951,theater_images/7131.gif,1927,2005,,Closed,2,Cinema Treasures,https://cinematreasures.org/theaters/7131,9/15/26,,,,,high,,,,,,,,,,,,,,
7752,Plaza Theatre,,"107-09 150th Street, South Jamaica, NY 11435",Queens,40.694274,-73.800579,https://photos.cinematreasures.org/production/photos/215030/1501260792/large.gif?1501260792,theater_images/7752.gif,1926,1961,,Closed,1,Cinema Treasures,https://cinematreasures.org/theaters/7752,9/15/26,,,,,low,Opening year is an upper bound ('prior to/before 1926').,,,,,,,,,,,,,
44255,Plaza Theatre,,"299-301 Grand Street, Brooklyn, NY 11211",Brooklyn,40.713093,-73.957101,,,,unknown,,Closed,1,Cinema Treasures,https://cinematreasures.org/theaters/44255,9/15/26,,,,,medium,"Not stated on source page: opening year, closing year, image. Current-address audit found no confirmed continuation of this theater; it is closed, but the closing year is unknown.",Match,Non_Exact,"301 GRAND ST, BROOKLYN, NY, 11211",40.71294117,-73.95715514,Southside Guitars,shop,musical_instrument,closed_unknown_date,medium,U.S. Census Geocoder; OpenStreetMap via Photon and Overpass,9/16/26,No matching current theater was found at the geocoded address. Closing date remains unknown.
55232,Plaza Theatre,,"2408 Washington Avenue, Bronx, NY 10458",Bronx,40.8581938,-73.8907584,https://photos.cinematreasures.org/production/photos/202331/1488208515/large.gif?1488208515,theater_images/55232.gif,1912,1930,,Closed,1,Cinema Treasures,https://cinematreasures.org/theaters/55232,9/15/26,,,,,low,Opening year is approximate (1912). Closing year is approximate (1930).,,,,,,,,,,,,,
23830,Pleasant Hour Theatre,Skillman Theatre,"665 Myrtle Avenue, Brooklyn, NY 11205",Brooklyn,40.694725,-73.956991,https://photos.cinematreasures.org/production/photos/21369/1313165139/large.JPG?1313165139,theater_images/23830.jpg,,1936,,Closed,1,Cinema Treasures,https://cinematreasures.org/theaters/23830,9/15/26,,,,,low,Most recent stated closing year retained. Not stated on source page: opening year.,,,,,,,,,,,,,
42555,Politeani Theatre,,"116 Wilson Avenue, Brooklyn, NY 11237",Brooklyn,40.7011044,-73.9264601,https://photos.cinematreasures.org/production/photos/79007/1376747449/large.JPG?1376747449,theater_images/42555.jpg,1912,1915,,Closed,1,Cinema Treasures,https://cinematreasures.org/theaters/42555,9/15/26,,,,,low,Most recent stated closing year retained.,,,,,,,,,,,,,
4489,Polk Theater,Polk Avenue Theater,"93-09 37th Avenue, Jackson Heights, NY 11372",Queens,40.7508818,-73.8736162,https://photos.cinematreasures.org/production/photos/9951/1309914026/large.jpg?1309914026,theater_images/4489.jpg,,2006,,Closed,1,Cinema Treasures,https://cinematreasures.org/theaters/4489,9/15/26,,,,,medium,Not stated on source page: opening year.,,,,,,,,,,,,,
16347,Port Morris Theater,,"580 E. 138th Street, Bronx, NY 10454",Bronx,40.806449,-73.9169541,,,,unknown,,Closed,1,Cinema Treasures,https://cinematreasures.org/theaters/16347,9/15/26,,,,,medium,"Not stated on source page: opening year, closing year, image. Current-address audit found no confirmed continuation of this theater; it is closed, but the closing year is unknown.",Match,Exact,"580 E 138TH ST, BRONX, NY, 10454",40.80659727,-73.9171087,East 138th Street & Saint Ann's Avenue,highway,bus_stop,closed_unknown_date,medium,U.S. Census Geocoder; OpenStreetMap via Photon and Overpass,9/16/26,No matching current theater was found at the geocoded address. Closing date remains unknown.
3980,Premier Theatre,Loew's Premier Theatre,"509 Sutter Avenue, Brooklyn, NY 11207",Brooklyn,40.6686408,-73.9002228,https://photos.cinematreasures.org/production/photos/23795/1314548257/large.jpg?1314548257,theater_images/3980.jpg,1923,1977,,Closed,1,Cinema Treasures,https://cinematreasures.org/theaters/3980,9/15/26,,,,,high,,,,,,,,,,,,,,
6094,President Theatre,Arcadia Theatre,"827 Westchester Avenue, Bronx, NY 10459",Bronx,40.8194025,-73.9021891,https://photos.cinematreasures.org/production/photos/160298/1456705762/large.jpg?1456705762,theater_images/6094.jpg,1929,1979,,Closed,1,Cinema Treasures,https://cinematreasures.org/theaters/6094,9/15/26,,,,,high,,,,,,,,,,,,,,
24997,President Theatre,"Edyth Totten Theatre, Midget Theatre, Artef Theatre, Caruso Theatre, Hindenburg Theatre, Acme Theatre, American Show Shop Theatre, 48th Street Theatre","247 W. 48th Street, New York, NY 10036",Manhattan,40.7607714,-73.9863448,https://photos.cinematreasures.org/production/photos/242516/1526080452/large.jpg?1526080452,theater_images/24997.jpg,1926,1956,,Closed,1,Cinema Treasures,https://cinematreasures.org/theaters/24997,9/15/26,,,,,low,Most recent stated closing year retained.,,,,,,,,,,,,,
31847,Prince Theatre,,"329 West Street, New York, NY 10013",Manhattan,40.7282795,-74.0108959,,,,unknown,,Closed,1,Cinema Treasures,https://cinematreasures.org/theaters/31847,9/15/26,,,,,medium,"Not stated on source page: opening year, closing year, image. Current-address audit found no confirmed continuation of this theater; it is closed, but the closing year is unknown.",Match,Non_Exact,"329 WEST ST, NEW YORK, NY, 10014",40.72864267,-74.01051708,West Street,highway,trunk,closed_unknown_date,medium,U.S. Census Geocoder; OpenStreetMap via Photon and Overpass,9/16/26,No matching current theater was found at the geocoded address. Closing date remains unknown.
4164,Princess Theatre,"Lucille LaVerne Theatre, Assembly Theatre, Reo Theatre, Labor Stage, Cinema Dante, Cine Met, Cine Verdi","104-106 W. 39th Street, New York, NY 10018",Manhattan,40.7530958,-73.9859238,https://photos.cinematreasures.org/production/photos/363017/1642677985/large.png?1642677985,theater_images/4164.png,1913,1933,1933,Closed,1,Cinema Treasures,https://cinematreasures.org/theaters/4164,9/15/26,,,,,high,,,,,,,,,,,,,,
36250,Princess Theatre,,"404 Gates Avenue, Brooklyn, NY 11216",Brooklyn,40.686443,-73.947848,https://photos.cinematreasures.org/production/photos/6473/1308690087/large.jpg?1308690087,theater_images/36250.jpg,,unknown,,Closed,1,Cinema Treasures,https://cinematreasures.org/theaters/36250,9/15/26,,,,,medium,"Not stated on source page: opening year, closing year. Current-address audit found no confirmed continuation of this theater; it is closed, but the closing year is unknown.",Match,Exact,"404 GATES AVE, BROOKLYN, NY, 11216",40.68621221,-73.95014127,400,place,house,closed_unknown_date,medium,U.S. Census Geocoder; OpenStreetMap via Photon and Overpass,9/16/26,No matching current theater was found at the geocoded address. Closing date remains unknown.
44952,Proctor's 58th Street Theatre,"Proctor's Pleasure Palace Palm Gardens, Keith & Proctor's Fifty-Eighth Street Theatre","154 E. 58th Street, New York, NY 10022",Manhattan,40.7612336,-73.9677977,https://photos.cinematreasures.org/production/photos/181945/1474403198/large.gif?1474403198,theater_images/44952.gif,1895,1927,,Closed,1,Cinema Treasures,https://cinematreasures.org/theaters/44952,9/15/26,,,,,high,,,,,,,,,,,,,,
50157,Prospect Palace,,"568 5th Avenue, Brooklyn, NY 11215",Brooklyn,40.665165,-73.989973,https://photos.cinematreasures.org/production/photos/139101/1444669517/large.JPG?1444669517,theater_images/50157.jpg,1909,1915,,Closed,1,Cinema Treasures,https://cinematreasures.org/theaters/50157,9/15/26,,,,,high,,,,,,,,,,,,,,
17101,Public Palace Theatre,Sacks Theatre,"555 Graham Avenue, Brooklyn, NY 11222",Brooklyn,40.7220832,-73.947328,https://photos.cinematreasures.org/production/photos/237490/1521579665/large.png?1521579665,theater_images/17101.png,1914,1927,,Closed,1,Cinema Treasures,https://cinematreasures.org/theaters/17101,9/15/26,,,,,high,,,,,,,,,,,,,,
9741,Public Theater,"Anthology Film Archives, Little Theatre at the Public","425 Lafayette Street, New York, NY 10003",Manhattan,40.7291369,-73.9920281,https://photos.cinematreasures.org/production/photos/75248/1372085630/large.JPG?1372085630,theater_images/9741.jpg,1967,,,Open,1,Cinema Treasures,https://cinematreasures.org/theaters/9741,9/15/26,The Public Theater,https://publictheater.org/about-the-public/welcome-to-the-public-theater/,9/15/26,verified_external,high,Opening year verified from The Public Theater.,,,,,,,,,,,,,
49033,Pussycat 2 Cinema,Kitty Kat Cinema,"210 W. 49th Street, New York, NY 10019",Manhattan,40.7608453,-73.9846612,https://photos.cinematreasures.org/production/photos/277059/1561643790/large.jpg?1561643790,theater_images/49033.jpg,,unknown,,Closed,1,Cinema Treasures,https://cinematreasures.org/theaters/49033,9/15/26,,,,,medium,"Not stated on source page: opening year, closing year. Current-address audit found no confirmed continuation of this theater; it is closed, but the closing year is unknown.",Match,Exact,"210 W 49TH ST, NEW YORK, NY, 10019",40.7608062,-73.98469082,1611,place,house,closed_unknown_date,medium,U.S. Census Geocoder; OpenStreetMap via Photon and Overpass,9/16/26,No matching current theater was found at the geocoded address. Closing date remains unknown.
7217,Quad Cinema,Landmark Quad Cinema,"34 W. 13th Street, New York, NY 10011",Manhattan,40.736003,-73.995881,https://photos.cinematreasures.org/production/photos/206971/1492292769/large.jpg?1492292769,theater_images/7217.jpg,1972,,2017,Open (Showing movies),4,Cinema Treasures,https://cinematreasures.org/theaters/7217,9/15/26,,,,,low,Most recent stated reopening year retained.,,,,,,,,,,,,,
3919,Queens Theatre,,"219-36 Jamaica Avenue, Queens Village, NY 11428",Queens,40.7186407,-73.7348407,https://photos.cinematreasures.org/production/photos/283826/1566417856/large.jpg?1566417856,theater_images/3919.jpg,1927,1990,1990,Closed,1,Cinema Treasures,https://cinematreasures.org/theaters/3919,9/15/26,,,,,low,Most recent stated closing year retained.,,,,,,,,,,,,,
7005,Queens Theatre,"New York State Theatreama, Queens Theatre in the Park","New York State Pavilion, Corona, NY 11368",Queens,40.7356829,-73.8403342,https://photos.cinematreasures.org/production/photos/52059/1344827251/large.jpg?1344827251,theater_images/7005.jpg,1964,,,Open (Showing movies),1,Cinema Treasures,https://cinematreasures.org/theaters/7005,9/15/26,Queens Theatre,https://www.queenstheatre.org/theme/theaterama-nkft,9/15/26,verified_external,medium,Opening year verified from Queens Theatre.,,,,,,,,,,,,,
3872,Quentin Theatre,,"3502 Quentin Road, Brooklyn, NY 11234",Brooklyn,40.614134,-73.937133,https://photos.cinematreasures.org/production/photos/260704/1542807533/large.jpg?1542807533,theater_images/3872.jpg,2004,unknown,,Closed,1,Cinema Treasures,https://cinematreasures.org/theaters/3872,9/15/26,,,,,medium,"Not stated on source page: closing year. Current-address audit found no confirmed continuation of this theater; it is closed, but the closing year is unknown.",Match,Exact,"3502 QUENTIN RD, BROOKLYN, NY, 11234",40.6141675,-73.93742196,1701,place,house,closed_unknown_date,medium,U.S. Census Geocoder; OpenStreetMap via Photon and Overpass,9/16/26,No matching current theater was found at the geocoded address. Closing date remains unknown.
55,Radio City Music Hall,,"1260 6th Avenue, New York, NY 10020",Manhattan,40.7599766,-73.9799747,https://photos.cinematreasures.org/production/photos/241911/1525544821/large.jpg?1525544821,theater_images/55.jpg,1932,,,Open,1,Cinema Treasures,https://cinematreasures.org/theaters/55,9/15/26,,,,,high,,,,,,,,,,,,,,
4082,Radio Theatre,Royal Theatre,"4114 13th Avenue, Brooklyn, NY 11219",Brooklyn,40.639069,-73.987548,https://photos.cinematreasures.org/production/photos/263813/1547623682/large.jpg?1547623682,theater_images/4082.jpg,1914,1950,,Closed,1,Cinema Treasures,https://cinematreasures.org/theaters/4082,9/15/26,,,,,low,Opening year is an upper bound ('prior to/before 1914').,,,,,,,,,,,,,
7922,Radio Theatre,"Royal Photoplays, Bronx Playhouse, New Royal Theatre","1348 Southern Boulevard, Bronx, NY 10459",Bronx,40.8320859,-73.890488,https://photos.cinematreasures.org/production/photos/123683/1430094945/large.jpg?1430094945,theater_images/7922.jpg,1917,unknown,,Closed,1,Cinema Treasures,https://cinematreasures.org/theaters/7922,9/15/26,,,,,medium,"Not stated on source page: closing year. Current-address audit found no confirmed continuation of this theater; it is closed, but the closing year is unknown.",Match,Exact,"1348 SOUTHERN BLVD, BRONX, NY, 10459",40.83143543,-73.89122453,IRT White Plains Road Line,railway,subway,closed_unknown_date,medium,U.S. Census Geocoder; OpenStreetMap via Photon and Overpass,9/16/26,No matching current theater was found at the geocoded address. Closing date remains unknown.
3763,Rae Twin Theater,,"Hylan Boulevard, Staten Island, NY 10306",Staten Island,40.5532581,-74.1321772,https://photos.cinematreasures.org/production/photos/287926/1570262387/large.jpg?1570262387,theater_images/3763.jpg,1976,1987,,Closed,2,Cinema Treasures,https://cinematreasures.org/theaters/3763,9/15/26,,,,,high,,,,,,,,,,,,,,
6055,Rainbow Theatre,,"167 Graham Avenue, Brooklyn, NY 11206",Brooklyn,40.707721,-73.9434186,https://photos.cinematreasures.org/production/photos/41848/1334115170/large.jpg?1334115170,theater_images/6055.jpg,,1964,,Closed,1,Cinema Treasures,https://cinematreasures.org/theaters/6055,9/15/26,,,,,medium,Not stated on source page: opening year.,,,,,,,,,,,,,
14739,Rainbow Theatre,Town Playhouse,"1439 3rd Avenue, New York, NY 10028",Manhattan,40.7757196,-73.9562243,,,,unknown,,Closed,1,Cinema Treasures,https://cinematreasures.org/theaters/14739,9/15/26,,,,,medium,"Not stated on source page: opening year, closing year, image. Current-address audit found no confirmed continuation of this theater; it is closed, but the closing year is unknown.",Match,Exact,"1439 3RD AVE, NEW YORK, NY, 10028",40.775756,-73.95613266,1435,place,house,closed_unknown_date,medium,U.S. Census Geocoder; OpenStreetMap via Photon and Overpass,9/16/26,No matching current theater was found at the geocoded address. Closing date remains unknown.
44459,Ralph Theatre,"Royal Theatre, Arcady Theatre","237 Ralph Avenue, Brooklyn, NY 11233",Brooklyn,40.681463,-73.922117,https://photos.cinematreasures.org/production/photos/137379/1443118682/large.jpg?1443118682,theater_images/44459.jpg,1914,unknown,1922,Closed,1,Cinema Treasures,https://cinematreasures.org/theaters/44459,9/15/26,,,,,low,"Opening year is approximate (1914). Most recent stated reopening year retained. Not stated on source page: closing year. Current-address audit found no confirmed continuation of this theater; it is closed, but the closing year is unknown.",Match,Exact,"237 RALPH AVE, BROOKLYN, NY, 11233",40.68147588,-73.92239428,Soul Kofa,amenity,fast_food,closed_unknown_date,medium,U.S. Census Geocoder; OpenStreetMap via Photon and Overpass,9/16/26,No matching current theater was found at the geocoded address. Closing date remains unknown.
9815,Ramrod Theatre,"49th Street Burlesk, Ramrod Male Theatre","210 W. 49th Street, New York, NY 10019",Manhattan,40.7608202,-73.9846153,https://photos.cinematreasures.org/production/photos/282305/1565358612/large.PNG?1565358612,theater_images/9815.png,,unknown,,Closed,1,Cinema Treasures,https://cinematreasures.org/theaters/9815,9/15/26,,,,,medium,"Not stated on source page: opening year, closing year. Current-address audit found no confirmed continuation of this theater; it is closed, but the closing year is unknown.",Match,Exact,"210 W 49TH ST, NEW YORK, NY, 10019",40.7608062,-73.98469082,1611,place,house,closed_unknown_date,medium,U.S. Census Geocoder; OpenStreetMap via Photon and Overpass,9/16/26,No matching current theater was found at the geocoded address. Closing date remains unknown.
72662,Raw Space Screening Room,,"531 W. 42nd Street, New York, NY 10036",Manhattan,40.7604454,-73.9968288,,,,1982,,Closed,1,Cinema Treasures,https://cinematreasures.org/theaters/72662,9/15/26,,,,,low,"Most recent stated closing year retained. Not stated on source page: opening year, image.",,,,,,,,,,,,,
10480,Regal Battery Park,"United Artists Battery Park 16, Regal Battery Park City Stadium 16, Regal Battery Park Stadium 11","102 N. End Avenue, New York, NY 10282",Manhattan,40.7145327,-74.0153964,https://photos.cinematreasures.org/production/photos/269621/1555373810/large.JPG?1555373810,theater_images/10480.jpg,2000,,,Open (Showing movies),11,Cinema Treasures,https://cinematreasures.org/theaters/10480,9/15/26,,,,,low,Most recent stated closing year retained.,,,,,,,,,,,,,
59975,Regal Bricktown Charleston,Regal Bricktown Charleston & RPX,"165 Bricktown Way, Staten Island, NY 10309",Staten Island,40.5303692,-74.2303245,https://photos.cinematreasures.org/production/photos/273539/1558302536/large.jpg?1558302536,theater_images/59975.jpg,2019,,,Open (Showing movies),10,Cinema Treasures,https://cinematreasures.org/theaters/59975,9/15/26,,,,,high,,,,,,,,,,,,,,
43139,Regal Concourse,Concourse Plaza Multiplex Cinemas,"214 E. 161st Street, Bronx, NY 10451",Bronx,40.8260695,-73.9203583,https://photos.cinematreasures.org/production/photos/108648/1410834468/large.jpg?1410834468,theater_images/43139.jpg,1991,,2025,Open (Showing movies),10,Cinema Treasures,https://cinematreasures.org/theaters/43139,9/15/26,,,,,low,Most recent stated closing year retained. Most recent stated reopening year retained.,,,,,,,,,,,,,
59710,Regal Essex Crossing & RPX,,"129 Delancey Street, New York, NY 10002",Manhattan,40.7181278,-73.9877319,https://photos.cinematreasures.org/production/photos/269222/1555034634/large.JPG?1555034634,theater_images/59710.jpg,2019,,,Open (Showing movies),13,Cinema Treasures,https://cinematreasures.org/theaters/59710,9/15/26,,,,,high,,,,,,,,,,,,,,
66166,Regal Tangram 4DX,,"133-36 37th Avenue, Flushing, NY 11354",Queens,40.7605874,-73.8336508,https://photos.cinematreasures.org/production/photos/358821/1636511813/large.png?1636511813,theater_images/66166.png,2021,,,Open (Showing movies),7,Cinema Treasures,https://cinematreasures.org/theaters/66166,9/15/26,,,,,high,,,,,,,,,,,,,,
10461,Regal Times Square,"Loews 42nd Street E-Walk Theatre, Regal E-Walk Stadium 13, Regal E-Walk Stadium 13 & RPX","247 W. 42nd Street, New York, NY 10036",Manhattan,40.757082,-73.9891133,https://photos.cinematreasures.org/production/photos/15492/1311111868/large.jpg?1311111868,theater_images/10461.jpg,1999,,,Open (Showing movies),13,Cinema Treasures,https://cinematreasures.org/theaters/10461,9/15/26,,,,,high,,,,,,,,,,,,,,
17037,Regal UA Court Street Stadium 12,UA Court Street Stadium 12,"106 Court Street, Brooklyn, NY 11201",Brooklyn,40.6907565,-73.9918762,https://photos.cinematreasures.org/production/photos/362928/1642521673/large.JPG?1642521673,theater_images/17037.jpg,2000,2022,,Closed,12,Cinema Treasures,https://cinematreasures.org/theaters/17037,9/15/26,,,,,high,,,,,,,,,,,,,,
8731,Regal UA Kaufman Astoria,"Regal Kaufman Astoria Stadium 14, UA Kaufman Astoria Cinema 14, Regal UA Kaufman Astoria & RPX","35-30 38th Street, Astoria, NY 11101",Queens,40.75474,-73.9235043,https://photos.cinematreasures.org/production/photos/5674/1308500508/large.jpg?1308500508,theater_images/8731.jpg,1999,,,Open (Showing movies),14,Cinema Treasures,https://cinematreasures.org/theaters/8731,9/15/26,,,,,high,,,,,,,,,,,,,,
3277,Regal UA Midway,"RKO Midway Theatre, UA Midway Stadium 9","108-22 Queens Boulevard, Forest Hills, NY 11375",Queens,40.720397,-73.843597,https://photos.cinematreasures.org/production/photos/102/1306110701/large.jpg?1306110701,theater_images/3277.jpg,1942,,1998,Open (Showing movies),9,Cinema Treasures,https://cinematreasures.org/theaters/3277,9/15/26,,,,,high,,,,,,,,,,,,,,
6070,Regal UA Sheepshead Bay,"United Artists The Movies Sheepshead Bay, UA Sheepshead Bay Stadium 14","3907 Shore Parkway, Brooklyn, NY 11235",Brooklyn,40.5861661,-73.9304996,https://photos.cinematreasures.org/production/photos/212757/1498955594/large.JPG?1498955594,theater_images/6070.jpg,1987,,,Open (Showing movies),14,Cinema Treasures,https://cinematreasures.org/theaters/6070,9/15/26,,,,,high,,,,,,,,,,,,,,
11963,Regal UA Staten Island & RPX,UA All Staten Island Stadium 16,"2474 Forest Avenue, Staten Island, NY 10303",Staten Island,40.6259233,-74.1728327,https://photos.cinematreasures.org/production/photos/122380/1428617707/large.jpg?1428617707,theater_images/11963.jpg,2001,2023,2021,Closed,16,Cinema Treasures,https://cinematreasures.org/theaters/11963,9/15/26,,,,,low,Most recent stated closing year retained.,,,,,,,,,,,,,
10478,Regal Union Square,"United Artists Union Square Stadium 14, Regal Union Square Stadium 14, Regal Union Square Stadium 17","850 Broadway, New York, NY 10003",Manhattan,40.734279,-73.990495,https://photos.cinematreasures.org/production/photos/32805/1325551127/large.jpg?1325551127,theater_images/10478.jpg,1998,,,Open (Showing movies),17,Cinema Treasures,https://cinematreasures.org/theaters/10478,9/15/26,,,,,high,,,,,,,,,,,,,,
1199,Regency Theatre,Alden Theatre,"1987 Broadway, New York, NY 10023",Manhattan,40.7751222,-73.9823091,https://photos.cinematreasures.org/production/photos/165414/1461367652/large.jpg?1461367652,theater_images/1199.jpg,1931,unknown,,Closed,1,Cinema Treasures,https://cinematreasures.org/theaters/1199,9/15/26,,,,,medium,"Not stated on source page: closing year. Current-address audit found no confirmed continuation of this theater; it is closed, but the closing year is unknown.",Match,Exact,"1987 BROADWAY, NEW YORK, NY, 10023",40.77497127,-73.98226505,Citi Bike - W 67 St & Broadway,amenity,bicycle_rental,closed_unknown_date,medium,U.S. Census Geocoder; OpenStreetMap via Photon and Overpass,9/16/26,"A nearby mapped venue matched part of the name, but review did not confirm it as the same historical theater; the theater is closed and its closing year remains unknown."
3925,Regent Theatre,Slave #1 Theatre,"1215 Fulton Street, Brooklyn, NY 11216",Brooklyn,40.680835,-73.952898,https://photos.cinematreasures.org/production/photos/3965/1307917282/large.jpg?1307917282,theater_images/3925.jpg,,1998,,Closed,1,Cinema Treasures,https://cinematreasures.org/theaters/3925,9/15/26,,,,,medium,Not stated on source page: opening year.,,,,,,,,,,,,,
6818,Regent Theatre,RKO Regent Theatre,"1912 7th Avenue, New York, NY 10026",Manhattan,40.803174,-73.953163,https://photos.cinematreasures.org/production/photos/115831/1421306455/large.jpg?1421306455,theater_images/6818.jpg,1913,1963,,Closed,1,Cinema Treasures,https://cinematreasures.org/theaters/6818,9/15/26,,,,,high,,,,,,,,,,,,,,
31740,Regent Theatre,Argus Theatre,"385 3rd Avenue, New York, NY 10016",Manhattan,40.741562,-73.9808702,https://photos.cinematreasures.org/production/photos/264243/1548373073/large.jpg?1548373073,theater_images/31740.jpg,1914,unknown,,Closed,1,Cinema Treasures,https://cinematreasures.org/theaters/31740,9/15/26,,,,,medium,"Not stated on source page: closing year. Current-address audit found no confirmed continuation of this theater; it is closed, but the closing year is unknown.",Match,Exact,"385 3RD AVE, NEW YORK, NY, 10016",40.74166009,-73.98099827,3rd Avenue,highway,primary,closed_unknown_date,medium,U.S. Census Geocoder; OpenStreetMap via Photon and Overpass,9/16/26,No matching current theater was found at the geocoded address. Closing date remains unknown.
44158,Regent Theatre,,"College Point Boulevard and 18th Avenue, College Point, NY 11356",Queens,40.7832188,-73.8458535,,,1914,1932,,Closed,1,Cinema Treasures,https://cinematreasures.org/theaters/44158,9/15/26,,,,,medium,Not stated on source page: image.,,,,,,,,,,,,,
20079,Regun Theater,Imperial Theater,"60 W. 116th Street, New York, NY 10026",Manhattan,40.8016085,-73.9490273,https://photos.cinematreasures.org/production/photos/207596/1493231246/large.gif?1493231246,theater_images/20079.gif,,unknown,,Closed,1,Cinema Treasures,https://cinematreasures.org/theaters/20079,9/15/26,,,,,medium,"Not stated on source page: opening year, closing year. Current-address audit found no confirmed continuation of this theater; it is closed, but the closing year is unknown.",Match,Exact,"60 W 116TH ST, NEW YORK, NY, 10026",40.80153227,-73.94867927,Malcolm Shabazz Harlem Market,amenity,marketplace,closed_unknown_date,medium,U.S. Census Geocoder; OpenStreetMap via Photon and Overpass,9/16/26,No matching current theater was found at the geocoded address. Closing date remains unknown.
12575,Renaissance Theatre,Renaissance Casino Theatre,"2343 Adam Clayton Powell Jr. Boulevard, New York, NY 10030",Manhattan,40.80845,-73.9451167,https://photos.cinematreasures.org/production/photos/5714/1308508940/large.jpg?1308508940,theater_images/12575.jpg,,unknown,,Closed,1,Cinema Treasures,https://cinematreasures.org/theaters/12575,9/15/26,,,,,medium,"Not stated on source page: opening year, closing year. Current-address audit found no confirmed continuation of this theater; it is closed, but the closing year is unknown.",Match,Exact,"2343 ADAM CLAYTON POWELL JR BLVD, NEW YORK, NY, 10030",40.81669918,-73.94259852,Adam Clayton Powell Jr. Boulevard,highway,primary,closed_unknown_date,medium,U.S. Census Geocoder; OpenStreetMap via Photon and Overpass,9/16/26,"A nearby mapped venue matched part of the name, but review did not confirm it as the same historical theater; the theater is closed and its closing year remains unknown."
21751,Rendezvous Cinema,,"149 W. 54th Street, New York, NY 10019",Manhattan,40.7630503,-73.9803371,https://photos.cinematreasures.org/production/photos/385517/1665817550/large.jpg?1665817550,theater_images/21751.jpg,1978,unknown,,Closed,1,Cinema Treasures,https://cinematreasures.org/theaters/21751,9/15/26,,,,,medium,"Not stated on source page: closing year. Current-address audit found no confirmed continuation of this theater; it is closed, but the closing year is unknown.",Match,Exact,"149 W 54TH ST, NEW YORK, NY, 10019",40.76340007,-73.98081792,Avis,amenity,car_rental,closed_unknown_date,medium,U.S. Census Geocoder; OpenStreetMap via Photon and Overpass,9/16/26,No matching current theater was found at the geocoded address. Closing date remains unknown.
27063,Reo Theater,"Harlem Third Avenue Theatre, Harlem King Theater","2314 3rd Avenue, New York, NY 10035",Manhattan,40.8042336,-73.9354579,https://photos.cinematreasures.org/production/photos/265434/1550361458/large.jpg?1550361458,theater_images/27063.jpg,,unknown,,Closed,1,Cinema Treasures,https://cinematreasures.org/theaters/27063,9/15/26,,,,,medium,"Not stated on source page: opening year, closing year. Current-address audit found no confirmed continuation of this theater; it is closed, but the closing year is unknown.",Match,Exact,"2314 3RD AVE, NEW YORK, NY, 10035",40.80417676,-73.93555513,2306,place,house,closed_unknown_date,medium,U.S. Census Geocoder; OpenStreetMap via Photon and Overpass,9/16/26,No matching current theater was found at the geocoded address. Closing date remains unknown.
8711,Reo Theatre,New Singer Theatre,"375 Mother Gaston Boulevard, Brooklyn, NY 11212",Brooklyn,40.66959,-73.9069648,https://photos.cinematreasures.org/production/photos/261970/1544476063/large.jpg?1544476063,theater_images/8711.jpg,1914,1957,,Closed,1,Cinema Treasures,https://cinematreasures.org/theaters/8711,9/15/26,,,,,low,Most recent stated closing year retained.,,,,,,,,,,,,,
3971,Republic Theatre,RKO Republic Theatre,"426 Keap Street, Brooklyn, NY 11211",Brooklyn,40.711772,-73.952581,https://photos.cinematreasures.org/production/photos/30175/1320665892/large.jpg?1320665892,theater_images/3971.jpg,1921,2020,1937,Closed,1,Cinema Treasures,https://cinematreasures.org/theaters/3971,9/15/26,,,,,low,Most recent stated closing year retained.,,,,,,,,,,,,,
36155,reRun Gastropub Theater,,"147 Front Street, Brooklyn, NY 11201",Brooklyn,40.702506,-73.986882,https://photos.cinematreasures.org/production/photos/175993/1470863351/large.jpg?1470863351,theater_images/36155.jpg,,unknown,,Closed,1,Cinema Treasures,https://cinematreasures.org/theaters/36155,9/15/26,,,,,medium,"Not stated on source page: opening year, closing year. Current-address audit found no confirmed continuation of this theater; it is closed, but the closing year is unknown.",Match,Exact,"147 FRONT ST, BROOKLYN, NY, 11201",40.70248363,-73.986861,Lucky Rabbit Noodles,amenity,fast_food,closed_unknown_date,medium,U.S. Census Geocoder; OpenStreetMap via Photon and Overpass,9/16/26,No matching current theater was found at the geocoded address. Closing date remains unknown.
44817,Review Theatre,,"366 New Lots Avenue, Brooklyn, NY 11207",Brooklyn,40.661558,-73.8935308,,,1922,1928,,Closed,1,Cinema Treasures,https://cinematreasures.org/theaters/44817,9/15/26,,,,,medium,Not stated on source page: image.,,,,,,,,,,,,,
8001,Rex Theatre,Hub Theatre,"440 Westchester Avenue, Bronx, NY 10455",Bronx,40.8162916,-73.9149116,https://photos.cinematreasures.org/production/photos/261985/1544488018/large.jpg?1544488018,theater_images/8001.jpg,1921,unknown,,Closed,1,Cinema Treasures,https://cinematreasures.org/theaters/8001,9/15/26,,,,,medium,"Not stated on source page: closing year. Current-address audit found no confirmed continuation of this theater; it is closed, but the closing year is unknown.",Match,Exact,"440 WESTCHESTER AVE, BRONX, NY, 10455",40.81632168,-73.91545708,Westchester Avenue & Bergen Avenue,highway,bus_stop,closed_unknown_date,medium,U.S. Census Geocoder; OpenStreetMap via Photon and Overpass,9/16/26,No matching current theater was found at the geocoded address. Closing date remains unknown.
26818,Rex Theatre,"Leo's Park Theatre, Park Theatre","137 Canal Street, Staten Island, NY 10304",Staten Island,40.6267655,-74.0781347,https://photos.cinematreasures.org/production/photos/125632/1432037890/large.jpg?1432037890,theater_images/26818.jpg,,1950,,Closed,1,Cinema Treasures,https://cinematreasures.org/theaters/26818,9/15/26,,,,,medium,Not stated on source page: opening year.,,,,,,,,,,,,,
552,Rialto Theatre,"Brandt's Rialto Theatre, Cineplex Odeon Warner Theatre","1481 Broadway, New York, NY 10036",Manhattan,40.756842,-73.9858404,https://photos.cinematreasures.org/production/photos/74260/1370527632/large.jpg?1370527632,theater_images/552.jpg,1916,1935,,Closed,1,Cinema Treasures,https://cinematreasures.org/theaters/552,9/15/26,,,,,low,Most recent stated closing year retained.,,,,,,,,,,,,,
6605,Rialto Theatre,,"1085 Flatbush Avenue, Brooklyn, NY 11226",Brooklyn,40.643831,-73.957453,https://photos.cinematreasures.org/production/photos/28255/1318019790/large.jpg?1318019790,theater_images/6605.jpg,1916,unknown,,Closed,1,Cinema Treasures,https://cinematreasures.org/theaters/6605,9/15/26,,,,,medium,"Not stated on source page: closing year. Current-address audit found no confirmed continuation of this theater; it is closed, but the closing year is unknown.",Match,Exact,"1085 FLATBUSH AVE, BROOKLYN, NY, 11226",40.64409629,-73.95783149,1083,place,house,closed_unknown_date,medium,U.S. Census Geocoder; OpenStreetMap via Photon and Overpass,9/16/26,No matching current theater was found at the geocoded address. Closing date remains unknown.
8200,Rialto Theatre,,"149-50 15th Road, Whitestone, NY 11357",Queens,40.785967,-73.814442,https://photos.cinematreasures.org/production/photos/8541/1309493792/large.JPG?1309493792,theater_images/8200.jpg,,unknown,,Closed,1,Cinema Treasures,https://cinematreasures.org/theaters/8200,9/15/26,,,,,medium,"Not stated on source page: opening year, closing year. Current-address audit found no confirmed continuation of this theater; it is closed, but the closing year is unknown.",Match,Exact,"149-50 15TH RD, WHITESTONE, NY, 11357",40.78630809,-73.81487747,15th Road,highway,tertiary,closed_unknown_date,medium,U.S. Census Geocoder; OpenStreetMap via Photon and Overpass,9/16/26,No matching current theater was found at the geocoded address. Closing date remains unknown.
16666,Rialto Theatre,,"1481 Broadway, New York, NY 10036",Manhattan,40.756842,-73.9858404,https://photos.cinematreasures.org/production/photos/42072/1334368532/large.jpg?1334368532,theater_images/16666.jpg,1916,1935,,Closed,1,Cinema Treasures,https://cinematreasures.org/theaters/16666,9/15/26,,,,,high,,,,,,,,,,,,,,
6271,Richmond Theatre,,"2795 Richmond Avenue, Staten Island, NY 10314",Staten Island,40.5977041,-74.1650991,https://photos.cinematreasures.org/production/photos/124055/1430483643/large.jpg?1430483643,theater_images/6271.jpg,1967,unknown,,Closed,1,Cinema Treasures,https://cinematreasures.org/theaters/6271,9/15/26,,,,,medium,"Not stated on source page: closing year. Current-address audit found no confirmed continuation of this theater; it is closed, but the closing year is unknown.",Match,Exact,"2795 RICHMOND AVE, STATEN ISLAND, NY, 10314",40.57779484,-74.16956659,Richmond Avenue,highway,primary,closed_unknown_date,medium,U.S. Census Geocoder; OpenStreetMap via Photon and Overpass,9/16/26,No matching current theater was found at the geocoded address. Closing date remains unknown.
31853,Richmond Theatre,,"Thompson Street and Wright Street, Staten Island, NY 10304",Staten Island,40.6258,-74.077496,https://photos.cinematreasures.org/production/photos/46059/1338602233/large.jpg?1338602233,theater_images/31853.jpg,1906,1948,,Closed,1,Cinema Treasures,https://cinematreasures.org/theaters/31853,9/15/26,,,,,high,,,,,,,,,,,,,,
42618,Rick Nielson Screening Room,"Frisco Gay Theatre, Tomcat Viewing Studio","210 W. 42nd Street, New York, NY 10036",Manhattan,40.7562534,-73.9875068,https://photos.cinematreasures.org/production/photos/88349/1385258756/large.jpg?1385258756,theater_images/42618.jpg,,unknown,,Closed,1,Cinema Treasures,https://cinematreasures.org/theaters/42618,9/15/26,,,,,medium,"Not stated on source page: opening year, closing year. Current-address audit found no confirmed continuation of this theater; it is closed, but the closing year is unknown.",Match,Exact,"210 W 42ND ST, NEW YORK, NY, 10036",40.75612699,-73.98733019,West 42nd Street & 7th Avenue,highway,bus_stop,closed_unknown_date,medium,U.S. Census Geocoder; OpenStreetMap via Photon and Overpass,9/16/26,No matching current theater was found at the geocoded address. Closing date remains unknown.
22464,Ridgewood Amusement Palace,,"494 Woodward Avenue, Ridgewood, NY 11385",Queens,40.7076239,-73.9103538,https://photos.cinematreasures.org/production/photos/321414/1603474506/large.gif?1603474506,theater_images/22464.gif,,unknown,,Closed,1,Cinema Treasures,https://cinematreasures.org/theaters/22464,9/15/26,,,,,medium,"Not stated on source page: opening year, closing year. Current-address audit found no confirmed continuation of this theater; it is closed, but the closing year is unknown.",Match,Exact,"494 WOODWARD AVE, RIDGEWOOD, NY, 11385",40.70752631,-73.91028356,1889,building,apartments,closed_unknown_date,medium,U.S. Census Geocoder; OpenStreetMap via Photon and Overpass,9/16/26,No matching current theater was found at the geocoded address. Closing date remains unknown.
8404,Ridgewood Casino Theatre,,"383 Knickerbocker Avenue, Brooklyn, NY 11237",Brooklyn,40.7003925,-73.9209101,https://photos.cinematreasures.org/production/photos/77345/1375025629/large.JPG?1375025629,theater_images/8404.jpg,,unknown,,Closed,1,Cinema Treasures,https://cinematreasures.org/theaters/8404,9/15/26,,,,,medium,"Not stated on source page: opening year, closing year. Current-address audit found no confirmed continuation of this theater; it is closed, but the closing year is unknown.",Match,Exact,"383 KNICKERBOCKER AVE, BROOKLYN, NY, 11237",40.70033093,-73.9208974,383,place,house,closed_unknown_date,medium,U.S. Census Geocoder; OpenStreetMap via Photon and Overpass,9/16/26,No matching current theater was found at the geocoded address. Closing date remains unknown.
8068,Ridgewood Folly Theatre,,"Myrtle Avenue, Ridgewood, NY 11385",Queens,40.701819,-73.882366,https://photos.cinematreasures.org/production/photos/95885/1393961690/large.JPG?1393961690,theater_images/8068.jpg,,unknown,,Closed,1,Cinema Treasures,https://cinematreasures.org/theaters/8068,9/15/26,,,,,medium,"Not stated on source page: opening year, closing year. Current-address audit found no confirmed continuation of this theater; it is closed, but the closing year is unknown.",No_Match,,,,,King Wok,amenity,fast_food,closed_unknown_date,medium,U.S. Census Geocoder; OpenStreetMap via Photon and Overpass,9/16/26,No matching current theater was found at the geocoded address. Closing date remains unknown.
8385,Ridgewood Hippodrome,,"498 Menahan Street, Ridgewood, NY 11385",Queens,40.7033739,-73.9118406,,,,unknown,,Closed,1,Cinema Treasures,https://cinematreasures.org/theaters/8385,9/15/26,,,,,medium,"Not stated on source page: opening year, closing year, image. Current-address audit found no confirmed continuation of this theater; it is closed, but the closing year is unknown.",Match,Exact,"498 MENAHAN ST, RIDGEWOOD, NY, 11385",40.70335634,-73.91179229,Evelyn Discount,shop,convenience,closed_unknown_date,medium,U.S. Census Geocoder; OpenStreetMap via Photon and Overpass,9/16/26,No matching current theater was found at the geocoded address. Closing date remains unknown.
4021,Ridgewood Theatre,Fox Ridgewood Theatre,"55-27 Myrtle Avenue, Ridgewood, NY 11385",Queens,40.7000875,-73.907467,https://photos.cinematreasures.org/production/photos/32146/1324416675/large.jpg?1324416675,theater_images/4021.jpg,1916,2008,2009,Closed,5,Cinema Treasures,https://cinematreasures.org/theaters/4021,9/15/26,,,,,high,,,,,,,,,,,,,,
21866,Riklis Theater,,"35 Avenue at 36 Street, Astoria, NY 11106",Queens,40.7603381,-73.9331921,https://photos.cinematreasures.org/production/photos/168939/1464207208/large.gif?1464207208,theater_images/21866.gif,,2010,,Closed,1,Cinema Treasures,https://cinematreasures.org/theaters/21866,9/15/26,,,,,medium,Not stated on source page: opening year.,,,,,,,,,,,,,
3987,Rio Piedras Theatre,"Teller's Broadway Theatre, Loew's Broadway Theatre, Century's Broadway Theatre","912 Broadway, Brooklyn, NY 11206",Brooklyn,40.697331,-73.936717,https://photos.cinematreasures.org/production/photos/45750/1338342253/large.jpg?1338342253,theater_images/3987.jpg,1904,1973,1959,Closed,1,Cinema Treasures,https://cinematreasures.org/theaters/3987,9/15/26,,,,,high,,,,,,,,,,,,,,
9691,Ritz Theater,,"60-15 Myrtle Avenue, Ridgewood, NY 11385",Queens,40.7006521,-73.8977365,,,,unknown,,Closed,1,Cinema Treasures,https://cinematreasures.org/theaters/9691,9/15/26,,,,,medium,"Not stated on source page: opening year, closing year, image. Current-address audit found no confirmed continuation of this theater; it is closed, but the closing year is unknown.",Match,Exact,"60-15 MYRTLE AVE, RIDGEWOOD, NY, 11385",40.70059609,-73.89775568,Brunch Spot NYC,amenity,cafe,closed_unknown_date,medium,U.S. Census Geocoder; OpenStreetMap via Photon and Overpass,9/16/26,No matching current theater was found at the geocoded address. Closing date remains unknown.
1930,Ritz Theatre,,"251 Port Richmond Avenue, Staten Island, NY 10302",Staten Island,40.634965,-74.134998,https://photos.cinematreasures.org/production/photos/83528/1381237576/large.jpg?1381237576,theater_images/1930.jpg,1924,1968,,Closed,1,Cinema Treasures,https://cinematreasures.org/theaters/1930,9/15/26,,,,,high,,,,,,,,,,,,,,
3876,Ritz Theatre,Fox Ritz Theatre,"4509 8th Avenue, Brooklyn, NY 11220",Brooklyn,40.6436427,-74.0010466,https://photos.cinematreasures.org/production/photos/36636/1330096782/large.jpg?1330096782,theater_images/3876.jpg,1926,1959,,Closed,1,Cinema Treasures,https://cinematreasures.org/theaters/3876,9/15/26,,,,,high,,,,,,,,,,,,,,
11496,Ritz Theatre,"Art Theatre, Yiddish Art Theatre","1014 E. 180th Street, Bronx, NY 10460",Bronx,40.8429298,-73.8787665,https://photos.cinematreasures.org/production/photos/168305/1463778636/large.jpg?1463778636,theater_images/11496.jpg,1922,1950,,Closed,1,Cinema Treasures,https://cinematreasures.org/theaters/11496,9/15/26,,,,,high,,,,,,,,,,,,,,
17563,Ritz Theatre,Murray Hill Theatre,"Northern Boulevard and 154th Street, Flushing, NY 11354",Queens,40.7646935,-73.810993,https://photos.cinematreasures.org/production/photos/77966/1375774797/large.jpg?1375774797,theater_images/17563.jpg,1910,1927,,Closed,1,Cinema Treasures,https://cinematreasures.org/theaters/17563,9/15/26,,,,,high,,,,,,,,,,,,,,
3985,Rivera Theatre,"B.F. Keith's Riviera Theatre, Werba's Rivera Theatre, Fox Rivera Theatre","1060 St. John's Place, Brooklyn, NY 11213",Brooklyn,40.6712376,-73.9431603,https://photos.cinematreasures.org/production/photos/147387/1449095287/large.jpg?1449095287,theater_images/3985.jpg,,1953,,Closed,1,Cinema Treasures,https://cinematreasures.org/theaters/3985,9/15/26,,,,,medium,Not stated on source page: opening year.,,,,,,,,,,,,,
7472,Riverside Theatre,"Shubert Riverside Theatre, William Fox's Riverside Theatre","2561 Broadway, New York, NY 10025",Manhattan,40.79474,-73.9718587,https://photos.cinematreasures.org/production/photos/25431/1315789742/large.jpg?1315789742,theater_images/7472.jpg,1911,1974,,Closed,1,Cinema Treasures,https://cinematreasures.org/theaters/7472,9/15/26,,,,,low,Closing year is approximate (1974).,,,,,,,,,,,,,
3353,Riviera Theatre,Shubert Riviera Theatre,"2575 Broadway, New York, NY 10025",Manhattan,40.7952675,-73.9714765,https://photos.cinematreasures.org/production/photos/43315/1335561785/large.jpg?1335561785,theater_images/3353.jpg,,unknown,,Closed,1,Cinema Treasures,https://cinematreasures.org/theaters/3353,9/15/26,,,,,medium,"Not stated on source page: opening year, closing year. Current-address audit found no confirmed continuation of this theater; it is closed, but the closing year is unknown.",Match,Exact,"2575 BROADWAY, NEW YORK, NY, 10025",40.79530414,-73.97139835,IRT Broadway–Seventh Avenue Line,railway,subway,closed_unknown_date,medium,U.S. Census Geocoder; OpenStreetMap via Photon and Overpass,9/16/26,No matching current theater was found at the geocoded address. Closing date remains unknown.
60210,Rivington Casino,,"159 Rivington Street, New York, NY 10002",Manhattan,,,https://photos.cinematreasures.org/production/photos/278965/1563382434/large.JPG?1563382434,theater_images/60210.jpg,1911,unknown,,Closed,1,Cinema Treasures,https://cinematreasures.org/theaters/60210,9/15/26,,,,,low,"Opening year is approximate (1911). Not stated on source page: closing year, coordinates. Current-address audit found no confirmed continuation of this theater; it is closed, but the closing year is unknown.",Match,Exact,"159 RIVINGTON ST, NEW YORK, NY, 10002",40.71910191,-73.98534753,Organic Snacks & Grocery,shop,tobacco,closed_unknown_date,medium,U.S. Census Geocoder; OpenStreetMap via Photon and Overpass,9/16/26,No matching current theater was found at the geocoded address. Closing date remains unknown.
12437,Rivoli Theater,,"9014 Rockaway Beach Boulevard, Rockaway Beach, NY 11693",Queens,40.5872389,-73.814587,https://photos.cinematreasures.org/production/photos/262274/1545003252/large.jpg?1545003252,theater_images/12437.jpg,1920,1964,,Closed,1,Cinema Treasures,https://cinematreasures.org/theaters/12437,9/15/26,,,,,low,Opening year is an upper bound ('prior to/before 1920').,,,,,,,,,,,,,
555,Rivoli Theatre,"United Artists Rivoli Theatre, United Artists Twin","1620 Broadway, New York, NY 10019",Manhattan,40.7610353,-73.9842756,https://photos.cinematreasures.org/production/photos/51039/1344029097/large.jpg?1344029097,theater_images/555.jpg,1917,1987,,Closed,2,Cinema Treasures,https://cinematreasures.org/theaters/555,9/15/26,,,,,high,,,,,,,,,,,,,,
7087,Rivoli Theatre,Myrtle Theatre,"1374 Myrtle Avenue, Brooklyn, NY 11237",Brooklyn,40.698375,-73.920589,https://photos.cinematreasures.org/production/photos/93965/1391304165/large.jpg?1391304165,theater_images/7087.jpg,1910,1963,,Closed,1,Cinema Treasures,https://cinematreasures.org/theaters/7087,9/15/26,,,,,low,Most recent stated closing year retained.,,,,,,,,,,,,,
563,RKO 23rd Street Theatre,"Pike's Opera House, Grand Opera House","265 8th Avenue, New York, NY 10011",Manhattan,40.7454511,-73.9983989,https://photos.cinematreasures.org/production/photos/145721/1448321282/large.jpg?1448321282,theater_images/563.jpg,1938,1960,,Closed,1,Cinema Treasures,https://cinematreasures.org/theaters/563,9/15/26,,,,,high,,,,,,,,,,,,,,
3430,RKO 81st Street Theatre,Keith's 81st Street,"2248 Broadway, New York, NY 10024",Manhattan,40.7850219,-73.9789339,https://photos.cinematreasures.org/production/photos/32131/1324373032/large.jpg?1324373032,theater_images/3430.jpg,1916,1953,,Closed,1,Cinema Treasures,https://cinematreasures.org/theaters/3430,9/15/26,,,,,high,,,,,,,,,,,,,,
3371,RKO 86th Street Theatre,"Proctor's 86th Street Theatre, RKO Proctor's Theatre","1284 Lexington Avenue, New York, NY 10028",Manhattan,40.7798258,-73.9553647,https://photos.cinematreasures.org/production/photos/164519/1460320094/large.gif?1460320094,theater_images/3371.gif,1926,1968,,Closed,1,Cinema Treasures,https://cinematreasures.org/theaters/3371,9/15/26,,,,,high,,,,,,,,,,,,,,
1302,RKO Albee Theatre,E.F. Albee Theatre,"1 DeKalb Avenue, Brooklyn, NY 11201",Brooklyn,40.69123,-73.982877,https://photos.cinematreasures.org/production/photos/114823/1419950956/large.jpg?1419950956,theater_images/1302.jpg,1925,1978,,Closed,1,Cinema Treasures,https://cinematreasures.org/theaters/1302,9/15/26,,,,,high,,,,,,,,,,,,,,
4244,RKO Alden Theatre,"Shubert Jamaica Theatre, Mutual Theatre, Alden Theatre","165-16 Jamaica Avenue, Jamaica, NY 11432",Queens,40.7056802,-73.7942409,https://photos.cinematreasures.org/production/photos/159188/1455908309/large.gif?1455908309,theater_images/4244.gif,1928,1982,,Closed,4,Cinema Treasures,https://cinematreasures.org/theaters/4244,9/15/26,,,,,high,,,,,,,,,,,,,,
3899,RKO Alhambra Theatre,"Alhambra Theatre, B.F. Keith's Alhambra Theatre","2110 Adam Clayton Powell, Jr. Boulevard, New York, NY 10027",Manhattan,40.809528,-73.9480637,https://photos.cinematreasures.org/production/photos/2243/1307184717/large.JPG?1307184717,theater_images/3899.jpg,1905,1964,,Closed,1,Cinema Treasures,https://cinematreasures.org/theaters/3899,9/15/26,,,,,high,,,,,,,,,,,,,,
1322,RKO Bushwick Theatre,Bushwick Theatre,"1396 Broadway, Brooklyn, NY 11221",Brooklyn,40.688391,-73.920614,https://photos.cinematreasures.org/production/photos/23950/1314627597/large.jpg?1314627597,theater_images/1322.jpg,1911,1969,,Closed,1,Cinema Treasures,https://cinematreasures.org/theaters/1322,9/15/26,,,,,low,Most recent stated closing year retained.,,,,,,,,,,,,,
901,RKO Castle Hill Theatre,Castle Hill Theatre,"1320 Castle Hill Avenue, Bronx, NY 10462",Bronx,40.8348189,-73.851854,https://photos.cinematreasures.org/production/photos/173374/1468440627/large.gif?1468440627,theater_images/901.gif,1927,1969,,Closed,1,Cinema Treasures,https://cinematreasures.org/theaters/901,9/15/26,,,,,high,,,,,,,,,,,,,,
7022,RKO Chester Theatre,,"1938 Boston Road, Bronx, NY 10460",Bronx,40.839725,-73.8812479,https://photos.cinematreasures.org/production/photos/172364/1467127755/large.gif?1467127755,theater_images/7022.gif,1927,1968,,Closed,1,Cinema Treasures,https://cinematreasures.org/theaters/7022,9/15/26,,,,,high,,,,,,,,,,,,,,
3889,RKO Columbia Theatre,"Columbia Theatre, Town Theatre","1014 Beach 20th Street, Far Rockaway, NY 11691",Queens,40.6027306,-73.7532231,https://photos.cinematreasures.org/production/photos/172373/1467131328/large.gif?1467131328,theater_images/3889.gif,1913,unknown,,Closed,1,Cinema Treasures,https://cinematreasures.org/theaters/3889,9/15/26,,,,,medium,"Not stated on source page: closing year. Current-address audit found no confirmed continuation of this theater; it is closed, but the closing year is unknown.",Match,Exact,"10-14 BEACH 20TH ST, FAR ROCKAWAY, NY, 11691",40.60258892,-73.75319982,1004,place,house,closed_unknown_date,medium,U.S. Census Geocoder; OpenStreetMap via Photon and Overpass,9/16/26,No matching current theater was found at the geocoded address. Closing date remains unknown.
3873,RKO Dyker Theatre,Dyker Theatre,"525 86th Street, Brooklyn, NY 11209",Brooklyn,40.6210885,-74.0255108,https://photos.cinematreasures.org/production/photos/7018/1308932977/large.jpg?1308932977,theater_images/3873.jpg,1926,1977,,Closed,1,Cinema Treasures,https://cinematreasures.org/theaters/3873,9/15/26,,,,,high,,,,,,,,,,,,,,
6253,RKO Fordham Theatre,B.F. Keith's Fordham Theatre,"215 E. Fordham Road, Bronx, NY 10458",Bronx,40.862684,-73.895949,https://photos.cinematreasures.org/production/photos/65549/1359319311/large.jpg?1359319311,theater_images/6253.jpg,1921,1986,,Closed,4,Cinema Treasures,https://cinematreasures.org/theaters/6253,9/15/26,,,,,high,,,,,,,,,,,,,,
6913,RKO Franklin Theatre,B.S. Moss' Franklin Theatre,"887 Prospect Avenue, Bronx, NY 10459",Bronx,40.8210352,-73.9010802,https://photos.cinematreasures.org/production/photos/21166/1313062626/large.JPG?1313062626,theater_images/6913.jpg,1921,unknown,,Closed,1,Cinema Treasures,https://cinematreasures.org/theaters/6913,9/15/26,,,,,medium,"Not stated on source page: closing year. Current-address audit found no confirmed continuation of this theater; it is closed, but the closing year is unknown.",Match,Exact,"887 PROSPECT AVE, BRONX, NY, 10459",40.82093814,-73.90117747,Prospect Avenue,highway,tertiary,closed_unknown_date,medium,U.S. Census Geocoder; OpenStreetMap via Photon and Overpass,9/16/26,No matching current theater was found at the geocoded address. Closing date remains unknown.
4136,RKO Greenpoint Theatre,"Greenpoint Theatre, B.F. Keith's Greenpoint Theatre","825 Manhattan Avenue, Brooklyn, NY 11222",Brooklyn,40.72825,-73.953699,https://photos.cinematreasures.org/production/photos/208066/1493902930/large.jpg?1493902930,theater_images/4136.jpg,1908,1965,,Closed,1,Cinema Treasures,https://cinematreasures.org/theaters/4136,9/15/26,,,,,high,,,,,,,,,,,,,,
1353,RKO Hamilton Theatre,B.F. Keith's Hamilton Theatre,"3560 Broadway, New York, NY 10031",Manhattan,40.8271536,-73.9500704,https://photos.cinematreasures.org/production/photos/29787/1319949350/large.jpg?1319949350,theater_images/1353.jpg,1913,1965,2022,Closed,1,Cinema Treasures,https://cinematreasures.org/theaters/1353,9/15/26,,,,,high,,,,,,,,,,,,,,
1357,RKO Jefferson Theatre,B.F. Keith's Jefferson Theatre,"214 E. 14th Street, New York, NY 10003",Manhattan,40.73249,-73.986819,https://photos.cinematreasures.org/production/photos/26929/1316652929/large.jpg?1316652929,theater_images/1357.jpg,1913,unknown,,Closed,1,Cinema Treasures,https://cinematreasures.org/theaters/1357,9/15/26,,,,,medium,"Not stated on source page: closing year. Current-address audit found no confirmed continuation of this theater; it is closed, but the closing year is unknown.",Match,Exact,"214 E 14TH ST, NEW YORK, NY, 10003",40.73302554,-73.98670291,East 14th Street & 3rd Avenue,highway,bus_stop,closed_unknown_date,medium,U.S. Census Geocoder; OpenStreetMap via Photon and Overpass,9/16/26,No matching current theater was found at the geocoded address. Closing date remains unknown.
3972,RKO Keith's Richmond Hill Theatre,B.F. Keith's Theatre,"117-09 Hillside Avenue, Queens, NY 11418",Queens,40.7004053,-73.8325804,https://photos.cinematreasures.org/production/photos/7167/1309033694/large.jpg?1309033694,theater_images/3972.jpg,1929,1968,,Closed,1,Cinema Treasures,https://cinematreasures.org/theaters/3972,9/15/26,,,,,high,,,,,,,,,,,,,,
834,RKO Keith's Theatre,"Keith-Albee Theatre, Keith's Theatre, RKO Keith's Flushing Triplex","135-35 Northern Boulevard, Flushing, NY 11354",Queens,40.7630972,-73.8322227,https://photos.cinematreasures.org/production/photos/21494/1313205851/large.jpg?1313205851,theater_images/834.jpg,1928,1986,1976,Closed,3,Cinema Treasures,https://cinematreasures.org/theaters/834,9/15/26,,,,,low,Most recent stated closing year retained.,,,,,,,,,,,,,
4621,RKO Madison Theatre,B.S. Moss' Madison Theatre,"54-30 Myrtle Avenue, Ridgewood, NY 11385",Queens,40.6996798,-73.909559,https://photos.cinematreasures.org/production/photos/242629/1526162838/large.jpg?1526162838,theater_images/4621.jpg,1927,1978,,Closed,1,Cinema Treasures,https://cinematreasures.org/theaters/4621,9/15/26,,,,,high,,,,,,,,,,,,,,
1364,RKO Marble Hill Theatre,Marble Hill Theatre,"5625 Broadway, Bronx, NY 10463",Bronx,40.8794201,-73.9044079,https://photos.cinematreasures.org/production/photos/128831/1435025262/large.jpg?1435025262,theater_images/1364.jpg,1928,1967,,Closed,1,Cinema Treasures,https://cinematreasures.org/theaters/1364,9/15/26,,,,,low,Closing year is approximate (1967).,,,,,,,,,,,,,
1853,RKO National Twin,"Mann's National Theatre, RKO Century National Twin","1500 Broadway, New York, NY 10036",Manhattan,40.756547,-73.985903,https://photos.cinematreasures.org/production/photos/7464/1309113340/large.jpg?1309113340,theater_images/1853.jpg,1972,1998,,Closed,2,Cinema Treasures,https://cinematreasures.org/theaters/1853,9/15/26,,,,,high,,,,,,,,,,,,,,
1924,RKO Orpheum Theatre,"Orpheum Theatre, B.F. Keith's Orpheum Theatre","578 Fulton Street, Brooklyn, NY 11217",Brooklyn,40.6882393,-73.9793212,https://photos.cinematreasures.org/production/photos/45858/1338413235/large.jpg?1338413235,theater_images/1924.jpg,1900,1953,,Closed,1,Cinema Treasures,https://cinematreasures.org/theaters/1924,9/15/26,,,,,low,Most recent stated closing year retained.,,,,,,,,,,,,,
9022,RKO Pelham Theatre,Pelham Theatre,"2126 White Plains Road, Bronx, NY 10467",Bronx,40.8568691,-73.867551,https://photos.cinematreasures.org/production/photos/55850/1348090062/large.jpg?1348090062,theater_images/9022.jpg,,unknown,,Closed,1,Cinema Treasures,https://cinematreasures.org/theaters/9022,9/15/26,,,,,medium,"Not stated on source page: opening year, closing year. Current-address audit found no confirmed continuation of this theater; it is closed, but the closing year is unknown.",Match,Non_Exact,"2126 WHITE PLAINS RD, BRONX, NY, 10462",40.85412802,-73.86763918,2138,place,house,closed_unknown_date,medium,U.S. Census Geocoder; OpenStreetMap via Photon and Overpass,9/16/26,No matching current theater was found at the geocoded address. Closing date remains unknown.
1298,RKO Proctor's 125th Street Theatre,"Columbus Theatre, Miner's Theatre, Proctor's Theatre, Keith & Proctor's 125th Street Theatre, RKO 125th Street Theatre","112-118 E. 125th Street, New York, NY 10035",Manhattan,40.8047779,-73.938414,https://photos.cinematreasures.org/production/photos/196055/1482939713/large.gif?1482939713,theater_images/1298.gif,1899,1953,,Closed,1,Cinema Treasures,https://cinematreasures.org/theaters/1298,9/15/26,,,,,high,,,,,,,,,,,,,,
5990,RKO Proctor's 58th Street Theatre,"Proctor's East 58th Street Theatre, RKO 58th Street Theatre","154 E. 58th Street, New York, NY 10022",Manhattan,40.7612421,-73.9678202,https://photos.cinematreasures.org/production/photos/172214/1466955479/large.gif?1466955479,theater_images/5990.gif,1928,1967,,Closed,1,Cinema Treasures,https://cinematreasures.org/theaters/5990,9/15/26,,,,,high,,,,,,,,,,,,,,
14769,RKO Proctor's Twenty-Third Street Theatre,"Proctor's Twenty-Third Street Theatre, Keith & Proctor's Twenty-Third Street Theatre, Bijou Dream Theatre, Barclay Theatre","139 W. 23rd Street, New York, NY 10011",Manhattan,40.7435837,-73.9943604,https://photos.cinematreasures.org/production/photos/145951/1448391113/large.jpg?1448391113,theater_images/14769.jpg,,1937,,Closed,1,Cinema Treasures,https://cinematreasures.org/theaters/14769,9/15/26,,,,,medium,Not stated on source page: opening year.,,,,,,,,,,,,,
1390,RKO Prospect Theatre,"Prospect Theatre, B.F. Keith's Prospect Theatre","327 9th Street, Brooklyn, NY 11215",Brooklyn,40.6688692,-73.9856187,https://photos.cinematreasures.org/production/photos/131332/1437677513/large.jpg?1437677513,theater_images/1390.jpg,1914,1967,,Closed,1,Cinema Treasures,https://cinematreasures.org/theaters/1390,9/15/26,,,,,high,,,,,,,,,,,,,,
6912,RKO Royal Theatre,"Royal Theatre, Keith's Royal Theatre","423 Westchester Avenue, Bronx, NY 10455",Bronx,40.816717,-73.915701,https://photos.cinematreasures.org/production/photos/188777/1477502498/large.gif?1477502498,theater_images/6912.gif,1913,1968,,Closed,1,Cinema Treasures,https://cinematreasures.org/theaters/6912,9/15/26,,,,,high,,,,,,,,,,,,,,
3877,RKO Shore Road Theatre,Shore Road Theatre,"435 86th Street, Brooklyn, NY 11209",Brooklyn,40.622216,-74.0273756,https://photos.cinematreasures.org/production/photos/7023/1308933836/large.jpg?1308933836,theater_images/3877.jpg,1924,1951,,Closed,1,Cinema Treasures,https://cinematreasures.org/theaters/3877,9/15/26,,,,,high,,,,,,,,,,,,,,
3973,RKO Strand Theatre,B.S. Moss' Strand Theatre,"714 Beach 20th Street, Far Rockaway, NY 11691",Queens,40.601759,-73.752583,https://photos.cinematreasures.org/production/photos/172371/1467131001/large.gif?1467131001,theater_images/3973.gif,1919,unknown,,Closed,1,Cinema Treasures,https://cinematreasures.org/theaters/3973,9/15/26,,,,,medium,"Not stated on source page: closing year. Current-address audit found no confirmed continuation of this theater; it is closed, but the closing year is unknown.",Tie,,,,,14-Jul,building,yes,closed_unknown_date,medium,U.S. Census Geocoder; OpenStreetMap via Photon and Overpass,9/16/26,No matching current theater was found at the geocoded address. Closing date remains unknown.
2975,RKO Warner Twin Theatre,"Mark Strand Theatre, Strand Theatre, Warner Theatre, Cinerama I & II Theatre, RKO Cinerama Theatre, Penthouse Theatre, Cine Orleans (Off Broadway) Theatre","1579 Broadway, New York, NY 10036",Manhattan,40.7596446,-73.9849957,https://photos.cinematreasures.org/production/photos/242613/1526159022/large.jpg?1526159022,theater_images/2975.jpg,1914,1952,,Closed,2,Cinema Treasures,https://cinematreasures.org/theaters/2975,9/15/26,,,,,high,,,,,,,,,,,,,,
4664,Rochdale Cinema,Rochdale Theatre,"165-02 Baisley Boulevard, Jamaica, NY 11434",Queens,40.6790374,-73.7782936,https://photos.cinematreasures.org/production/photos/194928/1481563070/large.JPG?1481563070,theater_images/4664.jpg,1966,1991,,Closed,1,Cinema Treasures,https://cinematreasures.org/theaters/4664,9/15/26,,,,,low,Closing year is approximate (1991).,,,,,,,,,,,,,
6586,Rogers Theater,,"333 Rogers Avenue, Brooklyn, NY 11225",Brooklyn,40.6650409,-73.9536274,https://photos.cinematreasures.org/production/photos/7036/1308938951/large.jpg?1308938951,theater_images/6586.jpg,1936,1967,,Closed,1,Cinema Treasures,https://cinematreasures.org/theaters/6586,9/15/26,,,,,low,Most recent stated closing year retained.,,,,,,,,,,,,,
10966,Rogers Theatre,"Lyceum, Broadway Lyceum, Broadway Park","835 Broadway, Brooklyn, NY 11206",Brooklyn,40.699287,-73.938916,https://photos.cinematreasures.org/production/photos/140154/1445531862/large.jpg?1445531862,theater_images/10966.jpg,,unknown,,Closed,1,Cinema Treasures,https://cinematreasures.org/theaters/10966,9/15/26,,,,,medium,"Not stated on source page: opening year, closing year. Current-address audit found no confirmed continuation of this theater; it is closed, but the closing year is unknown.",Match,Exact,"835 BROADWAY, BROOKLYN, NY, 11206",40.69911558,-73.93891833,Broadway,highway,primary,closed_unknown_date,medium,U.S. Census Geocoder; OpenStreetMap via Photon and Overpass,9/16/26,No matching current theater was found at the geocoded address. Closing date remains unknown.
20208,Roma Theater,,"178 1st Avenue, New York, NY 10009",Manhattan,40.729099,-73.9838089,https://photos.cinematreasures.org/production/photos/204875/1490314338/large.jpg?1490314338,theater_images/20208.jpg,,unknown,,Closed,1,Cinema Treasures,https://cinematreasures.org/theaters/20208,9/15/26,,,,,medium,"Not stated on source page: opening year, closing year. Current-address audit found no confirmed continuation of this theater; it is closed, but the closing year is unknown.",Match,Exact,"178 1ST AVE, NEW YORK, NY, 10009",40.72924301,-73.98402454,1st Avenue,highway,primary,closed_unknown_date,medium,U.S. Census Geocoder; OpenStreetMap via Photon and Overpass,9/16/26,No matching current theater was found at the geocoded address. Closing date remains unknown.
42057,Ronly Theatre,,"1980 Fulton Street, Brooklyn, NY 11233",Brooklyn,40.678489,-73.919441,https://photos.cinematreasures.org/production/photos/137999/1443718206/large.JPG?1443718206,theater_images/42057.jpg,1913,1923,,Closed,1,Cinema Treasures,https://cinematreasures.org/theaters/42057,9/15/26,,,,,high,,,,,,,,,,,,,,
72828,Rooftop Cinema Club - Midtown,,"60 W. 37th Street, New York, NY 10018",Manhattan,40.751177,-73.9859209,https://photos.cinematreasures.org/production/photos/492325/1755038639/large.jpg?1755038639,theater_images/72828.jpg,2025,,,Open (Showing movies),1,Cinema Treasures,https://cinematreasures.org/theaters/72828,9/15/26,,,,,high,,,,,,,,,,,,,,
4042,Roosevelt Theatre,,"88-10 Jamaica Avenue, Woodhaven, NY 11421",Queens,40.692674,-73.8561541,https://photos.cinematreasures.org/production/photos/112824/1416184810/large.jpg?1416184810,theater_images/4042.jpg,1921,unknown,,Closed,1,Cinema Treasures,https://cinematreasures.org/theaters/4042,9/15/26,,,,,medium,"Not stated on source page: closing year. Current-address audit found no confirmed continuation of this theater; it is closed, but the closing year is unknown.",Match,Exact,"88-10 JAMAICA AVE, WOODHAVEN, NY, 11421",40.69262505,-73.85625928,87-26,building,yes,closed_unknown_date,medium,U.S. Census Geocoder; OpenStreetMap via Photon and Overpass,9/16/26,No matching current theater was found at the geocoded address. Closing date remains unknown.
12574,Roosevelt Theatre,RKO Roosevelt Theatre,"2497 Adam Clayton Powell Jr. Boulevard, New York, NY 10030",Manhattan,40.8212992,-73.938792,https://photos.cinematreasures.org/production/photos/207998/1493741908/large.png?1493741908,theater_images/12574.png,,1978,,Closed,1,Cinema Treasures,https://cinematreasures.org/theaters/12574,9/15/26,,,,,medium,Not stated on source page: opening year.,,,,,,,,,,,,,
40160,Rose Garden Theatre,,"1680 Broadway, New York, NY 10019",Manhattan,40.762935,-73.982499,https://photos.cinematreasures.org/production/photos/270891/1556751406/large.jpg?1556751406,theater_images/40160.jpg,1914,unknown,,Closed,1,Cinema Treasures,https://cinematreasures.org/theaters/40160,9/15/26,,,,,medium,"Not stated on source page: closing year. Current-address audit found no confirmed continuation of this theater; it is closed, but the closing year is unknown.",Match,Exact,"1680 BROADWAY, NEW YORK, NY, 10019",40.76287725,-73.98303253,Broadway,highway,tertiary,closed_unknown_date,medium,U.S. Census Geocoder; OpenStreetMap via Photon and Overpass,9/16/26,"A nearby mapped venue matched part of the name, but review did not confirm it as the same historical theater; the theater is closed and its closing year remains unknown."
8178,Rose Theatre,,"182 W. 102nd Street, New York, NY 10025",Manhattan,40.7977402,-73.9672893,https://photos.cinematreasures.org/production/photos/66273/1360353213/large.jpg?1360353213,theater_images/8178.jpg,1926,1941,,Closed,1,Cinema Treasures,https://cinematreasures.org/theaters/8178,9/15/26,,,,,low,Opening year is an upper bound ('prior to/before 1926'). Closing year is approximate (1941). Most recent stated closing year retained.,,,,,,,,,,,,,
8093,Rosedale Theatre,,"1791 Westchester Avenue, Bronx, NY 10472",Bronx,40.8316329,-73.866175,https://photos.cinematreasures.org/production/photos/261978/1544483859/large.jpg?1544483859,theater_images/8093.jpg,1926,unknown,,Closed,1,Cinema Treasures,https://cinematreasures.org/theaters/8093,9/15/26,,,,,medium,"Not stated on source page: closing year. Current-address audit found no confirmed continuation of this theater; it is closed, but the closing year is unknown.",Match,Exact,"1791 WESTCHESTER AVE, BRONX, NY, 10472",40.83181528,-73.86679165,1781,place,house,closed_unknown_date,medium,U.S. Census Geocoder; OpenStreetMap via Photon and Overpass,9/16/26,No matching current theater was found at the geocoded address. Closing date remains unknown.
10372,Rosemary Theater,,"133 Canal Street, New York, NY 10002",Manhattan,40.7164848,-73.9955753,https://photos.cinematreasures.org/production/photos/112173/1415320262/large.jpg?1415320262,theater_images/10372.jpg,1982,1996,,Closed,1,Cinema Treasures,https://cinematreasures.org/theaters/10372,9/15/26,,,,,high,,,,,,,,,,,,,,
9225,Roulette Performing Arts,"Eden Theatre, Milo Theatre, Flora Theatre","201 Atlantic Avenue, Brooklyn, NY 11201",Brooklyn,40.6899642,-73.9928225,https://photos.cinematreasures.org/production/photos/261948/1544450138/large.jpg?1544450138,theater_images/9225.jpg,1914,,,Open,1,Cinema Treasures,https://cinematreasures.org/theaters/9225,9/15/26,,,,,high,,,,,,,,,,,,,,
58138,Roxy Cinema Tribeca,Tribeca Grand,"2 6th Avenue, New York, NY 10013",Manhattan,40.7194042,-74.0049023,https://photos.cinematreasures.org/production/photos/248033/1530999044/large.jpeg?1530999044,theater_images/58138.jpeg,,,,Open (Showing movies),1,Cinema Treasures,https://cinematreasures.org/theaters/58138,9/15/26,,,,unresolved_high_priority,medium,Not stated on source page: opening year. External research did not identify a defensible exact opening year.,,,,,,,,,,,,,
556,Roxy Theatre,,"153 W. 50th Street, New York, NY 10020",Manhattan,40.7610107,-73.9830294,https://photos.cinematreasures.org/production/photos/4330/1308112504/large.jpg?1308112504,theater_images/556.jpg,1926,2022,,Closed,1,Cinema Treasures,https://cinematreasures.org/theaters/556,9/15/26,,,,,low,Most recent stated closing year retained.,,,,,,,,,,,,,
69945,Roxy Three Theaters,,"212 W. 42nd Street, New York, NY 10036",Manhattan,40.756057,-73.9875272,https://photos.cinematreasures.org/production/photos/432128/1711520032/large.jpg?1711520032,theater_images/69945.jpg,2009,unknown,,Closed,3,Cinema Treasures,https://cinematreasures.org/theaters/69945,9/15/26,,,,,medium,"Not stated on source page: closing year. Current-address audit found no confirmed continuation of this theater; it is closed, but the closing year is unknown.",Match,Exact,"212 W 42ND ST, NEW YORK, NY, 10036",40.75615028,-73.98738544,214,place,house,closed_unknown_date,medium,U.S. Census Geocoder; OpenStreetMap via Photon and Overpass,9/16/26,No matching current theater was found at the geocoded address. Closing date remains unknown.
9680,Royal Theatre,,"655 10th Avenue, New York, NY 10036",Manhattan,40.7623679,-73.993507,https://photos.cinematreasures.org/production/photos/230750/1515627358/large.jpg?1515627358,theater_images/9680.jpg,1918,1950,1945,Closed,1,Cinema Treasures,https://cinematreasures.org/theaters/9680,9/15/26,,,,,low,Most recent stated closing year retained.,,,,,,,,,,,,,
41700,Royal Theatre,M & S Royal Theatre,"210 Grand Street, New York, NY 10013",Manhattan,40.719171,-73.9961189,https://photos.cinematreasures.org/production/photos/75314/1372183401/large.JPG?1372183401,theater_images/41700.jpg,1926,1929,,Closed,1,Cinema Treasures,https://cinematreasures.org/theaters/41700,9/15/26,,,,,low,Opening year is an upper bound ('prior to/before 1926').,,,,,,,,,,,,,
13541,Ruby Theatre,,"105-9 Rivington Street, New York, NY 10002",Manhattan,40.7200037,-73.9881268,https://photos.cinematreasures.org/production/photos/362496/1641913063/large.JPG?1641913063,theater_images/13541.jpg,1926,1940,,Closed,1,Cinema Treasures,https://cinematreasures.org/theaters/13541,9/15/26,,,,,high,,,,,,,,,,,,,,
3922,Rugby Theatre,Rugby Twin,"823 Utica Avenue, Brooklyn, NY 11203",Brooklyn,40.65292,-73.930156,https://photos.cinematreasures.org/production/photos/143831/1447567751/large.jpg?1447567751,theater_images/3922.jpg,1926,1986,,Closed,2,Cinema Treasures,https://cinematreasures.org/theaters/3922,9/15/26,,,,,high,,,,,,,,,,,,,,
13580,Rutgers Theatre,Rutgers Vaudeville Theatre,"39 Rutgers Street, New York, NY 10002",Manhattan,40.7124067,-73.989897,https://photos.cinematreasures.org/production/photos/366068/1647133921/large.png?1647133921,theater_images/13580.png,1914,unknown,,Closed,1,Cinema Treasures,https://cinematreasures.org/theaters/13580,9/15/26,,,,,medium,"Not stated on source page: closing year. Current-address audit found no confirmed continuation of this theater; it is closed, but the closing year is unknown.",Match,Exact,"39 RUTGERS ST, NEW YORK, NY, 10002",40.71237033,-73.9898488,Madison Street,highway,residential,closed_unknown_date,medium,U.S. Census Geocoder; OpenStreetMap via Photon and Overpass,9/16/26,No matching current theater was found at the geocoded address. Closing date remains unknown.
2097,S.V.A. Theatre,"RKO 23rd Street Cinema, 23rd Street West Cinema, 23rd Street West Triplex, Chelsea West Twin Cinemas, Visual Arts Theatre","333 W. 23rd Street, New York, NY 10011",Manhattan,40.745927,-73.999747,https://photos.cinematreasures.org/production/photos/1943/1307057614/large.JPG?1307057614,theater_images/2097.jpg,1963,,,Open (Showing movies),2,Cinema Treasures,https://cinematreasures.org/theaters/2097,9/15/26,,,,,high,,,,,,,,,,,,,,
31435,Samuel J. Friedman Theater,"Chanin's Biltmore Theatre, Biltmore Theatre","261 W. 47th Street, New York, NY 10036",Manhattan,40.760379,-73.986725,https://photos.cinematreasures.org/production/photos/99278/1399438990/large.jpg?1399438990,theater_images/31435.jpg,1925,,,Open,1,Cinema Treasures,https://cinematreasures.org/theaters/31435,9/15/26,,,,,high,,,,,,,,,,,,,,
17577,San Francisco Adult Movies,,"1541 Broadway, New York, NY 10036",Manhattan,40.758139,-73.9855679,,,1972,unknown,,Closed,1,Cinema Treasures,https://cinematreasures.org/theaters/17577,9/15/26,,,,,medium,"Not stated on source page: closing year, image. Current-address audit found no confirmed continuation of this theater; it is closed, but the closing year is unknown.",Match,Exact,"1541 BROADWAY, NEW YORK, NY, 10036",40.75844262,-73.985478,Broadway,highway,pedestrian,closed_unknown_date,medium,U.S. Census Geocoder; OpenStreetMap via Photon and Overpass,9/16/26,No matching current theater was found at the geocoded address. Closing date remains unknown.
41561,Saratoga Theatre,,"401 Saratoga Avenue, Brooklyn, NY 11233",Brooklyn,40.6717801,-73.9167693,https://photos.cinematreasures.org/production/photos/78587/1376314782/large.JPG?1376314782,theater_images/41561.jpg,1913,unknown,,Closed,,Cinema Treasures,https://cinematreasures.org/theaters/41561,9/15/26,,,,,medium,"Not stated on source page: closing year. Current-address audit found no confirmed continuation of this theater; it is closed, but the closing year is unknown.",Match,Exact,"401 SARATOGA AVE, BROOKLYN, NY, 11233",40.67204531,-73.91682422,403,building,house,closed_unknown_date,medium,U.S. Census Geocoder; OpenStreetMap via Photon and Overpass,9/16/26,No matching current theater was found at the geocoded address. Closing date remains unknown.
3387,Savoy Theatre,Schley Music Hall,"112 W. 34th Street, New York, NY 10120",Manhattan,40.749811,-73.989053,https://photos.cinematreasures.org/production/photos/164217/1459962349/large.gif?1459962349,theater_images/3387.gif,,1952,,Closed,1,Cinema Treasures,https://cinematreasures.org/theaters/3387,9/15/26,,,,,medium,Not stated on source page: opening year.,,,,,,,,,,,,,
6069,Savoy Theatre,Fox Savoy Theatre,"1515 Bedford Avenue, Brooklyn, NY 11216",Brooklyn,40.671247,-73.954408,https://photos.cinematreasures.org/production/photos/43806/1336255321/large.jpg?1336255321,theater_images/6069.jpg,1928,unknown,,Closed,1,Cinema Treasures,https://cinematreasures.org/theaters/6069,9/15/26,,,,,medium,"Not stated on source page: closing year. Current-address audit found no confirmed continuation of this theater; it is closed, but the closing year is unknown.",Match,Exact,"1515 BEDFORD AVE, BROOKLYN, NY, 11216",40.6712892,-73.95476707,1511,place,house,closed_unknown_date,medium,U.S. Census Geocoder; OpenStreetMap via Photon and Overpass,9/16/26,No matching current theater was found at the geocoded address. Closing date remains unknown.
6529,Savoy Theatre,Rialto Theatre,"152-04 Jamaica Avenue, Jamaica, NY 11433",Queens,40.7023921,-73.8034211,https://photos.cinematreasures.org/production/photos/83709/1381414649/large.jpg?1381414649,theater_images/6529.jpg,1920,unknown,1929,Closed,1,Cinema Treasures,https://cinematreasures.org/theaters/6529,9/15/26,,,,,medium,"Not stated on source page: closing year. Current-address audit found no confirmed continuation of this theater; it is closed, but the closing year is unknown.",Match,Non_Exact,"152-04 JAMAICA AVE, JAMAICA, NY, 11432",40.70212155,-73.80426078,Jamaica Avenue & 150th Street,highway,bus_stop,closed_unknown_date,medium,U.S. Census Geocoder; OpenStreetMap via Photon and Overpass,9/16/26,No matching current theater was found at the geocoded address. Closing date remains unknown.
7704,Savoy Theatre,,"852 Flatbush Avenue, Brooklyn, NY 11226",Brooklyn,40.6516734,-73.9591941,,,1915,1915,,Closed,1,Cinema Treasures,https://cinematreasures.org/theaters/7704,9/15/26,,,,,low,Opening year is approximate (1915). Closing year is approximate (1915). Most recent stated closing year retained. Not stated on source page: image.,,,,,,,,,,,,,
7997,Savoy Theatre,"Hughes Theatre, Cinelli's Italian-American Savoy","2341 Hughes Avenue, Bronx, NY 10458",Bronx,40.8542526,-73.8876938,https://photos.cinematreasures.org/production/photos/161273/1457567099/large.jpg?1457567099,theater_images/7997.jpg,,1970,,Closed,1,Cinema Treasures,https://cinematreasures.org/theaters/7997,9/15/26,,,,,medium,Not stated on source page: opening year.,,,,,,,,,,,,,
31754,Schuyler Theatre,,"251 W. 82nd Street, New York, NY 10024",Manhattan,40.7858413,-73.9786734,https://photos.cinematreasures.org/production/photos/218199/1504976873/large.JPG?1504976873,theater_images/31754.jpg,,unknown,,Closed,1,Cinema Treasures,https://cinematreasures.org/theaters/31754,9/15/26,,,,,medium,"Not stated on source page: opening year, closing year. Current-address audit found no confirmed continuation of this theater; it is closed, but the closing year is unknown.",Match,Exact,"251 W 82ND ST, NEW YORK, NY, 10024",40.78549671,-73.97769764,West 82nd Street,highway,residential,closed_unknown_date,medium,U.S. Census Geocoder; OpenStreetMap via Photon and Overpass,9/16/26,No matching current theater was found at the geocoded address. Closing date remains unknown.
10967,Scott Theatre,"Atlantic Theatre, Monterey Theatre","70 Atlantic Avenue, Brooklyn, NY 11418",Queens,40.6905374,-73.8417713,,,1909,1941,,Closed,1,Cinema Treasures,https://cinematreasures.org/theaters/10967,9/15/26,,,,,medium,Not stated on source page: image.,,,,,,,,,,,,,
11983,Screw Cinema,"New Capri Cinema, Capri Cinema","738 8th Avenue, New York, NY 10036",Manhattan,40.7594674,-73.9879916,https://photos.cinematreasures.org/production/photos/117527/1423347054/large.jpg?1423347054,theater_images/11983.jpg,1969,1978,,Closed,1,Cinema Treasures,https://cinematreasures.org/theaters/11983,9/15/26,,,,,high,,,,,,,,,,,,,,
3884,Seaview Theater,,"Rockaway Parkway, Brooklyn, NY 11236",Brooklyn,40.642005,-73.898828,https://photos.cinematreasures.org/production/photos/121009/1427656623/large.jpg?1427656623,theater_images/3884.jpg,1961,1961,,Closed,1,Cinema Treasures,https://cinematreasures.org/theaters/3884,9/15/26,,,,,high,,,,,,,,,,,,,,
10995,Select Theater,Chester Theater,"1671 Pitkin Avenue, Brooklyn, NY 11212",Brooklyn,40.6698329,-73.911505,https://photos.cinematreasures.org/production/photos/78916/1376666496/large.JPG?1376666496,theater_images/10995.jpg,1914,1928,,Closed,1,Cinema Treasures,https://cinematreasures.org/theaters/10995,9/15/26,,,,,low,Most recent stated closing year retained.,,,,,,,,,,,,,
11002,Select Theater,,"1425 Williamsbridge Road, Bronx, NY 10461",Bronx,40.8416733,-73.8436681,,,,1927,,Closed,1,Cinema Treasures,https://cinematreasures.org/theaters/11002,9/15/26,,,,,low,"Closing year is approximate (1927). Not stated on source page: opening year, image.",,,,,,,,,,,,,
4083,Senate Theatre,,"7311 18th Avenue, Brooklyn, NY 11204",Brooklyn,40.6143002,-73.9950324,https://photos.cinematreasures.org/production/photos/32757/1325521260/large.jpg?1325521260,theater_images/4083.jpg,1926,1958,,Closed,1,Cinema Treasures,https://cinematreasures.org/theaters/4083,9/15/26,,,,,high,,,,,,,,,,,,,,
3446,Sheepshead Theatre,,"1722 Sheepshead Bay Road, Brooklyn, NY 11235",Brooklyn,40.585482,-73.9516615,https://photos.cinematreasures.org/production/photos/67836/1362005136/large.PNG?1362005136,theater_images/3446.png,1929,1970,,Closed,1,Cinema Treasures,https://cinematreasures.org/theaters/3446,9/15/26,,,,,high,,,,,,,,,,,,,,
8812,Sheffield Theatre,,"308 Sheffield Avenue, Brooklyn, NY 11207",Brooklyn,40.6696058,-73.8963166,https://photos.cinematreasures.org/production/photos/180380/1473537222/large.jpg?1473537222,theater_images/8812.jpg,1917,1931,,Closed,1,Cinema Treasures,https://cinematreasures.org/theaters/8812,9/15/26,,,,,low,Most recent stated closing year retained.,,,,,,,,,,,,,
4081,Sheldon Theatre,Sommer Theatre,"1648 Sheepshead Bay Road, Brooklyn, NY 11235",Brooklyn,40.5866493,-73.9524967,,,1921,1953,1931,Closed,1,Cinema Treasures,https://cinematreasures.org/theaters/4081,9/15/26,,,,,low,Most recent stated closing year retained. Not stated on source page: image.,,,,,,,,,,,,,
24681,Sheridan Theatre,,"1149 Liberty Avenue, Brooklyn, NY 11208",Brooklyn,40.6787522,-73.8668633,https://photos.cinematreasures.org/production/photos/139914/1445340933/large.JPG?1445340933,theater_images/24681.jpg,1917,1933,,Closed,1,Cinema Treasures,https://cinematreasures.org/theaters/24681,9/15/26,,,,,low,Opening year is an upper bound ('prior to/before 1917').,,,,,,,,,,,,,
595,Shore Theatre,"Loew's Coney Island Theatre, Brandt's Shore Theatre","1301 Surf Avenue, Brooklyn, NY 11224",Brooklyn,40.575946,-73.981686,https://photos.cinematreasures.org/production/photos/43378/1335735667/large.jpg?1335735667,theater_images/595.jpg,1925,1973,,Closed,1,Cinema Treasures,https://cinematreasures.org/theaters/595,9/15/26,,,,,low,Closing year is approximate (1973).,,,,,,,,,,,,,
23978,Show Palace Theatre,,"670 8th Avenue, New York, NY 10036",Manhattan,40.7576346,-73.9894722,https://photos.cinematreasures.org/production/photos/60945/1352939123/large.jpg?1352939123,theater_images/23978.jpg,1976,1995,,Closed,1,Cinema Treasures,https://cinematreasures.org/theaters/23978,9/15/26,,,,,low,Opening year represents an approximate decade reference (1976).,,,,,,,,,,,,,
13588,Silver Star Playhouse,"Rome Theatre, Park Row Theatre","223 Park Row, New York, NY 10038",Manhattan,40.7132712,-73.9990184,https://photos.cinematreasures.org/production/photos/41809/1334068031/large.jpg?1334068031,theater_images/13588.jpg,1926,unknown,,Closed,1,Cinema Treasures,https://cinematreasures.org/theaters/13588,9/15/26,,,,,medium,"Not stated on source page: closing year. Current-address audit found no confirmed continuation of this theater; it is closed, but the closing year is unknown.",Match,Exact,"223 PARK ROW, NEW YORK, NY, 10038",40.71324996,-73.99921157,Park Row,highway,residential,closed_unknown_date,medium,U.S. Census Geocoder; OpenStreetMap via Photon and Overpass,9/16/26,No matching current theater was found at the geocoded address. Closing date remains unknown.
66081,Skyline Drive-In NYC,,"1 Oak Street, Brooklyn, NY 11222",Brooklyn,40.7274771,-73.9611545,https://photos.cinematreasures.org/production/photos/356873/1633974131/large.png?1633974131,theater_images/66081.png,2020,unknown,,Closed,1,Cinema Treasures,https://cinematreasures.org/theaters/66081,9/15/26,,,,,medium,"Not stated on source page: closing year. Current-address audit found no confirmed continuation of this theater; it is closed, but the closing year is unknown.",Match,Exact,"1 OAK ST, BROOKLYN, NY, 11222",40.72767419,-73.95883157,64,building,yes,closed_unknown_date,medium,U.S. Census Geocoder; OpenStreetMap via Photon and Overpass,9/16/26,No matching current theater was found at the geocoded address. Closing date remains unknown.
8373,Soho Playhouse,"Thalia Soho, Vandam Theatre, Le Cinematographe","15 Vandam Street, New York, NY 10013",Manhattan,40.7265299,-74.004373,https://photos.cinematreasures.org/production/photos/176940/1471468206/large.jpg?1471468206,theater_images/8373.jpg,1961,,,Open,1,Cinema Treasures,https://cinematreasures.org/theaters/8373,9/15/26,SoHo Playhouse,https://www.sohoplayhouse.com/our-history,9/15/26,verified_external,high,Opening year verified from SoHo Playhouse.,,,,,,,,,,,,,
1941,Sony Trylon Theater,"Trylon Theater, Loew's Trylon Theater","98-81 Queens Boulevard, Rego Park, NY 11374",Queens,40.727965,-73.855178,https://photos.cinematreasures.org/production/photos/79543/1377307249/large.jpg?1377307249,theater_images/1941.jpg,1939,1999,,Closed,1,Cinema Treasures,https://cinematreasures.org/theaters/1941,9/15/26,,,,,high,,,,,,,,,,,,,,
36271,Spectacle Theater,,"124 S. 3rd Street, Brooklyn, NY 11211",Brooklyn,40.712901,-73.963505,https://photos.cinematreasures.org/production/photos/75455/1372347663/large.JPG?1372347663,theater_images/36271.jpg,2010,,,Open (Showing movies),1,Cinema Treasures,https://cinematreasures.org/theaters/36271,9/15/26,Spectacle Theater,https://www.spectacletheater.com/about/,9/15/26,verified_external,high,Opening year verified from Spectacle Theater.,,,,,,,,,,,,,
8209,Square Theatre,,"58 Westchester Square, Bronx, NY 10461",Bronx,40.8413853,-73.8430355,https://photos.cinematreasures.org/production/photos/123692/1430096101/large.jpg?1430096101,theater_images/8209.jpg,,unknown,,Closed,1,Cinema Treasures,https://cinematreasures.org/theaters/8209,9/15/26,,,,,medium,"Not stated on source page: opening year, closing year. Current-address audit found no confirmed continuation of this theater; it is closed, but the closing year is unknown.",Match,Exact,"58 WESTCHESTER SQ, BRONX, NY, 10461",40.8412044,-73.84283478,East Tremont Avenue / Westchester Square,highway,secondary,closed_unknown_date,medium,U.S. Census Geocoder; OpenStreetMap via Photon and Overpass,9/16/26,No matching current theater was found at the geocoded address. Closing date remains unknown.
9226,Square Theatre,"Meriden Theatre, New Meriden Theatre","21-20 Newtown Avenue, Astoria, NY 11102",Queens,40.771578,-73.9256,https://photos.cinematreasures.org/production/photos/262747/1546009197/large.gif?1546009197,theater_images/9226.gif,1910,unknown,,Closed,1,Cinema Treasures,https://cinematreasures.org/theaters/9226,9/15/26,,,,,medium,"Not stated on source page: closing year. Current-address audit found no confirmed continuation of this theater; it is closed, but the closing year is unknown.",Match,Exact,"21-20 NEWTOWN AVE, ASTORIA, NY, 11102",40.77177015,-73.92543483,NY Best Auto Repair Inc,shop,car_repair,closed_unknown_date,medium,U.S. Census Geocoder; OpenStreetMap via Photon and Overpass,9/16/26,No matching current theater was found at the geocoded address. Closing date remains unknown.
72935,SS Normandie,USS Lafayette,"660 12th Avenue, New York, NY 10019",Manhattan,40.7657202,-73.99719,https://photos.cinematreasures.org/production/photos/495158/1757634330/large.jpg?1757634330,theater_images/72935.jpg,,unknown,,Closed,1,Cinema Treasures,https://cinematreasures.org/theaters/72935,9/15/26,,,,,medium,"Not stated on source page: opening year, closing year. Current-address audit found no confirmed continuation of this theater; it is closed, but the closing year is unknown.",Match,Exact,"660 12TH AVE, NEW YORK, NY, 10019",40.76602589,-73.99710033,West 49th Street,highway,secondary,closed_unknown_date,medium,U.S. Census Geocoder; OpenStreetMap via Photon and Overpass,9/16/26,No matching current theater was found at the geocoded address. Closing date remains unknown.
8140,St. Albans Theatre,,"190-01 Linden Boulevard, St. Albans, NY 11412",Queens,40.6921823,-73.7611259,https://photos.cinematreasures.org/production/photos/12572/1310690422/large.JPG?1310690422,theater_images/8140.jpg,,unknown,,Closed,1,Cinema Treasures,https://cinematreasures.org/theaters/8140,9/15/26,,,,,medium,"Not stated on source page: opening year, closing year. Current-address audit found no confirmed continuation of this theater; it is closed, but the closing year is unknown.",Match,Exact,"190-01 LINDEN BLVD, SAINT ALBANS, NY, 11412",40.6920712,-73.76106004,Linden Boulevard,highway,secondary,closed_unknown_date,medium,U.S. Census Geocoder; OpenStreetMap via Photon and Overpass,9/16/26,No matching current theater was found at the geocoded address. Closing date remains unknown.
3881,St. George Playhouse,Pineapple Street Cinema,"100 Pineapple Street, Brooklyn, NY 11201",Brooklyn,40.6980894,-73.992754,https://photos.cinematreasures.org/production/photos/68256/1362236210/large.PNG?1362236210,theater_images/3881.png,1927,1965,,Closed,1,Cinema Treasures,https://cinematreasures.org/theaters/3881,9/15/26,,,,,high,,,,,,,,,,,,,,
1865,St. George Theatre,,"25 Hyatt Street, Staten Island, NY 10301",Staten Island,40.6420915,-74.076801,https://photos.cinematreasures.org/production/photos/188286/1477235369/large.gif?1477235369,theater_images/1865.gif,1978,,,Open (Showing movies),1,Cinema Treasures,https://cinematreasures.org/theaters/1865,9/15/26,,,,,high,,,,,,,,,,,,,,
11089,St. Marks Cinema,"Astor Theatre, St. Marks Theatre","133 2nd Avenue, New York, NY 10003",Manhattan,40.7288382,-73.987842,https://photos.cinematreasures.org/production/photos/363009/1642652568/large.jpeg?1642652568,theater_images/11089.jpeg,,unknown,,Closed,1,Cinema Treasures,https://cinematreasures.org/theaters/11089,9/15/26,,,,,medium,"Not stated on source page: opening year, closing year. Current-address audit found no confirmed continuation of this theater; it is closed, but the closing year is unknown.",Match,Exact,"133 2ND AVE, NEW YORK, NY, 10003",40.72866943,-73.98770143,Xing Fu Tang,amenity,cafe,closed_unknown_date,medium,U.S. Census Geocoder; OpenStreetMap via Photon and Overpass,9/16/26,No matching current theater was found at the geocoded address. Closing date remains unknown.
21119,St. Thomas Aquinas Airdrome,,"Fourth Avenue and 249 Ninth Street, Brooklyn, NY 11215",Brooklyn,40.6703114,-73.9886424,,,,unknown,,Closed,1,Cinema Treasures,https://cinematreasures.org/theaters/21119,9/15/26,,,,,medium,"Not stated on source page: opening year, closing year, image. Current-address audit found no confirmed continuation of this theater; it is closed, but the closing year is unknown.",Match,Non_Exact,"4TH AVE & 9TH ST, BROOKLYN, NY, 11215",40.67034375,-73.98872406,9th Street,highway,secondary,closed_unknown_date,medium,U.S. Census Geocoder; OpenStreetMap via Photon and Overpass,9/16/26,No matching current theater was found at the geocoded address. Closing date remains unknown.
3383,Stadium Theatre,New Stadium Theatre,"217 Main Street, Staten Island, NY 10307",Staten Island,40.509972,-74.247069,https://photos.cinematreasures.org/production/photos/8123/1309369626/large.jpg?1309369626,theater_images/3383.jpg,1927,1957,,Closed,1,Cinema Treasures,https://cinematreasures.org/theaters/3383,9/15/26,,,,,high,,,,,,,,,,,,,,
8259,Stadium Theatre,,"102 Chester Street, Brooklyn, NY 11212",Brooklyn,40.669129,-73.911816,https://photos.cinematreasures.org/production/photos/189209/1477811887/large.jpg?1477811887,theater_images/8259.jpg,,unknown,,Closed,1,Cinema Treasures,https://cinematreasures.org/theaters/8259,9/15/26,,,,,medium,"Not stated on source page: opening year, closing year. Current-address audit found no confirmed continuation of this theater; it is closed, but the closing year is unknown.",Match,Exact,"102 CHESTER ST, BROOKLYN, NY, 11212",40.66824729,-73.91140772,143,building,yes,closed_unknown_date,medium,U.S. Census Geocoder; OpenStreetMap via Photon and Overpass,9/16/26,No matching current theater was found at the geocoded address. Closing date remains unknown.
15018,Stadium Theatre,Sun Theatre,"2180 3rd Avenue, New York, NY 10035",Manhattan,40.7998648,-73.9386514,https://photos.cinematreasures.org/production/photos/212910/1499135173/large.jpg?1499135173,theater_images/15018.jpg,1921,1944,,Closed,1,Cinema Treasures,https://cinematreasures.org/theaters/15018,9/15/26,,,,,high,,,,,,,,,,,,,,
42238,Standard Theatre,Motionland Theatre,"134 Wyckoff Avenue, Brooklyn, NY 11237",Brooklyn,40.703042,-73.917674,,,,1912,,Closed,1,Cinema Treasures,https://cinematreasures.org/theaters/42238,9/15/26,,,,,medium,"Not stated on source page: opening year, image.",,,,,,,,,,,,,
7836,Stanley Theatre,Colonial Theatre,"7415 5th Avenue, Brooklyn, NY 11209",Brooklyn,40.629738,-74.022167,https://photos.cinematreasures.org/production/photos/263855/1547682131/large.jpg?1547682131,theater_images/7836.jpg,,unknown,,Closed,1,Cinema Treasures,https://cinematreasures.org/theaters/7836,9/15/26,,,,,medium,"Not stated on source page: opening year, closing year. Current-address audit found no confirmed continuation of this theater; it is closed, but the closing year is unknown.",Match,Exact,"7415 5TH AVE, BROOKLYN, NY, 11209",40.63014513,-74.02228677,T.C.A. Income Tax & Accounting,office,accountant,closed_unknown_date,medium,U.S. Census Geocoder; OpenStreetMap via Photon and Overpass,9/16/26,No matching current theater was found at the geocoded address. Closing date remains unknown.
11514,Stanley Theatre,,"586 7th Avenue, New York, NY 10036",Manhattan,40.7557702,-73.9871725,https://photos.cinematreasures.org/production/photos/215793/1502320632/large.jpg?1502320632,theater_images/11514.jpg,1914,1956,,Closed,1,Cinema Treasures,https://cinematreasures.org/theaters/11514,9/15/26,,,,,low,Opening year is approximate (1914).,,,,,,,,,,,,,
7871,Star Theatre,"Fox Star Theatre, Teatro Boricua","1716 Lexington Avenue, New York, NY 10029",Manhattan,40.79303,-73.9457257,https://photos.cinematreasures.org/production/photos/154502/1452714413/large.gif?1452714413,theater_images/7871.gif,1955,unknown,,Closed,1,Cinema Treasures,https://cinematreasures.org/theaters/7871,9/15/26,,,,,medium,"Not stated on source page: closing year. Current-address audit found no confirmed continuation of this theater; it is closed, but the closing year is unknown.",Match,Exact,"1716 LEXINGTON AVE, NEW YORK, NY, 10029",40.79284094,-73.94593234,Spectrum,shop,telecommunication,closed_unknown_date,medium,U.S. Census Geocoder; OpenStreetMap via Photon and Overpass,9/16/26,No matching current theater was found at the geocoded address. Closing date remains unknown.
10629,Star Theatre,,"960 Southern Boulevard, Bronx, NY 10459",Bronx,40.821831,-73.89194,https://photos.cinematreasures.org/production/photos/233093/1518248059/large.jpg?1518248059,theater_images/10629.jpg,1914,unknown,,Closed,1,Cinema Treasures,https://cinematreasures.org/theaters/10629,9/15/26,,,,,medium,"Not stated on source page: closing year. Current-address audit found no confirmed continuation of this theater; it is closed, but the closing year is unknown.",Match,Exact,"960 SOUTHERN BLVD, BRONX, NY, 10459",40.82172698,-73.89163748,948,place,house,closed_unknown_date,medium,U.S. Census Geocoder; OpenStreetMap via Photon and Overpass,9/16/26,No matching current theater was found at the geocoded address. Closing date remains unknown.
16808,Star Theatre,,"505 Richmond Terrace, Staten Island, NY 10301",Staten Island,40.6466333,-74.0890303,https://photos.cinematreasures.org/production/photos/269682/1555455738/large.jpg?1555455738,theater_images/16808.jpg,,1954,,Closed,1,Cinema Treasures,https://cinematreasures.org/theaters/16808,9/15/26,,,,,medium,Not stated on source page: opening year.,,,,,,,,,,,,,
24176,Star Theatre,Holmes Star Theatre,"389 Jay Street, Brooklyn, NY 11201",Brooklyn,40.6919375,-73.9872846,https://photos.cinematreasures.org/production/photos/263604/1547336414/large.jpg?1547336414,theater_images/24176.jpg,1890,unknown,,Closed,1,Cinema Treasures,https://cinematreasures.org/theaters/24176,9/15/26,,,,,medium,"Not stated on source page: closing year. Current-address audit found no confirmed continuation of this theater; it is closed, but the closing year is unknown.",Match,Exact,"389 JAY ST, BROOKLYN, NY, 11201",40.69213763,-73.98722792,Jay Street,highway,tertiary,closed_unknown_date,medium,U.S. Census Geocoder; OpenStreetMap via Photon and Overpass,9/16/26,No matching current theater was found at the geocoded address. Closing date remains unknown.
31569,Star Theatre,,"136 3rd Avenue, New York, NY 10003",Manhattan,40.7337325,-73.9869102,https://photos.cinematreasures.org/production/photos/209503/1495771341/large.jpg?1495771341,theater_images/31569.jpg,,unknown,,Closed,1,Cinema Treasures,https://cinematreasures.org/theaters/31569,9/15/26,,,,,medium,"Not stated on source page: opening year, closing year. Current-address audit found no confirmed continuation of this theater; it is closed, but the closing year is unknown.",Match,Exact,"136 3RD AVE, NEW YORK, NY, 10003",40.73314471,-73.98737402,Gen Korean BBQ House,amenity,restaurant,closed_unknown_date,medium,U.S. Census Geocoder; OpenStreetMap via Photon and Overpass,9/16/26,No matching current theater was found at the geocoded address. Closing date remains unknown.
41502,Star Theatre,,"555 Grand Street, Brooklyn, NY 11211",Brooklyn,40.711355,-73.949333,https://photos.cinematreasures.org/production/photos/77321/1375020061/large.JPG?1375020061,theater_images/41502.jpg,1912,1914,,Closed,1,Cinema Treasures,https://cinematreasures.org/theaters/41502,9/15/26,,,,,high,,,,,,,,,,,,,,
17370,Starlight Park Theatre,,"Bronx, NY",Bronx,,,,,,1943,,Closed,1,Cinema Treasures,https://cinematreasures.org/theaters/17370,9/15/26,,,,,medium,"Not stated on source page: opening year, coordinates, image.",,,,,,,,,,,,,
8018,Starr Theater,,"233 Knickerbocker Avenue, Brooklyn, NY 11237",Brooklyn,40.7028945,-73.9255047,https://photos.cinematreasures.org/production/photos/165289/1461211384/large.jpg?1461211384,theater_images/8018.jpg,1926,1968,,Closed,1,Cinema Treasures,https://cinematreasures.org/theaters/8018,9/15/26,,,,,high,,,,,,,,,,,,,,
4867,State Theatre,Fox State Theatre,"492 DeKalb Avenue, Brooklyn, NY 11205",Brooklyn,40.6907154,-73.9569316,https://photos.cinematreasures.org/production/photos/158357/1455305769/large.jpg?1455305769,theater_images/4867.jpg,1921,1965,,Closed,1,Cinema Treasures,https://cinematreasures.org/theaters/4867,9/15/26,,,,,high,,,,,,,,,,,,,,
8864,State Theatre,,"106-05 Rockaway Boulevard, Queens, NY 11417",Queens,40.6803166,-73.842019,,,1940,unknown,,Closed,1,Cinema Treasures,https://cinematreasures.org/theaters/8864,9/15/26,,,,,low,"Opening year is an upper bound ('prior to/before 1940'). Not stated on source page: closing year, image. Current-address audit found no confirmed continuation of this theater; it is closed, but the closing year is unknown.",Match,Non_Exact,"106-05 ROCKAWAY BLVD, OZONE PARK, NY, 11417",40.67862058,-73.83289422,Rockaway Boulevard,highway,primary,closed_unknown_date,medium,U.S. Census Geocoder; OpenStreetMap via Photon and Overpass,9/16/26,No matching current theater was found at the geocoded address. Closing date remains unknown.
10705,Staten Island Drive-In,,"2875 Richmond Avenue, Staten Island, NY 10314",Staten Island,40.5792969,-74.1693363,https://photos.cinematreasures.org/production/photos/208924/1495071181/large.jpg?1495071181,theater_images/10705.jpg,1948,1965,,Closed,1,Cinema Treasures,https://cinematreasures.org/theaters/10705,9/15/26,,,,,high,,,,,,,,,,,,,,
16804,Staten Theatre,New Dorp Theatre,"135 New Dorp Lane, Staten Island, NY 10306",Staten Island,40.5738927,-74.1158325,https://photos.cinematreasures.org/production/photos/95028/1392570998/large.jpg?1392570998,theater_images/16804.jpg,,1930,,Closed,1,Cinema Treasures,https://cinematreasures.org/theaters/16804,9/15/26,,,,,medium,Not stated on source page: opening year.,,,,,,,,,,,,,
44542,Steeplechase Theatre,,"Rockaway Beach Boulevard, Rockaway Beach, NY 11694",Queens,40.5772468,-73.8448513,,,1915,unknown,,Closed,1,Cinema Treasures,https://cinematreasures.org/theaters/44542,9/15/26,,,,,medium,"Not stated on source page: closing year, image. Current-address audit found no confirmed continuation of this theater; it is closed, but the closing year is unknown.",No_Match,,,,,Rockaway Beach Boulevard & Beach 125th Street,highway,bus_stop,closed_unknown_date,medium,U.S. Census Geocoder; OpenStreetMap via Photon and Overpass,9/16/26,No matching current theater was found at the geocoded address. Closing date remains unknown.
7378,Steinway Theatre,,"31-08 Steinway Street, Astoria, NY 11103",Queens,40.761166,-73.917607,https://photos.cinematreasures.org/production/photos/9148/1309738728/large.JPG?1309738728,theater_images/7378.jpg,,unknown,1935,Closed,1,Cinema Treasures,https://cinematreasures.org/theaters/7378,9/15/26,,,,,medium,"Not stated on source page: opening year, closing year. Current-address audit found no confirmed continuation of this theater; it is closed, but the closing year is unknown.",Match,Exact,"31-08 STEINWAY ST, ASTORIA, NY, 11103",40.76111403,-73.91734195,Steinway Street & 31st Avenue,highway,bus_stop,closed_unknown_date,medium,U.S. Census Geocoder; OpenStreetMap via Photon and Overpass,9/16/26,No matching current theater was found at the geocoded address. Closing date remains unknown.
3905,Stillwell Theatre,,"2402 86th Street, Brooklyn, NY 11214",Brooklyn,40.59899,-73.9892103,https://photos.cinematreasures.org/production/photos/94558/1391947328/large.PNG?1391947328,theater_images/3905.png,1927,1952,,Closed,1,Cinema Treasures,https://cinematreasures.org/theaters/3905,9/15/26,,,,,high,,,,,,,,,,,,,,
3367,Stoddard Theatre,"Standard Theatre, Brandt's Stoddard Theatre","2433 Broadway, New York, NY 10024",Manhattan,40.7906938,-73.9748149,https://photos.cinematreasures.org/production/photos/85008/1382580231/large.jpg?1382580231,theater_images/3367.jpg,1914,1956,,Closed,1,Cinema Treasures,https://cinematreasures.org/theaters/3367,9/15/26,,,,,high,,,,,,,,,,,,,,
8425,Stone Theatre,,"389 Mother Gaston Boulevard, Brooklyn, NY 11212",Brooklyn,40.6695906,-73.9068027,https://photos.cinematreasures.org/production/photos/145604/1448297582/large.png?1448297582,theater_images/8425.png,1920,1966,,Closed,1,Cinema Treasures,https://cinematreasures.org/theaters/8425,9/15/26,,,,,high,,,,,,,,,,,,,,
2479,Strand Theatre,,"23 Nelson Avenue, Staten Island, NY 10308",Staten Island,40.5494335,-74.1506324,https://photos.cinematreasures.org/production/photos/94977/1392497675/large.JPG?1392497675,theater_images/2479.jpg,,1957,,Closed,1,Cinema Treasures,https://cinematreasures.org/theaters/2479,9/15/26,,,,,medium,Not stated on source page: opening year.,,,,,,,,,,,,,
6929,Strand Theatre,,"22-15 Broadway, Astoria, NY 11106",Queens,40.7624821,-73.9264285,https://photos.cinematreasures.org/production/photos/163481/1459098095/large.gif?1459098095,theater_images/6929.gif,1941,unknown,,Closed,1,Cinema Treasures,https://cinematreasures.org/theaters/6929,9/15/26,,,,,medium,"Not stated on source page: closing year. Current-address audit found no confirmed continuation of this theater; it is closed, but the closing year is unknown.",No_Match,,,,,Family Market,shop,supermarket,closed_unknown_date,medium,U.S. Census Geocoder; OpenStreetMap via Photon and Overpass,9/16/26,No matching current theater was found at the geocoded address. Closing date remains unknown.
27036,Strand Theatre,,"23 Nelson Avenue, Staten Island, NY 10308",Staten Island,40.5494227,-74.150601,https://photos.cinematreasures.org/production/photos/295021/1578098558/large.jpg?1578098558,theater_images/27036.jpg,,1930,,Closed,1,Cinema Treasures,https://cinematreasures.org/theaters/27036,9/15/26,,,,,medium,Not stated on source page: opening year.,,,,,,,,,,,,,
64677,Stuart Cinema & Cafe,,"79 West Street, Brooklyn, NY 11222",Brooklyn,40.7293113,-73.9595895,https://photos.cinematreasures.org/production/photos/341183/1617036142/large.jpeg?1617036142,theater_images/64677.jpeg,2018,2026,2021,Closed,1,Cinema Treasures,https://cinematreasures.org/theaters/64677,9/15/26,,,,,low,Most recent stated closing year retained.,,,,,,,,,,,,,
73794,Stuart Cinema and Cafe,,"37-18 Northern Boulevard, Long Island City, NY 11101",Queens,40.7519244,-73.9254192,https://photos.cinematreasures.org/production/photos/513107/1776974780/large.jpg?1776974780,theater_images/73794.jpg,2027,,,Open (Showing movies),2,Cinema Treasures,https://cinematreasures.org/theaters/73794,9/15/26,,,,,high,,,,,,,,,,,,,,
4087,Subway Theater,Ace Theater,"158 Myrtle Avenue, Brooklyn, NY 11201",Brooklyn,40.693609,-73.9828613,https://photos.cinematreasures.org/production/photos/6841/1308849184/large.jpg?1308849184,theater_images/4087.jpg,,unknown,,Closed,1,Cinema Treasures,https://cinematreasures.org/theaters/4087,9/15/26,,,,,medium,"Not stated on source page: opening year, closing year. Current-address audit found no confirmed continuation of this theater; it is closed, but the closing year is unknown.",Match,Exact,"158 MYRTLE AVE, BROOKLYN, NY, 11201",40.69356833,-73.98261648,Prince Street,highway,residential,closed_unknown_date,medium,U.S. Census Geocoder; OpenStreetMap via Photon and Overpass,9/16/26,No matching current theater was found at the geocoded address. Closing date remains unknown.
12052,Sumner Theatre,,"265 Marcus Garvey Boulevard, Brooklyn, NY 11221",Brooklyn,40.68854,-73.93879,https://photos.cinematreasures.org/production/photos/6496/1308692794/large.jpg?1308692794,theater_images/12052.jpg,1914,1967,,Closed,1,Cinema Treasures,https://cinematreasures.org/theaters/12052,9/15/26,,,,,high,,,,,,,,,,,,,,
23776,Sun Ray Theatre,Pearl Theatre,"1903 Broadway, Brooklyn, NY 11207",Brooklyn,40.6803834,-73.9060333,https://photos.cinematreasures.org/production/photos/77370/1375031924/large.JPG?1375031924,theater_images/23776.jpg,1914,1932,,Closed,1,Cinema Treasures,https://cinematreasures.org/theaters/23776,9/15/26,,,,,low,Most recent stated closing year retained.,,,,,,,,,,,,,
10396,Sun Sing Theatre,"Florence Theatre, New Strand Theatre, New China Theatre, New Canton Theatre","75-85 E. Broadway, New York, NY 10002",Manhattan,40.713638,-73.9938729,https://photos.cinematreasures.org/production/photos/44141/1336587735/large.jpg?1336587735,theater_images/10396.jpg,1921,1995,1935,Closed,1,Cinema Treasures,https://cinematreasures.org/theaters/10396,9/15/26,,,,,low,Closing year is approximate (1995). Most recent stated closing year retained.,,,,,,,,,,,,,
9301,Sun Theatre,"Gold Theatre, Gem Theatre","637 Broadway, Brooklyn, NY 11206",Brooklyn,40.702819,-73.9455124,https://photos.cinematreasures.org/production/photos/178329/1472469754/large.png?1472469754,theater_images/9301.png,1912,1959,,Closed,1,Cinema Treasures,https://cinematreasures.org/theaters/9301,9/15/26,,,,,high,,,,,,,,,,,,,,
6112,Sunnyside Theatre,,"50-19 Roosevelt Avenue, Woodside, NY 11377",Queens,40.7447041,-73.9107816,https://photos.cinematreasures.org/production/photos/176844/1471349640/large.jpg?1471349640,theater_images/6112.jpg,1926,unknown,,Closed,1,Cinema Treasures,https://cinematreasures.org/theaters/6112,9/15/26,,,,,medium,"Not stated on source page: closing year. Current-address audit found no confirmed continuation of this theater; it is closed, but the closing year is unknown.",Match,Exact,"50-19 ROOSEVELT AVE, WOODSIDE, NY, 11377",40.74357715,-73.91463893,Roosevelt Avenue,highway,secondary,closed_unknown_date,medium,U.S. Census Geocoder; OpenStreetMap via Photon and Overpass,9/16/26,No matching current theater was found at the geocoded address. Closing date remains unknown.
4084,Sunset Theater,Vaudeau Theater,"4705 Fifth Avenue, Brooklyn, NY 11220",Brooklyn,40.646487,-74.008518,https://photos.cinematreasures.org/production/photos/7005/1308929115/large.jpg?1308929115,theater_images/4084.jpg,,1950,,Closed,1,Cinema Treasures,https://cinematreasures.org/theaters/4084,9/15/26,,,,,medium,Not stated on source page: opening year.,,,,,,,,,,,,,
21234,Sunset Theater,,"316 W. 125th Street, New York, NY 10027",Manhattan,40.8104597,-73.9519035,https://photos.cinematreasures.org/production/photos/196923/1483602851/large.png?1483602851,theater_images/21234.png,,unknown,,Closed,1,Cinema Treasures,https://cinematreasures.org/theaters/21234,9/15/26,,,,,medium,"Not stated on source page: opening year, closing year. Current-address audit found no confirmed continuation of this theater; it is closed, but the closing year is unknown.",Match,Exact,"316 W 125TH ST, NEW YORK, NY, 10027",40.81041888,-73.95191421,West 125th Street & Frederick Douglass Boulevard,highway,bus_stop,closed_unknown_date,medium,U.S. Census Geocoder; OpenStreetMap via Photon and Overpass,9/16/26,No matching current theater was found at the geocoded address. Closing date remains unknown.
1907,Sunshine Cinema,"Sunshine Theatre, Chopin Theatre","143 E. Houston Street, New York, NY 10002",Manhattan,40.7231316,-73.9899553,https://photos.cinematreasures.org/production/photos/12/1305912727/large.jpg?1305912727,theater_images/1907.jpg,1916,2018,2001,Closed,5,Cinema Treasures,https://cinematreasures.org/theaters/1907,9/15/26,,,,,low,Opening year is approximate (1916). Most recent stated closing year retained.,,,,,,,,,,,,,
13547,Superior Theatre,"Hitchcock's Third Avenue Theatre, Jacob's Third Avenue Theatre, Keaney's Third Avenue Theatre","443 3rd Avenue, New York, NY 10002",Manhattan,40.7435025,-73.9794033,https://photos.cinematreasures.org/production/photos/215291/1501632289/large.jpg?1501632289,theater_images/13547.jpg,1875,unknown,,Closed,1,Cinema Treasures,https://cinematreasures.org/theaters/13547,9/15/26,,,,,medium,"Not stated on source page: closing year. Current-address audit found no confirmed continuation of this theater; it is closed, but the closing year is unknown.",Match,Non_Exact,"443 3RD AVE, NEW YORK, NY, 10016",40.74357742,-73.9796039,Cafe Mania,shop,cannabis,closed_unknown_date,medium,U.S. Census Geocoder; OpenStreetMap via Photon and Overpass,9/16/26,No matching current theater was found at the geocoded address. Closing date remains unknown.
47755,Superior Theatre,,"403 E. 81st Street, New York, NY 10028",Manhattan,40.7735673,-73.9514674,https://photos.cinematreasures.org/production/photos/142954/1447171012/large.jpg?1447171012,theater_images/47755.jpg,1926,1930,,Closed,1,Cinema Treasures,https://cinematreasures.org/theaters/47755,9/15/26,,,,,low,Opening year is an upper bound ('prior to/before 1926').,,,,,,,,,,,,,
7305,Supreme Theater,,"530 Livonia Avenue, Brooklyn, NY 11207",Brooklyn,40.6641921,-73.897716,https://photos.cinematreasures.org/production/photos/198430/1484617868/large.png?1484617868,theater_images/7305.png,1918,1956,,Closed,1,Cinema Treasures,https://cinematreasures.org/theaters/7305,9/15/26,,,,,high,,,,,,,,,,,,,,
3915,Surf Theater,,"3117 Surf Avenue, Brooklyn, NY",Brooklyn,40.573098,-73.997882,https://photos.cinematreasures.org/production/photos/268343/1554073282/large.jpg?1554073282,theater_images/3915.jpg,,unknown,,Closed,1,Cinema Treasures,https://cinematreasures.org/theaters/3915,9/15/26,,,,,medium,"Not stated on source page: opening year, closing year. Current-address audit found no confirmed continuation of this theater; it is closed, but the closing year is unknown.",Parse_Failure,,,,,3121,building,yes,closed_unknown_date,medium,U.S. Census Geocoder; OpenStreetMap via Photon and Overpass,9/16/26,No matching current theater was found at the geocoded address. Closing date remains unknown.
3888,Surfside Twins,"Jerry Lewis Cinema, Surfside Cinema","103-22 Rockaway Beach Boulevard, Rockaway Park, NY 11693",Queens,40.5822785,-73.8288015,https://photos.cinematreasures.org/production/photos/241014/1524682074/large.jpg?1524682074,theater_images/3888.jpg,1971,1996,1981,Closed,2,Cinema Treasures,https://cinematreasures.org/theaters/3888,9/15/26,,,,,high,,,,,,,,,,,,,,
7995,Surrey Theatre,,"66 E. Mount Eden Avenue, Bronx, NY 10452",Bronx,40.843481,-73.913677,https://photos.cinematreasures.org/production/photos/48224/1341282388/large.jpg?1341282388,theater_images/7995.jpg,1935,unknown,,Closed,1,Cinema Treasures,https://cinematreasures.org/theaters/7995,9/15/26,,,,,medium,"Not stated on source page: closing year. Current-address audit found no confirmed continuation of this theater; it is closed, but the closing year is unknown.",Match,Non_Exact,"66 MOUNT EDEN AVE, BRONX, NY, 10452",40.84381824,-73.91361341,50,place,house,closed_unknown_date,medium,U.S. Census Geocoder; OpenStreetMap via Photon and Overpass,9/16/26,No matching current theater was found at the geocoded address. Closing date remains unknown.
3967,Sutter Theatre,"Stratford Theatre, Tony's Movie House","1 Sutter Avenue, Brooklyn, NY 11212",Brooklyn,40.6654086,-73.9231267,https://photos.cinematreasures.org/production/photos/264770/1549151564/large.jpg?1549151564,theater_images/3967.jpg,1927,1977,1974,Closed,1,Cinema Treasures,https://cinematreasures.org/theaters/3967,9/15/26,,,,,high,,,,,,,,,,,,,,
308,Sutton Theater,Sutton 1 & 2,"205 E. 57th Street, New York, NY 10022",Manhattan,40.7600464,-73.9670082,https://photos.cinematreasures.org/production/photos/1612/1306952102/large.jpg?1306952102,theater_images/308.jpg,,2004,,Closed,2,Cinema Treasures,https://cinematreasures.org/theaters/308,9/15/26,,,,,medium,Not stated on source page: opening year.,,,,,,,,,,,,,
285,Symphony Space/Leonard Nimoy Thalia Theatre,Thalia Theatre,"250 W. 95th Street, New York, NY 10025",Manhattan,40.7939345,-73.97221,https://photos.cinematreasures.org/production/photos/495202/1757681443/large.jpg?1757681443,theater_images/285.jpg,1931,,,Open (Showing movies),1,Cinema Treasures,https://cinematreasures.org/theaters/285,9/15/26,,,,,high,,,,,,,,,,,,,,
14084,Symphony Space/Peter Jay Sharp Theatre,Symphony Theatre,"2537 Broadway, New York, NY 10025",Manhattan,40.79397,-73.9724142,https://photos.cinematreasures.org/production/photos/36724/1330184786/large.jpg?1330184786,theater_images/14084.jpg,1918,,,Open (Showing movies),1,Cinema Treasures,https://cinematreasures.org/theaters/14084,9/15/26,,,,,high,,,,,,,,,,,,,,
51494,Syndicated Theater,,"40 Bogart Street, Brooklyn, NY 11206",Brooklyn,40.7049909,-73.9331037,https://photos.cinematreasures.org/production/photos/155527/1453317243/large.jpg?1453317243,theater_images/51494.jpg,2016,,,Open (Showing movies),1,Cinema Treasures,https://cinematreasures.org/theaters/51494,9/15/26,,,,,high,,,,,,,,,,,,,,
18057,Teatro Latino,"Pastime Theatre, Harlem 5th Avenue Theatre, Nile Theatre, Teatro San Jose, Teatro Borinquen, Teatro Variedades, Grant Theatre","1314 5th Avenue, New York, NY 10026",Manhattan,40.7973037,-73.9489714,https://photos.cinematreasures.org/production/photos/178473/1472550501/large.jpg?1472550501,theater_images/18057.jpg,1924,unknown,,Closed,1,Cinema Treasures,https://cinematreasures.org/theaters/18057,9/15/26,,,,,medium,"Not stated on source page: closing year. Current-address audit found no confirmed continuation of this theater; it is closed, but the closing year is unknown.",Match,Exact,"1314 5TH AVE, NEW YORK, NY, 10026",40.79738333,-73.94894564,5th Avenue,highway,secondary,closed_unknown_date,medium,U.S. Census Geocoder; OpenStreetMap via Photon and Overpass,9/16/26,No matching current theater was found at the geocoded address. Closing date remains unknown.
10639,Teatro Santurce,"Mt. Morris Theatre, Teatro Campoamor, Teatro Cervantes, Radio Teatro Hispano, Teatro Hispano","1421 5th Avenue, New York, NY 10035",Manhattan,40.800762,-73.945946,https://photos.cinematreasures.org/production/photos/220307/1507313108/large.jpg?1507313108,theater_images/10639.jpg,1911,,,Open,1,Cinema Treasures,https://cinematreasures.org/theaters/10639,9/15/26,,,,,low,Opening year is an upper bound ('prior to/before 1911').,,,,,,,,,,,,,
3870,Terminal Theatre,,"47 4th Avenue, Brooklyn, NY 11217",Brooklyn,40.6828729,-73.9791086,https://photos.cinematreasures.org/production/photos/131315/1437613273/large.jpg?1437613273,theater_images/3870.jpg,1926,unknown,,Closed,1,Cinema Treasures,https://cinematreasures.org/theaters/3870,9/15/26,,,,,medium,"Not stated on source page: closing year. Current-address audit found no confirmed continuation of this theater; it is closed, but the closing year is unknown.",Match,Exact,"47 4TH AVE, BROOKLYN, NY, 11217",40.68277768,-73.97931962,4th Avenue,highway,primary,closed_unknown_date,medium,U.S. Census Geocoder; OpenStreetMap via Photon and Overpass,9/16/26,No matching current theater was found at the geocoded address. Closing date remains unknown.
7660,Terrace Theater,,"361 W. 23rd Street, New York, NY 10011",Manhattan,40.7461295,-74.0004413,https://photos.cinematreasures.org/production/photos/263507/1547124947/large.jpg?1547124947,theater_images/7660.jpg,1937,1960,,Closed,1,Cinema Treasures,https://cinematreasures.org/theaters/7660,9/15/26,,,,,high,,,,,,,,,,,,,,
54358,The Cinemas New York,iPic Fulton Market,"11 Fulton Street, New York, NY 10038",Manhattan,40.7067825,-74.0032893,https://photos.cinematreasures.org/production/photos/194027/1480806706/large.jpg?1480806706,theater_images/54358.jpg,2016,,,Open (Showing movies),8,Cinema Treasures,https://cinematreasures.org/theaters/54358,9/15/26,,,,,high,,,,,,,,,,,,,,
4698,Theatre 80 St. Marks,Theatre 80,"80 St. Marks Place, New York, NY 10003",Manhattan,40.7277184,-73.9856303,https://photos.cinematreasures.org/production/photos/21573/1313261321/large.JPG?1313261321,theater_images/4698.jpg,,unknown,,Closed,1,Cinema Treasures,https://cinematreasures.org/theaters/4698,9/15/26,,,,,medium,"Not stated on source page: opening year, closing year. Current-address audit found no confirmed continuation of this theater; it is closed, but the closing year is unknown.",Match,Exact,"80 SAINT MARKS PL, NEW YORK, NY, 10003",40.72772885,-73.98576814,William Barnacle Tavern,amenity,bar,closed_unknown_date,medium,U.S. Census Geocoder; OpenStreetMap via Photon and Overpass,9/16/26,"A nearby mapped venue matched part of the name, but review did not confirm it as the same historical theater; the theater is closed and its closing year remains unknown."
72664,Theatre Row Building,Emerging Cinema,"410 W. 42nd Street, New York, NY 10036",Manhattan,40.7583763,-73.9934141,,,1978,,2019,Open,5,Cinema Treasures,https://cinematreasures.org/theaters/72664,9/15/26,,,,,medium,Not stated on source page: image.,,,,,,,,,,,,,
21833,Theatre Unique,,"136 E. 14th Street, New York, NY 10003",Manhattan,40.7337067,-73.9882194,https://photos.cinematreasures.org/production/photos/193787/1480656177/large.jpg?1480656177,theater_images/21833.jpg,1926,unknown,,Closed,1,Cinema Treasures,https://cinematreasures.org/theaters/21833,9/15/26,,,,,medium,"Not stated on source page: closing year. Current-address audit found no confirmed continuation of this theater; it is closed, but the closing year is unknown.",Match,Exact,"136 E 14TH ST, NEW YORK, NY, 10003",40.73358681,-73.98803599,East 14th Street,highway,residential,closed_unknown_date,medium,U.S. Census Geocoder; OpenStreetMap via Photon and Overpass,9/16/26,No matching current theater was found at the geocoded address. Closing date remains unknown.
41484,Thompson's Moving Pictures Theatre,,"Boardwalk, Rockaway Beach, NY 11693",Queens,,,https://photos.cinematreasures.org/production/photos/73788/1369708116/large.jpg?1369708116,theater_images/41484.jpg,,unknown,,Closed,,Cinema Treasures,https://cinematreasures.org/theaters/41484,9/15/26,,,,,medium,"Not stated on source page: opening year, closing year, coordinates. Current-address audit found no confirmed continuation of this theater; it is closed, but the closing year is unknown.",No_Match,,,,,,,,closed_unknown_date,low,U.S. Census Geocoder; OpenStreetMap via Photon and Overpass,9/16/26,No matching current theater was found at the geocoded address. Closing date remains unknown.
20007,Throop Theater,,"963 Myrtle Avenue, Brooklyn, NY 11206",Brooklyn,40.6959805,-73.9441212,https://photos.cinematreasures.org/production/photos/264726/1549069599/large.jpg?1549069599,theater_images/20007.jpg,,unknown,,Closed,1,Cinema Treasures,https://cinematreasures.org/theaters/20007,9/15/26,,,,,medium,"Not stated on source page: opening year, closing year. Current-address audit found no confirmed continuation of this theater; it is closed, but the closing year is unknown.",Match,Exact,"963 MYRTLE AVE, BROOKLYN, NY, 11206",40.69595024,-73.94470877,Ivory Styles,shop,beauty,closed_unknown_date,medium,U.S. Census Geocoder; OpenStreetMap via Photon and Overpass,9/16/26,No matching current theater was found at the geocoded address. Closing date remains unknown.
11712,Tiffany Theatre,"Chester Theatre, New Chester Theatre","357 Chester Street, Brooklyn, NY 11212",Brooklyn,40.6629276,-73.9101181,https://photos.cinematreasures.org/production/photos/125596/1432003017/large.jpg?1432003017,theater_images/11712.jpg,1923,1956,,Closed,1,Cinema Treasures,https://cinematreasures.org/theaters/11712,9/15/26,,,,,low,Most recent stated closing year retained.,,,,,,,,,,,,,
18986,Tilden Airdrome,,"Nostrand Avenue, Brooklyn, NY 11226",Brooklyn,40.6485417,-73.9493292,https://photos.cinematreasures.org/production/photos/429713/1706441335/large.jpg?1706441335,theater_images/18986.jpg,,unknown,,Closed,1,Cinema Treasures,https://cinematreasures.org/theaters/18986,9/15/26,,,,,medium,"Not stated on source page: opening year, closing year. Current-address audit found no confirmed continuation of this theater; it is closed, but the closing year is unknown.",No_Match,,,,,Nostrand Avenue & Snyder Avenue,highway,bus_stop,closed_unknown_date,medium,U.S. Census Geocoder; OpenStreetMap via Photon and Overpass,9/16/26,No matching current theater was found at the geocoded address. Closing date remains unknown.
3916,Tilyou Theatre,RKO Tilyou Theatre,"1607 Surf Avenue, Brooklyn, NY 11224",Brooklyn,40.575843,-73.984109,https://photos.cinematreasures.org/production/photos/137226/1443036335/large.jpg?1443036335,theater_images/3916.jpg,,1968,,Closed,1,Cinema Treasures,https://cinematreasures.org/theaters/3916,9/15/26,,,,,medium,Not stated on source page: opening year.,,,,,,,,,,,,,
39527,Time Theatre,,"786 Courtlandt Avenue, Bronx, NY 10451",Bronx,40.8224381,-73.9167362,https://photos.cinematreasures.org/production/photos/52903/1345403161/large.jpg?1345403161,theater_images/39527.jpg,,unknown,,Closed,1,Cinema Treasures,https://cinematreasures.org/theaters/39527,9/15/26,,,,,medium,"Not stated on source page: opening year, closing year. Current-address audit found no confirmed continuation of this theater; it is closed, but the closing year is unknown.",Match,Exact,"786 COURTLANDT AVE, BRONX, NY, 10451",40.82249769,-73.91667696,790,building,yes,closed_unknown_date,medium,U.S. Census Geocoder; OpenStreetMap via Photon and Overpass,9/16/26,No matching current theater was found at the geocoded address. Closing date remains unknown.
1034,Times Square Theatre,,"217 W. 42nd Street, New York, NY 10036",Manhattan,40.7565041,-73.9880182,https://photos.cinematreasures.org/production/photos/1580/1306948143/large.jpg?1306948143,theater_images/1034.jpg,1920,unknown,2011,Closed,1,Cinema Treasures,https://cinematreasures.org/theaters/1034,9/15/26,,,,,medium,"Not stated on source page: closing year. Current-address audit found no confirmed continuation of this theater; it is closed, but the closing year is unknown.",Match,Exact,"217 W 42ND ST, NEW YORK, NY, 10036",40.75629699,-73.98742238,West 42nd Street & 7th Avenue,highway,bus_stop,closed_unknown_date,medium,U.S. Census Geocoder; OpenStreetMap via Photon and Overpass,9/16/26,No matching current theater was found at the geocoded address. Closing date remains unknown.
11302,Times Theatre,,"302 W. 42nd Street, New York, NY 10036",Manhattan,40.7572664,-73.9899336,https://photos.cinematreasures.org/production/photos/363015/1642675495/large.png?1642675495,theater_images/11302.png,1926,unknown,,Closed,1,Cinema Treasures,https://cinematreasures.org/theaters/11302,9/15/26,,,,,medium,"Not stated on source page: closing year. Current-address audit found no confirmed continuation of this theater; it is closed, but the closing year is unknown.",Match,Exact,"302 W 42ND ST, NEW YORK, NY, 10036",40.75758342,-73.9907863,NYC Airporter,highway,bus_stop,closed_unknown_date,medium,U.S. Census Geocoder; OpenStreetMap via Photon and Overpass,9/16/26,"A nearby mapped venue matched part of the name, but review did not confirm it as the same historical theater; the theater is closed and its closing year remains unknown."
23794,Tip Top Theatre,,"357 Wilson Avenue, Brooklyn, NY 11221",Brooklyn,40.6957083,-73.9169142,,,,unknown,,Closed,1,Cinema Treasures,https://cinematreasures.org/theaters/23794,9/15/26,,,,,medium,"Not stated on source page: opening year, closing year, image. Current-address audit found no confirmed continuation of this theater; it is closed, but the closing year is unknown.",Match,Exact,"357 WILSON AVE, BROOKLYN, NY, 11221",40.69575896,-73.91690974,357,place,house,closed_unknown_date,medium,U.S. Census Geocoder; OpenStreetMap via Photon and Overpass,9/16/26,No matching current theater was found at the geocoded address. Closing date remains unknown.
3977,Tivoli Theatre,"Hyde & Behman's Theatre, Olympic Theatre","365 Fulton Street, Brooklyn, NY 11201",Brooklyn,40.6920828,-73.9888662,https://photos.cinematreasures.org/production/photos/263569/1547251077/large.jpg?1547251077,theater_images/3977.jpg,1927,1952,,Closed,1,Cinema Treasures,https://cinematreasures.org/theaters/3977,9/15/26,,,,,high,,,,,,,,,,,,,,
1078,Todd Haimes Theatre,"Selwyn Theatre, American Airlines Theatre","229 W. 42nd Street, New York, NY 10036",Manhattan,40.7567781,-73.9880585,https://photos.cinematreasures.org/production/photos/6827/1308846756/large.jpg?1308846756,theater_images/1078.jpg,1918,,,Open,1,Cinema Treasures,https://cinematreasures.org/theaters/1078,9/15/26,,,,,low,Most recent stated closing year retained.,,,,,,,,,,,,,
72661,Tomcat Theatre,,"424 W. 42nd Street, New York, NY 10036",Manhattan,40.7586716,-73.993958,,,,1975,,Closed,1,Cinema Treasures,https://cinematreasures.org/theaters/72661,9/15/26,,,,,low,"Most recent stated closing year retained. Not stated on source page: opening year, image.",,,,,,,,,,,,,
8795,Tompkins Theatre,Rex Theatre,"534 Gates Avenue, Brooklyn, NY 11221",Brooklyn,40.6868621,-73.9442592,https://photos.cinematreasures.org/production/photos/263606/1547336681/large.jpg?1547336681,theater_images/8795.jpg,1914,1955,,Closed,1,Cinema Treasures,https://cinematreasures.org/theaters/8795,9/15/26,,,,,low,Most recent stated closing year retained.,,,,,,,,,,,,,
22033,Tompkins Vaudeville Theatre,,"103 Avenue B, New York, NY 10009",Manhattan,40.7247923,-73.9812217,https://photos.cinematreasures.org/production/photos/120166/1426688141/large.jpg?1426688141,theater_images/22033.jpg,,unknown,,Closed,1,Cinema Treasures,https://cinematreasures.org/theaters/22033,9/15/26,,,,,medium,"Not stated on source page: opening year, closing year. Current-address audit found no confirmed continuation of this theater; it is closed, but the closing year is unknown.",Match,Exact,"103 AVE B, NEW YORK, NY, 10009",40.72485868,-73.98128119,105,building,apartments,closed_unknown_date,medium,U.S. Census Geocoder; OpenStreetMap via Photon and Overpass,9/16/26,No matching current theater was found at the geocoded address. Closing date remains unknown.
36584,Touraine Theatre,,"140 7th Avenue, Brooklyn, NY 11215",Brooklyn,40.672725,-73.976887,https://photos.cinematreasures.org/production/photos/21540/1313255004/large.JPG?1313255004,theater_images/36584.jpg,1911,2006,,Closed,1,Cinema Treasures,https://cinematreasures.org/theaters/36584,9/15/26,,,,,low,Most recent stated closing year retained.,,,,,,,,,,,,,
4128,Town Theatre,Chaloner Theatre,"851 9th Avenue, New York, NY 10019",Manhattan,40.7669599,-73.98641,https://photos.cinematreasures.org/production/photos/51567/1344389431/large.jpg?1344389431,theater_images/4128.jpg,1926,unknown,,Closed,1,Cinema Treasures,https://cinematreasures.org/theaters/4128,9/15/26,,,,,medium,"Not stated on source page: closing year. Current-address audit found no confirmed continuation of this theater; it is closed, but the closing year is unknown.",Match,Exact,"851 9TH AVE, NEW YORK, NY, 10019",40.7669592,-73.98649769,Fat Boys Burgers,amenity,fast_food,closed_unknown_date,medium,U.S. Census Geocoder; OpenStreetMap via Photon and Overpass,9/16/26,No matching current theater was found at the geocoded address. Closing date remains unknown.
7681,Town Theatre,"Flushing Theatre, Taft Theatre","37-11 Main Street, Flushing, NY 11354",Queens,40.7612205,-73.8307602,https://photos.cinematreasures.org/production/photos/154716/1452895825/large.jpg?1452895825,theater_images/7681.jpg,,1955,,Closed,1,Cinema Treasures,https://cinematreasures.org/theaters/7681,9/15/26,,,,,medium,Not stated on source page: opening year.,,,,,,,,,,,,,
16932,Towne Theatre,Crystal Theatre,"327 Washington Street, Brooklyn, NY 11201",Brooklyn,40.7044262,-73.9895238,https://photos.cinematreasures.org/production/photos/261888/1544339907/large.jpg?1544339907,theater_images/16932.jpg,1925,unknown,,Closed,1,Cinema Treasures,https://cinematreasures.org/theaters/16932,9/15/26,,,,,medium,"Not stated on source page: closing year. Current-address audit found no confirmed continuation of this theater; it is closed, but the closing year is unknown.",Match,Non_Exact,"327 WASHINGTON AVE, BROOKLYN, NY, 11205",40.68898695,-73.96591175,329,building,yes,closed_unknown_date,medium,U.S. Census Geocoder; OpenStreetMap via Photon and Overpass,9/16/26,No matching current theater was found at the geocoded address. Closing date remains unknown.
6377,Trans-Lux 52nd Street Theatre,,"586 Lexington Avenue, New York, NY 10154",Manhattan,40.7575213,-73.9717005,https://photos.cinematreasures.org/production/photos/282843/1565662262/large.jpg?1565662262,theater_images/6377.jpg,1938,1965,,Closed,1,Cinema Treasures,https://cinematreasures.org/theaters/6377,9/15/26,,,,,high,,,,,,,,,,,,,,
13799,Trans-Lux 60th Street,Trans-Lux 60th Strreet on Madison,"638 Madison Avenue, New York, NY 10065",Manhattan,40.763755,-73.9713181,https://photos.cinematreasures.org/production/photos/225364/1511609442/large.jpg?1511609442,theater_images/13799.jpg,1933,1933,,Closed,1,Cinema Treasures,https://cinematreasures.org/theaters/13799,9/15/26,,,,,high,,,,,,,,,,,,,,
7060,Trans-Lux 85th Street Theatre,,"1144 Madison Avenue, New York, NY 10028",Manhattan,40.7800421,-73.9594478,https://photos.cinematreasures.org/production/photos/495381/1757868512/large.jpg?1757868512,theater_images/7060.jpg,1937,unknown,,Closed,1,Cinema Treasures,https://cinematreasures.org/theaters/7060,9/15/26,,,,,medium,"Not stated on source page: closing year. Current-address audit found no confirmed continuation of this theater; it is closed, but the closing year is unknown.",Match,Exact,"1144 MADISON AVE, NEW YORK, NY, 10028",40.78003081,-73.95950162,Lululemon,shop,clothes,closed_unknown_date,medium,U.S. Census Geocoder; OpenStreetMap via Photon and Overpass,9/16/26,No matching current theater was found at the geocoded address. Closing date remains unknown.
6731,Trans-Lux Fulton Street,Fulton Playhouse,"561 Fulton Street, Brooklyn, NY 11201",Brooklyn,40.6893522,-73.9820538,https://photos.cinematreasures.org/production/photos/6844/1308849987/large.jpg?1308849987,theater_images/6731.jpg,,unknown,,Closed,1,Cinema Treasures,https://cinematreasures.org/theaters/6731,9/15/26,,,,,medium,"Not stated on source page: opening year, closing year. Current-address audit found no confirmed continuation of this theater; it is closed, but the closing year is unknown.",Match,Exact,"561 FULTON ST, BROOKLYN, NY, 11201",40.68946683,-73.9822045,567,place,house,closed_unknown_date,medium,U.S. Census Geocoder; OpenStreetMap via Photon and Overpass,9/16/26,No matching current theater was found at the geocoded address. Closing date remains unknown.
13914,Trans-Lux Modern Theatre,,"625 Madison Avenue, New York, NY 10020",Manhattan,40.763202,-73.971548,https://photos.cinematreasures.org/production/photos/57648/1349457193/large.jpg?1349457193,theater_images/13914.jpg,1931,unknown,,Closed,1,Cinema Treasures,https://cinematreasures.org/theaters/13914,9/15/26,,,,,medium,"Not stated on source page: closing year. Current-address audit found no confirmed continuation of this theater; it is closed, but the closing year is unknown.",Match,Non_Exact,"625 MADISON AVE, NEW YORK, NY, 10022",40.76350584,-73.97138307,52,place,house,closed_unknown_date,medium,U.S. Census Geocoder; OpenStreetMap via Photon and Overpass,9/16/26,No matching current theater was found at the geocoded address. Closing date remains unknown.
13922,Trans-Lux Modern Theatres,,"1619 Broadway, New York, NY 10019",Manhattan,40.7610517,-73.9846494,https://photos.cinematreasures.org/production/photos/276530/1560906473/large.jpg?1560906473,theater_images/13922.jpg,1931,unknown,,Closed,2,Cinema Treasures,https://cinematreasures.org/theaters/13922,9/15/26,,,,,medium,"Not stated on source page: closing year. Current-address audit found no confirmed continuation of this theater; it is closed, but the closing year is unknown.",Match,Exact,"1619 BROADWAY, NEW YORK, NY, 10019",40.76105658,-73.98436716,1623,place,house,closed_unknown_date,medium,U.S. Census Geocoder; OpenStreetMap via Photon and Overpass,9/16/26,No matching current theater was found at the geocoded address. Closing date remains unknown.
8375,Trans-Lux Southstreet Seaport Cinema,,"210 Front Street, New York, NY 10038",Manhattan,40.7072871,-74.0026123,https://photos.cinematreasures.org/production/photos/52969/1345483215/large.jpg?1345483215,theater_images/8375.jpg,,unknown,,Closed,1,Cinema Treasures,https://cinematreasures.org/theaters/8375,9/15/26,,,,,medium,"Not stated on source page: opening year, closing year. Current-address audit found no confirmed continuation of this theater; it is closed, but the closing year is unknown.",Match,Exact,"210 FRONT ST, NEW YORK, NY, 10038",40.70741853,-74.00248388,220,building,yes,closed_unknown_date,medium,U.S. Census Geocoder; OpenStreetMap via Photon and Overpass,9/16/26,No matching current theater was found at the geocoded address. Closing date remains unknown.
3968,Traymore Theater,,"4611 Avenue N, Brooklyn, NY 11234",Brooklyn,40.6187619,-73.930258,https://photos.cinematreasures.org/production/photos/237680/1521820534/large.jpg?1521820534,theater_images/3968.jpg,1934,1951,,Closed,1,Cinema Treasures,https://cinematreasures.org/theaters/3968,9/15/26,,,,,high,,,,,,,,,,,,,,
20439,Tremont Theatre,"Tremont Yiddish Theatre, Cinema Tremont","1942 Webster Avenue, Bronx, NY 10457",Bronx,40.8488129,-73.9002546,https://photos.cinematreasures.org/production/photos/114310/1419291592/large.jpg?1419291592,theater_images/20439.jpg,1910,1960,,Closed,1,Cinema Treasures,https://cinematreasures.org/theaters/20439,9/15/26,,,,,low,Opening year is approximate (1910). Closing year is approximate (1960). Most recent stated closing year retained.,,,,,,,,,,,,,
3951,Triangle Theatre,,"1209 Quentin Road, Brooklyn, NY 11229",Brooklyn,40.6080035,-73.9606191,https://photos.cinematreasures.org/production/photos/6046/1308583352/large.jpg?1308583352,theater_images/3951.jpg,1936,1952,,Closed,1,Cinema Treasures,https://cinematreasures.org/theaters/3951,9/15/26,,,,,high,,,,,,,,,,,,,,
11150,Tribeca Cinemas,The Screening Room(s),"54 Varick Street, New York, NY 10013",Manhattan,40.7216661,-74.0063208,https://photos.cinematreasures.org/production/photos/189/1306337376/large.jpg?1306337376,theater_images/11150.jpg,1995,2015,,Closed,2,Cinema Treasures,https://cinematreasures.org/theaters/11150,9/15/26,,,,,low,Opening year represents an approximate decade reference (1995).,,,,,,,,,,,,,
7603,Tribune Theatre,City Hall Cinema,"170 Nassau Street, New York, NY 10038",Manhattan,40.7116969,-74.0057738,https://photos.cinematreasures.org/production/photos/40929/1333431040/large.jpg?1333431040,theater_images/7603.jpg,1935,unknown,,Closed,1,Cinema Treasures,https://cinematreasures.org/theaters/7603,9/15/26,,,,,medium,"Not stated on source page: closing year. Current-address audit found no confirmed continuation of this theater; it is closed, but the closing year is unknown.",Match,Exact,"170 NASSAU ST, NEW YORK, NY, 10038",40.71141055,-74.00608764,Nassau Street,highway,residential,closed_unknown_date,medium,U.S. Census Geocoder; OpenStreetMap via Photon and Overpass,9/16/26,No matching current theater was found at the geocoded address. Closing date remains unknown.
4050,Trump Cinema,,"490 Neptune Avenue, Brooklyn, NY 11224",Brooklyn,40.5798715,-73.9746191,https://photos.cinematreasures.org/production/photos/115817/1421261934/large.jpg?1421261934,theater_images/4050.jpg,1968,1977,,Closed,1,Cinema Treasures,https://cinematreasures.org/theaters/4050,9/15/26,,,,,low,Opening year is approximate (1968).,,,,,,,,,,,,,
10711,Tudor Theatre,Tuxedo Theatre,"650 3rd Avenue, New York, NY 10017",Manhattan,40.7504823,-73.9746874,https://photos.cinematreasures.org/production/photos/116956/1422542417/large.jpg?1422542417,theater_images/10711.jpg,,unknown,,Closed,1,Cinema Treasures,https://cinematreasures.org/theaters/10711,9/15/26,,,,,medium,"Not stated on source page: opening year, closing year. Current-address audit found no confirmed continuation of this theater; it is closed, but the closing year is unknown.",Match,Exact,"650 3RD AVE, NEW YORK, NY, 10017",40.75108063,-73.97430903,666,place,house,closed_unknown_date,medium,U.S. Census Geocoder; OpenStreetMap via Photon and Overpass,9/16/26,No matching current theater was found at the geocoded address. Closing date remains unknown.
4231,Tuxedo Theater,,"3050 Ocean Parkway, Brooklyn, NY 11224",Brooklyn,40.5768405,-73.9686795,https://photos.cinematreasures.org/production/photos/261872/1544314204/large.jpg?1544314204,theater_images/4231.jpg,1929,1963,,Closed,1,Cinema Treasures,https://cinematreasures.org/theaters/4231,9/15/26,,,,,high,,,,,,,,,,,,,,
10983,Tuxedo Theater,Glenwood Theater,"1520 Flatbush Avenue, Brooklyn, NY 11210",Brooklyn,40.633526,-73.9488779,,,1912,unknown,,Closed,1,Cinema Treasures,https://cinematreasures.org/theaters/10983,9/15/26,,,,,medium,"Not stated on source page: closing year, image. Current-address audit found no confirmed continuation of this theater; it is closed, but the closing year is unknown.",Match,Exact,"1520 FLATBUSH AVE, BROOKLYN, NY, 11210",40.63364338,-73.94863071,1520,building,yes,closed_unknown_date,medium,U.S. Census Geocoder; OpenStreetMap via Photon and Overpass,9/16/26,No matching current theater was found at the geocoded address. Closing date remains unknown.
20324,Tuxedo Theatre,,"5401 13th Avenue, Brooklyn, NY 11219",Brooklyn,40.631977,-73.994845,,,,1915,,Closed,1,Cinema Treasures,https://cinematreasures.org/theaters/20324,9/15/26,,,,,low,"Closing year is approximate (1915). Not stated on source page: opening year, image.",,,,,,,,,,,,,
2557,UA Astoria Sixplex,"Astoria Theatre, Loew's Astoria Theatre","2860 Steinway Street, Astoria, NY 11103",Queens,40.7640686,-73.914995,https://photos.cinematreasures.org/production/photos/162422/1458325382/large.jpg?1458325382,theater_images/2557.jpg,1920,2001,,Closed,6,Cinema Treasures,https://cinematreasures.org/theaters/2557,9/15/26,,,,,high,,,,,,,,,,,,,,
11145,UA Capri Theatre,"Lido Theatre, Walton Theatre","15 E. Fordham Road, Bronx, NY 10468",Bronx,40.8624871,-73.900264,https://photos.cinematreasures.org/production/photos/114789/1419825549/large.jpg?1419825549,theater_images/11145.jpg,,unknown,,Closed,1,Cinema Treasures,https://cinematreasures.org/theaters/11145,9/15/26,,,,,medium,"Not stated on source page: opening year, closing year. Current-address audit found no confirmed continuation of this theater; it is closed, but the closing year is unknown.",Match,Exact,"15 E FORDHAM RD, BRONX, NY, 10468",40.86248206,-73.90013624,21,place,house,closed_unknown_date,medium,U.S. Census Geocoder; OpenStreetMap via Photon and Overpass,9/16/26,No matching current theater was found at the geocoded address. Closing date remains unknown.
4028,UA Continental 3,Continental 3,"6939 Austin Street, Forest Hills, NY 11375",Queens,40.723041,-73.843688,https://photos.cinematreasures.org/production/photos/347298/1623608210/large.jpeg?1623608210,theater_images/4028.jpeg,1963,1999,,Closed,1,Cinema Treasures,https://cinematreasures.org/theaters/4028,9/15/26,,,,,high,,,,,,,,,,,,,,
4688,UA Crossbay I,"Cross Bay Theatre, UA Crossbay Twin, UA Crossbay Triplex","9411 Rockaway Boulevard, Ozone Park, NY 11417",Queens,40.680783,-73.8443222,https://photos.cinematreasures.org/production/photos/5884/1308527393/large.jpg?1308527393,theater_images/4688.jpg,1924,2005,,Closed,3,Cinema Treasures,https://cinematreasures.org/theaters/4688,9/15/26,,,,,high,,,,,,,,,,,,,,
7025,UA Crossbay II,,"92-10 Rockaway Boulevard, Ozone Park, NY 11417",Queens,40.6806259,-73.846693,https://photos.cinematreasures.org/production/photos/210352/1496890735/large.jpg?1496890735,theater_images/7025.jpg,1990,2005,,Closed,7,Cinema Treasures,https://cinematreasures.org/theaters/7025,9/15/26,,,,,low,Most recent stated closing year retained.,,,,,,,,,,,,,
2619,UA Duffield Twin Theatre,"Duffield Theatre, Fox Duffield Theatre","249 Duffield Street, Brooklyn, NY 11201",Brooklyn,40.6906341,-73.9843988,https://photos.cinematreasures.org/production/photos/22215/1313621887/large.jpg?1313621887,theater_images/2619.jpg,1913,unknown,,Closed,2,Cinema Treasures,https://cinematreasures.org/theaters/2619,9/15/26,,,,,medium,"Not stated on source page: closing year. Current-address audit found no confirmed continuation of this theater; it is closed, but the closing year is unknown.",Match,Exact,"249 DUFFIELD ST, BROOKLYN, NY, 11201",40.69122119,-73.98430969,Duffield Street,highway,residential,closed_unknown_date,medium,U.S. Census Geocoder; OpenStreetMap via Photon and Overpass,9/16/26,No matching current theater was found at the geocoded address. Closing date remains unknown.
3273,UA Forest Hills Twin Theatre,Forest Hills Theatre,"107-16 Continental Avenue, Forest Hills, NY 11375",Queens,40.7192975,-73.8453043,https://photos.cinematreasures.org/production/photos/242026/1525644970/large.jpg?1525644970,theater_images/3273.jpg,1922,2020,,Closed,2,Cinema Treasures,https://cinematreasures.org/theaters/3273,9/15/26,,,,,low,Most recent stated closing year retained.,,,,,,,,,,,,,
11960,UA Movies at Staten Island 14,Movies at Staten Island,"145 E. Service Road, Staten Island, NY 10314",Staten Island,40.5879402,-74.1910591,https://photos.cinematreasures.org/production/photos/358936/1636651450/large.png?1636651450,theater_images/11960.png,1987,2005,,Closed,14,Cinema Treasures,https://cinematreasures.org/theaters/11960,9/15/26,,,,,high,,,,,,,,,,,,,,
4734,UA Quartet,Roosevelt Theatre,"16006 Northern Boulevard, Flushing, NY 11358",Queens,40.762337,-73.80517,https://photos.cinematreasures.org/production/photos/123545/1429973209/large.jpg?1429973209,theater_images/4734.jpg,1926,1997,,Closed,4,Cinema Treasures,https://cinematreasures.org/theaters/4734,9/15/26,,,,,high,,,,,,,,,,,,,,
33823,Union Theatre,,"505 W. 42nd Street, New York, NY 10036",Manhattan,40.7598366,-73.9959265,,,1913,1926,,Closed,1,Cinema Treasures,https://cinematreasures.org/theaters/33823,9/15/26,,,,,medium,Not stated on source page: image.,,,,,,,,,,,,,
6121,United Artists 64th & 2nd Avenue,"Columbia I & II, Gemini Twin Cinemas I & II","1210 2nd Avenue, New York, NY 10021",Manhattan,40.763317,-73.961844,https://photos.cinematreasures.org/production/photos/3957/1307915061/large.jpg?1307915061,theater_images/6121.jpg,1971,2012,,Closed,3,Cinema Treasures,https://cinematreasures.org/theaters/6121,9/15/26,,,,,high,,,,,,,,,,,,,,
10487,United Artists East 85th Street,,"1629 1st Avenue, New York, NY 10028",Manhattan,40.7760233,-73.9500269,https://photos.cinematreasures.org/production/photos/7263/1309057807/large.jpg?1309057807,theater_images/10487.jpg,1970,2012,,Closed,1,Cinema Treasures,https://cinematreasures.org/theaters/10487,9/15/26,,,,,high,,,,,,,,,,,,,,
44,United Palace of Cultural Arts,"Loew's 175th Street Theatre, United Palace","4140 Broadway, New York, NY 10033",Manhattan,40.846441,-73.937867,https://photos.cinematreasures.org/production/photos/104427/1405463797/large.jpg?1405463797,theater_images/44.jpg,1930,,,Open (Showing movies),1,Cinema Treasures,https://cinematreasures.org/theaters/44,9/15/26,,,,,high,,,,,,,,,,,,,,
6097,University Theatre,"Fordham Theatre Picture Playhouse, Bandbox Theatre","33 W. Fordham Road, Bronx, NY 10468",Bronx,40.8627243,-73.9025118,,,1916,1955,,Closed,1,Cinema Treasures,https://cinematreasures.org/theaters/6097,9/15/26,,,,,low,Most recent stated closing year retained. Not stated on source page: image.,,,,,,,,,,,,,
559,Uptown Theatre,,"4037 Broadway, New York, NY 10032",Manhattan,40.8424049,-73.9393858,https://photos.cinematreasures.org/production/photos/259718/1541521620/large.gif?1541521620,theater_images/559.gif,1921,2023,,Closed,1,Cinema Treasures,https://cinematreasures.org/theaters/559,9/15/26,,,,,high,,,,,,,,,,,,,,
15327,Utica Theater,,"1410 St. Johns Place, Brooklyn, NY 11213",Brooklyn,40.670622,-73.932556,https://photos.cinematreasures.org/production/photos/7902/1309272660/large.jpg?1309272660,theater_images/15327.jpg,1920,1954,,Closed,1,Cinema Treasures,https://cinematreasures.org/theaters/15327,9/15/26,,,,,high,,,,,,,,,,,,,,
3289,Utopia Twin Theater,Utopia Theater,"187-02 Union Turnpike, Fresh Meadows, NY 11366",Queens,40.7288854,-73.7819478,https://photos.cinematreasures.org/production/photos/42798/1335202140/large.jpg?1335202140,theater_images/3289.jpg,1942,unknown,,Closed,2,Cinema Treasures,https://cinematreasures.org/theaters/3289,9/15/26,,,,,medium,"Not stated on source page: closing year. Current-address audit found no confirmed continuation of this theater; it is closed, but the closing year is unknown.",Match,Exact,"187-02 UNION TPKE, FRESH MEADOWS, NY, 11366",40.72889134,-73.7819421,187-02,place,house,closed_unknown_date,medium,U.S. Census Geocoder; OpenStreetMap via Photon and Overpass,9/16/26,No matching current theater was found at the geocoded address. Closing date remains unknown.
7489,Valentine Theatre,,"237 E. Fordham Road, Bronx, NY 10458",Bronx,40.862429,-73.895343,https://photos.cinematreasures.org/production/photos/55909/1348150199/large.JPG?1348150199,theater_images/7489.jpg,1920,unknown,,Closed,1,Cinema Treasures,https://cinematreasures.org/theaters/7489,9/15/26,,,,,medium,"Not stated on source page: closing year. Current-address audit found no confirmed continuation of this theater; it is closed, but the closing year is unknown.",Match,Exact,"237 E FORDHAM RD, BRONX, NY, 10458",40.86239808,-73.89622728,215,place,house,closed_unknown_date,medium,U.S. Census Geocoder; OpenStreetMap via Photon and Overpass,9/16/26,No matching current theater was found at the geocoded address. Closing date remains unknown.
21965,Vanity Theatre,Peerless Fifth Avenue Theatre,"5612 Fifth Avenue, Brooklyn, NY 11220",Brooklyn,40.6416363,-74.01412,https://photos.cinematreasures.org/production/photos/261972/1544479463/large.jpg?1544479463,theater_images/21965.jpg,1914,1949,,Closed,1,Cinema Treasures,https://cinematreasures.org/theaters/21965,9/15/26,,,,,low,Most recent stated closing year retained.,,,,,,,,,,,,,
288,Variety Theatre,"Varieties Theatre, Variety Photoplays, Variety Arts","110 3rd Avenue, New York, NY 10003",Manhattan,40.7329104,-73.9877055,https://photos.cinematreasures.org/production/photos/73770/1369681267/large.jpg?1369681267,theater_images/288.jpg,,1991,,Closed,1,Cinema Treasures,https://cinematreasures.org/theaters/288,9/15/26,,,,,medium,Not stated on source page: opening year.,,,,,,,,,,,,,
13548,Venice Theatre,Venice Motion Picture Theatre,"205-209 Park Row, New York, NY 10038",Manhattan,40.7132082,-73.9993991,https://photos.cinematreasures.org/production/photos/212197/1498681787/large.jpg?1498681787,theater_images/13548.jpg,,unknown,,Closed,1,Cinema Treasures,https://cinematreasures.org/theaters/13548,9/15/26,,,,,medium,"Not stated on source page: opening year, closing year. Current-address audit found no confirmed continuation of this theater; it is closed, but the closing year is unknown.",Match,Non_Exact,"209 PARK ROW, NEW YORK, NY, 10038",40.71323522,-73.99929524,Park Row,highway,residential,closed_unknown_date,medium,U.S. Census Geocoder; OpenStreetMap via Photon and Overpass,9/16/26,No matching current theater was found at the geocoded address. Closing date remains unknown.
17472,Venus Theater,Eros 2 Theater,"728 8th Avenue, New York, NY 10036",Manhattan,40.759231,-73.98797,https://photos.cinematreasures.org/production/photos/117519/1423345955/large.jpg?1423345955,theater_images/17472.jpg,1969,unknown,,Closed,1,Cinema Treasures,https://cinematreasures.org/theaters/17472,9/15/26,,,,,medium,"Not stated on source page: closing year. Current-address audit found no confirmed continuation of this theater; it is closed, but the closing year is unknown.",Match,Exact,"728 8TH AVE, NEW YORK, NY, 10036",40.75927521,-73.98822318,8th Avenue & West 45th Street,highway,bus_stop,closed_unknown_date,medium,U.S. Census Geocoder; OpenStreetMap via Photon and Overpass,9/16/26,No matching current theater was found at the geocoded address. Closing date remains unknown.
44240,Vermont Theatre,,"2120 Pitkin Avenue, Brooklyn, NY 11207",Brooklyn,40.6720992,-73.8944088,,,1915,1929,,Closed,1,Cinema Treasures,https://cinematreasures.org/theaters/44240,9/15/26,,,,,medium,Not stated on source page: image.,,,,,,,,,,,,,
8201,Vernon Theatre,,"10-10 50th Avenue, Long Island City, NY 11101",Queens,40.7425787,-73.9534082,https://photos.cinematreasures.org/production/photos/119419/1425671925/large.jpg?1425671925,theater_images/8201.jpg,,unknown,,Closed,1,Cinema Treasures,https://cinematreasures.org/theaters/8201,9/15/26,,,,,medium,"Not stated on source page: opening year, closing year. Current-address audit found no confirmed continuation of this theater; it is closed, but the closing year is unknown.",Match,Exact,"10-10 50TH AVE, LONG ISLAND CITY, NY, 11101",40.74257912,-73.95363512,Cafe Henri,amenity,restaurant,closed_unknown_date,medium,U.S. Census Geocoder; OpenStreetMap via Photon and Overpass,9/16/26,No matching current theater was found at the geocoded address. Closing date remains unknown.
19972,Verona Theatre,"Victory Theatre, Rex Theatre","2094 2nd Avenue, New York, NY 10029",Manhattan,40.7918593,-73.9415116,https://photos.cinematreasures.org/production/photos/270709/1556493368/large.jpg?1556493368,theater_images/19972.jpg,1926,2086,,Closed,1,Cinema Treasures,https://cinematreasures.org/theaters/19972,9/15/26,,,,,low,Opening year is approximate (1926). Most recent stated closing year retained.,,,,,,,,,,,,,
51544,Vesey Theatre,,"11 Park Row, New York, NY 10038",Manhattan,,,,,,unknown,,Closed,1,Cinema Treasures,https://cinematreasures.org/theaters/51544,9/15/26,,,,,medium,"Not stated on source page: opening year, closing year, coordinates, image. Current-address audit found no confirmed continuation of this theater; it is closed, but the closing year is unknown.",Match,Exact,"11 PARK ROW, NEW YORK, NY, 10038",40.71131858,-74.00848955,Park Row,highway,secondary,closed_unknown_date,medium,U.S. Census Geocoder; OpenStreetMap via Photon and Overpass,9/16/26,No matching current theater was found at the geocoded address. Closing date remains unknown.
12075,Victoria Theater,,"1368 St. John's Place, Brooklyn, NY 11213",Brooklyn,40.670639,-73.9330162,https://photos.cinematreasures.org/production/photos/7901/1309272428/large.jpg?1309272428,theater_images/12075.jpg,,unknown,,Closed,1,Cinema Treasures,https://cinematreasures.org/theaters/12075,9/15/26,,,,,medium,"Not stated on source page: opening year, closing year. Current-address audit found no confirmed continuation of this theater; it is closed, but the closing year is unknown.",Match,Exact,"1368 ST JOHNS PL, BROOKLYN, NY, 11213",40.67063401,-73.93296504,1366,building,yes,closed_unknown_date,medium,U.S. Census Geocoder; OpenStreetMap via Photon and Overpass,9/16/26,No matching current theater was found at the geocoded address. Closing date remains unknown.
2945,Victoria Theatre,"Gaiety Theatre, Minsky's Gaiety Burlesque, Laffmovie Theatre, New Victoria Theatre, Embassy 5","1547 Broadway, New York, NY 10036",Manhattan,40.7585462,-73.9853913,https://photos.cinematreasures.org/production/photos/23243/1314123166/large.jpg?1314123166,theater_images/2945.jpg,1918,unknown,,Closed,1,Cinema Treasures,https://cinematreasures.org/theaters/2945,9/15/26,,,,,medium,"Not stated on source page: closing year. Current-address audit found no confirmed continuation of this theater; it is closed, but the closing year is unknown.",Match,Exact,"1547 BROADWAY, NEW YORK, NY, 10036",40.75859477,-73.9854295,T-Mobile,shop,mobile_phone,closed_unknown_date,medium,U.S. Census Geocoder; OpenStreetMap via Photon and Overpass,9/16/26,No matching current theater was found at the geocoded address. Closing date remains unknown.
13793,Victory Theater,,"199-03 32nd Avenue, Bayside, NY 11358",Queens,40.76985,-73.789913,https://photos.cinematreasures.org/production/photos/36570/1329970171/large.jpg?1329970171,theater_images/13793.jpg,,unknown,,Closed,1,Cinema Treasures,https://cinematreasures.org/theaters/13793,9/15/26,,,,,medium,"Not stated on source page: opening year, closing year. Current-address audit found no confirmed continuation of this theater; it is closed, but the closing year is unknown.",Match,Non_Exact,"199-03 32ND AVE, FLUSHING, NY, 11358",40.76952921,-73.79012932,199-01,place,house,closed_unknown_date,medium,U.S. Census Geocoder; OpenStreetMap via Photon and Overpass,9/16/26,No matching current theater was found at the geocoded address. Closing date remains unknown.
3398,Victory Theatre,Tompkinsville Theatre,"120 Victory Boulevard, Staten Island, NY 10301",Staten Island,40.6377491,-74.0768692,https://photos.cinematreasures.org/production/photos/94984/1392498548/large.jpg?1392498548,theater_images/3398.jpg,1925,1961,,Closed,1,Cinema Treasures,https://cinematreasures.org/theaters/3398,9/15/26,,,,,high,,,,,,,,,,,,,,
50179,Victory Theatre,,"7412 13th Avenue, Brooklyn, NY 11228",Brooklyn,40.6206507,-74.0070791,https://photos.cinematreasures.org/production/photos/139621/1445100495/large.JPG?1445100495,theater_images/50179.jpg,1911,1929,,Closed,1,Cinema Treasures,https://cinematreasures.org/theaters/50179,9/15/26,,,,,high,,,,,,,,,,,,,,
290,Village East by Angelika,"Yiddish Art Theatre, Yiddish Folks Theatre, Century Theatre, Stuyvesant Theatre, Phoenix Theatre, Casino East Theatre, Gayety Theatre. Eden Theatre, Entermedia Theatre, 12th Street Cinema, Second Avenue Cinema","181 2nd Avenue, New York, NY 10003",Manhattan,40.730931,-73.986157,https://photos.cinematreasures.org/production/photos/21/1305941380/large.jpg?1305941380,theater_images/290.jpg,1926,,1991,Open (Showing movies),7,Cinema Treasures,https://cinematreasures.org/theaters/290,9/15/26,,,,,low,Most recent stated closing year retained. Most recent stated reopening year retained.,,,,,,,,,,,,,
31654,Village Theatre,York Theatre,"189 8th Avenue, New York, NY 10011",Manhattan,40.7432501,-74.0001884,https://photos.cinematreasures.org/production/photos/262431/1545435706/large.jpg?1545435706,theater_images/31654.jpg,,1943,,Closed,1,Cinema Treasures,https://cinematreasures.org/theaters/31654,9/15/26,,,,,medium,Not stated on source page: opening year.,,,,,,,,,,,,,
3914,Vogue Theatre,"Manor Theatre, Loew's Manor Theatre","1455 Coney Island Avenue, Brooklyn, NY 11230",Brooklyn,40.621646,-73.964213,https://photos.cinematreasures.org/production/photos/122608/1428799810/large.jpg?1428799810,theater_images/3914.jpg,1925,1956,,Closed,1,Cinema Treasures,https://cinematreasures.org/theaters/3914,9/15/26,,,,,high,,,,,,,,,,,,,,
7880,Vogue Theatre,Daly Theatre,"892 E. Tremont Avenue, Bronx, NY 10460",Bronx,40.8424542,-73.8851641,https://photos.cinematreasures.org/production/photos/248244/1531168688/large.jpg?1531168688,theater_images/7880.jpg,1928,1935,1935,Closed,1,Cinema Treasures,https://cinematreasures.org/theaters/7880,9/15/26,,,,,high,,,,,,,,,,,,,,
48364,Wadsworth Theatre,,"620 W. 181st Street, New York, NY 10033",Manhattan,40.849604,-73.9348657,,,1910,1916,,Closed,1,Cinema Treasures,https://cinematreasures.org/theaters/48364,9/15/26,,,,,low,Closing year is approximate (1916). Not stated on source page: image.,,,,,,,,,,,,,
3927,Wagner Theater,Reo Theater,"110 Wyckoff Avenue, Brooklyn, NY 11237",Brooklyn,40.7039584,-73.9187014,https://photos.cinematreasures.org/production/photos/228770/1514375614/large.jpg?1514375614,theater_images/3927.jpg,1921,1979,1943,Closed,1,Cinema Treasures,https://cinematreasures.org/theaters/3927,9/15/26,,,,,low,Most recent stated closing year retained. Most recent stated reopening year retained.,,,,,,,,,,,,,
8092,Wakefield Theatre,,"4214 White Plains Road, Bronx, NY 10466",Bronx,40.8938899,-73.8569082,https://photos.cinematreasures.org/production/photos/61235/1353507438/large.jpg?1353507438,theater_images/8092.jpg,1927,unknown,,Closed,1,Cinema Treasures,https://cinematreasures.org/theaters/8092,9/15/26,,,,,medium,"Not stated on source page: closing year. Current-address audit found no confirmed continuation of this theater; it is closed, but the closing year is unknown.",Match,Exact,"4214 WHITE PLAINS RD, BRONX, NY, 10466",40.89384728,-73.85704311,4204,place,house,closed_unknown_date,medium,U.S. Census Geocoder; OpenStreetMap via Photon and Overpass,9/16/26,No matching current theater was found at the geocoded address. Closing date remains unknown.
8798,Waldorf Theatre,,"9401 Church Avenue, Brooklyn, NY 11212",Brooklyn,40.655003,-73.916999,https://photos.cinematreasures.org/production/photos/261895/1544376202/large.gif?1544376202,theater_images/8798.gif,1934,unknown,,Closed,1,Cinema Treasures,https://cinematreasures.org/theaters/8798,9/15/26,,,,,medium,"Not stated on source page: closing year. Current-address audit found no confirmed continuation of this theater; it is closed, but the closing year is unknown.",Match,Exact,"9401 CHURCH AVE, BROOKLYN, NY, 11212",40.65475554,-73.91703084,9401,place,house,closed_unknown_date,medium,U.S. Census Geocoder; OpenStreetMap via Photon and Overpass,9/16/26,No matching current theater was found at the geocoded address. Closing date remains unknown.
11667,Waldorf Theatre,,"116 W. 50th Street, New York, NY 10020",Manhattan,40.7602435,-73.981311,https://photos.cinematreasures.org/production/photos/150235/1450799496/large.gif?1450799496,theater_images/11667.gif,1926,unknown,,Closed,1,Cinema Treasures,https://cinematreasures.org/theaters/11667,9/15/26,,,,,medium,"Not stated on source page: closing year. Current-address audit found no confirmed continuation of this theater; it is closed, but the closing year is unknown.",Match,Exact,"116 W 50TH ST, NEW YORK, NY, 10020",40.76006524,-73.98097011,Avra Rockefeller Center,amenity,restaurant,closed_unknown_date,medium,U.S. Census Geocoder; OpenStreetMap via Photon and Overpass,9/16/26,No matching current theater was found at the geocoded address. Closing date remains unknown.
1597,Walker Theater,,"6401 18th Avenue, Brooklyn, NY 11204",Brooklyn,40.619265,-73.989304,https://photos.cinematreasures.org/production/photos/95563/1393409777/large.jpg?1393409777,theater_images/1597.jpg,1926,1988,,Closed,4,Cinema Treasures,https://cinematreasures.org/theaters/1597,9/15/26,,,,,high,,,,,,,,,,,,,,
30503,Walter Kerr Theatre,Ritz Theatre,"219 W. 48th Street, New York, NY 10036",Manhattan,40.7604715,-73.9856667,https://photos.cinematreasures.org/production/photos/119222/1425506704/large.jpg?1425506704,theater_images/30503.jpg,1921,,1937,Open,1,Cinema Treasures,https://cinematreasures.org/theaters/30503,9/15/26,,,,,low,Most recent stated closing year retained.,,,,,,,,,,,,,
7846,Walter Reade Theater,,"165 W. 65th Street, New York, NY 10023",Manhattan,40.774359,-73.983951,https://photos.cinematreasures.org/production/photos/8621/1309521900/large.jpg?1309521900,theater_images/7846.jpg,1991,,,Open (Showing movies),1,Cinema Treasures,https://cinematreasures.org/theaters/7846,9/15/26,,,,,high,,,,,,,,,,,,,,
8208,Ward Theatre,,"1546 Westchester Avenue, Bronx, NY 10472",Bronx,40.828661,-73.8779779,https://photos.cinematreasures.org/production/photos/38726/1331667877/large.jpg?1331667877,theater_images/8208.jpg,1927,1927,,Closed,1,Cinema Treasures,https://cinematreasures.org/theaters/8208,9/15/26,,,,,high,,,,,,,,,,,,,,
8915,Warners' Theatre,"Piccadilly Theatre, New Yorker Theatre, Cine Roma, Oriental Theatre, Continental Theatre, Abbey Theatre, Manhattan Theatre, Republic Theatre","1664 Broadway, New York, NY 10019",Manhattan,40.7625008,-73.98332,https://photos.cinematreasures.org/production/photos/22295/1313625198/large.jpg?1313625198,theater_images/8915.jpg,1924,1948,,Closed,1,Cinema Treasures,https://cinematreasures.org/theaters/8915,9/15/26,,,,,high,,,,,,,,,,,,,,
50196,Washington Moving Picture Theatre,,"747 Bergen Street, Brooklyn, NY 11238",Brooklyn,40.6785279,-73.9638537,https://photos.cinematreasures.org/production/photos/140078/1445445179/large.JPG?1445445179,theater_images/50196.jpg,1913,1920,,Closed,1,Cinema Treasures,https://cinematreasures.org/theaters/50196,9/15/26,,,,,low,Most recent stated closing year retained.,,,,,,,,,,,,,
11133,Washington Street Theater,,"153 Washington Street, Brooklyn, NY 11201",Brooklyn,40.7007801,-73.9897052,,,1914,1929,,Closed,1,Cinema Treasures,https://cinematreasures.org/theaters/11133,9/15/26,,,,,medium,Not stated on source page: image.,,,,,,,,,,,,,
7045,Washington Theatre,,"1805 Amsterdam Avenue, New York, NY 10031",Manhattan,40.8279151,-73.9454512,https://photos.cinematreasures.org/production/photos/115829/1421306259/large.jpg?1421306259,theater_images/7045.jpg,1910,unknown,,Closed,1,Cinema Treasures,https://cinematreasures.org/theaters/7045,9/15/26,,,,,medium,"Not stated on source page: closing year. Current-address audit found no confirmed continuation of this theater; it is closed, but the closing year is unknown.",Match,Exact,"1805 AMSTERDAM AVE, NEW YORK, NY, 10031",40.827933,-73.94554975,1801,place,house,closed_unknown_date,medium,U.S. Census Geocoder; OpenStreetMap via Photon and Overpass,9/16/26,No matching current theater was found at the geocoded address. Closing date remains unknown.
23795,Washington Theatre,,"474 Myrtle Avenue, Brooklyn, NY 11205",Brooklyn,40.6933064,-73.9662995,,,,unknown,,Closed,1,Cinema Treasures,https://cinematreasures.org/theaters/23795,9/15/26,,,,,medium,"Not stated on source page: opening year, closing year, image. Current-address audit found no confirmed continuation of this theater; it is closed, but the closing year is unknown.",Match,Exact,"474 MYRTLE AVE, BROOKLYN, NY, 11205",40.6933311,-73.96633778,Halal Munchies,amenity,fast_food,closed_unknown_date,medium,U.S. Census Geocoder; OpenStreetMap via Photon and Overpass,9/16/26,No matching current theater was found at the geocoded address. Closing date remains unknown.
16275,Weber's Theatre,"Imperial Music Hall, Weber & Fields' Broadway Music Hall, Weber & Ziegfeld's Music Hall","1215 Broadway, New York, NY 10001",Manhattan,40.74669,-73.98895,https://photos.cinematreasures.org/production/photos/193548/1480373863/large.jpg?1480373863,theater_images/16275.jpg,1892,unknown,,Closed,1,Cinema Treasures,https://cinematreasures.org/theaters/16275,9/15/26,,,,,medium,"Not stated on source page: closing year. Current-address audit found no confirmed continuation of this theater; it is closed, but the closing year is unknown.",Match,Exact,"1215 BROADWAY, NEW YORK, NY, 10001",40.74636613,-73.98860858,Citi Bike - Broadway & W 29 St,amenity,bicycle_rental,closed_unknown_date,medium,U.S. Census Geocoder; OpenStreetMap via Photon and Overpass,9/16/26,No matching current theater was found at the geocoded address. Closing date remains unknown.
7982,Webster Theatre,,"400 E. 167th Street, Bronx, NY 10456",Bronx,40.830485,-73.910139,,,1910,unknown,,Closed,1,Cinema Treasures,https://cinematreasures.org/theaters/7982,9/15/26,,,,,low,"Opening year is approximate (1910). Not stated on source page: closing year, image. Current-address audit found no confirmed continuation of this theater; it is closed, but the closing year is unknown.",Match,Exact,"400 E 167TH ST, BRONX, NY, 10456",40.83065712,-73.91045302,1170A,place,house,closed_unknown_date,medium,U.S. Census Geocoder; OpenStreetMap via Photon and Overpass,9/16/26,No matching current theater was found at the geocoded address. Closing date remains unknown.
3979,Werba's Brooklyn Theatre,"Montauk Theatre, Crescent Theatre, B.F. Keith's Crescent Theatre, Triangle Theatre, Shubert's Crescent Theatre, Brooklyn Newsreel Theatre, Billy Minsky's Brooklyn Burlesque Theatre","409 Flatbush Avenue Extension, Brooklyn, NY 11201",Brooklyn,40.6892084,-73.9809927,https://photos.cinematreasures.org/production/photos/93392/1390726663/large.PNG?1390726663,theater_images/3979.png,,unknown,,Closed,1,Cinema Treasures,https://cinematreasures.org/theaters/3979,9/15/26,,,,,medium,"Not stated on source page: opening year, closing year. Current-address audit found no confirmed continuation of this theater; it is closed, but the closing year is unknown.",Match,Exact,"409 FLATBUSH AVE EXN, BROOKLYN, NY, 11201",40.68937233,-73.98102547,Perfect Brows NYC,shop,beauty,closed_unknown_date,medium,U.S. Census Geocoder; OpenStreetMap via Photon and Overpass,9/16/26,"A nearby mapped venue matched part of the name, but review did not confirm it as the same historical theater; the theater is closed and its closing year remains unknown."
12426,West End Theatre,De Luxe Theatre,"362 W. 125th Street, New York, NY 10027",Manhattan,40.810757,-73.953448,https://photos.cinematreasures.org/production/photos/224163/1510619419/large.jpg?1510619419,theater_images/12426.jpg,1902,1975,1937,Closed,1,Cinema Treasures,https://cinematreasures.org/theaters/12426,9/15/26,,,,,low,Most recent stated closing year retained.,,,,,,,,,,,,,
13664,West End Theatre,,"52nd Street and New Utrecht Avenue, Brooklyn, NY 11219",Brooklyn,40.6340536,-73.9950732,https://photos.cinematreasures.org/production/photos/32794/1325547158/large.jpg?1325547158,theater_images/13664.jpg,1914,unknown,,Closed,1,Cinema Treasures,https://cinematreasures.org/theaters/13664,9/15/26,,,,,low,"Opening year is an upper bound ('prior to/before 1914'). Not stated on source page: closing year. Current-address audit found no confirmed continuation of this theater; it is closed, but the closing year is unknown.",Match,Exact,"52ND ST & NEW UTRECHT AVE, BROOKLYN, NY, 11219",40.63407376,-73.99507356,BMT West End Line,railway,subway,closed_unknown_date,medium,U.S. Census Geocoder; OpenStreetMap via Photon and Overpass,9/16/26,No matching current theater was found at the geocoded address. Closing date remains unknown.
66691,West End Theatre,,"263 W. 86th Street, New York, NY 10024",Manhattan,40.7889677,-73.9772637,,,,,,Open (Showing movies),1,Cinema Treasures,https://cinematreasures.org/theaters/66691,9/15/26,,,,unresolved_high_priority,medium,"Not stated on source page: opening year, image. External research did not identify a defensible exact opening year.",,,,,,,,,,,,,
20617,Westchester Theatre,,"2319 Westchester Avenue, Bronx, NY 10462",Bronx,40.8361028,-73.8475429,https://photos.cinematreasures.org/production/photos/234119/1518891253/large.gif?1518891253,theater_images/20617.gif,,unknown,,Closed,1,Cinema Treasures,https://cinematreasures.org/theaters/20617,9/15/26,,,,,medium,"Not stated on source page: opening year, closing year. Current-address audit found no confirmed continuation of this theater; it is closed, but the closing year is unknown.",Match,Exact,"2319 WESTCHESTER AVE, BRONX, NY, 10462",40.83592289,-73.8478267,Zerega Avenue,railway,stop,closed_unknown_date,medium,U.S. Census Geocoder; OpenStreetMap via Photon and Overpass,9/16/26,No matching current theater was found at the geocoded address. Closing date remains unknown.
23944,Westworld Cinema,"Westway Cinema, Westworld All Male Entertainment Center","355 West Street, New York, NY 10014",Manhattan,40.7298435,-74.0107207,https://photos.cinematreasures.org/production/photos/88871/1385906619/large.jpeg?1385906619,theater_images/23944.jpeg,,unknown,,Closed,1,Cinema Treasures,https://cinematreasures.org/theaters/23944,9/15/26,,,,,medium,"Not stated on source page: opening year, closing year. Current-address audit found no confirmed continuation of this theater; it is closed, but the closing year is unknown.",Match,Exact,"355 WEST ST, NEW YORK, NY, 10014",40.72903401,-74.01047529,340,place,house,closed_unknown_date,medium,U.S. Census Geocoder; OpenStreetMap via Photon and Overpass,9/16/26,No matching current theater was found at the geocoded address. Closing date remains unknown.
6938,Whitestone Drive-In,Whitestone Bridge Drive-In,"2505 Bruckner Boulevard, Bronx, NY 10465",Bronx,40.8300968,-73.8385977,https://photos.cinematreasures.org/production/photos/55854/1348091748/large.jpg?1348091748,theater_images/6938.jpg,1949,2013,,Closed,2,Cinema Treasures,https://cinematreasures.org/theaters/6938,9/15/26,,,,,low,Most recent stated closing year retained.,,,,,,,,,,,,,
18380,Whitestone Multiplex Cinemas,,"2505 Bruckner Boulevard, Bronx, NY 10469",Bronx,40.828732,-73.842416,https://photos.cinematreasures.org/production/photos/108630/1410832534/large.jpg?1410832534,theater_images/18380.jpg,1983,2013,,Closed,14,Cinema Treasures,https://cinematreasures.org/theaters/18380,9/15/26,,,,,high,,,,,,,,,,,,,,
8426,Whitney Theatre,,"67-05 Fresh Pond Road, Ridgewood, NY 11385",Queens,40.705871,-73.896073,https://photos.cinematreasures.org/production/photos/150905/1451351578/large.jpg?1451351578,theater_images/8426.jpg,1912,unknown,,Closed,1,Cinema Treasures,https://cinematreasures.org/theaters/8426,9/15/26,,,,,medium,"Not stated on source page: closing year. Current-address audit found no confirmed continuation of this theater; it is closed, but the closing year is unknown.",Match,Exact,"67-05 FRESH POND RD, RIDGEWOOD, NY, 11385",40.70573403,-73.89647589,67-09,place,house,closed_unknown_date,medium,U.S. Census Geocoder; OpenStreetMap via Photon and Overpass,9/16/26,No matching current theater was found at the geocoded address. Closing date remains unknown.
40375,Williamsburg Cinemas,,"217 Grand Street, Brooklyn, NY 11211",Brooklyn,40.7138414,-73.9596979,https://photos.cinematreasures.org/production/photos/63950/1357171094/large.jpg?1357171094,theater_images/40375.jpg,2012,,,Open (Showing movies),7,Cinema Treasures,https://cinematreasures.org/theaters/40375,9/15/26,,,,,high,,,,,,,,,,,,,,
1414,Williamsburg Theatre,Williamsburg Playhouse,"279 Broadway, Brooklyn, NY 11211",Brooklyn,40.708875,-73.958405,https://photos.cinematreasures.org/production/photos/52644/1345298651/large.jpg?1345298651,theater_images/1414.jpg,1914,1985,1959,Closed,1,Cinema Treasures,https://cinematreasures.org/theaters/1414,9/15/26,,,,,low,Most recent stated closing year retained.,,,,,,,,,,,,,
8019,Willoughby Theater,,"260 Knickerbocker Avenue, Brooklyn, NY 11237",Brooklyn,40.702171,-73.925093,https://photos.cinematreasures.org/production/photos/123757/1430185289/large.jpg?1430185289,theater_images/8019.jpg,1913,1951,,Closed,1,Cinema Treasures,https://cinematreasures.org/theaters/8019,9/15/26,,,,,high,,,,,,,,,,,,,,
16060,Wilson Theatre,Roebling Theatre,"27 Lee Avenue, Brooklyn, NY 11211",Brooklyn,40.7068657,-73.9611767,https://photos.cinematreasures.org/production/photos/45457/1338073157/large.jpg?1338073157,theater_images/16060.jpg,1919,1945,,Closed,1,Cinema Treasures,https://cinematreasures.org/theaters/16060,9/15/26,,,,,low,Most recent stated closing year retained.,,,,,,,,,,,,,
4080,Windsor Theater,,"4001 15th Avenue, Brooklyn, NY 11218",Brooklyn,40.6373912,-73.9824566,https://photos.cinematreasures.org/production/photos/159168/1455841905/large.jpg?1455841905,theater_images/4080.jpg,1928,1959,,Closed,1,Cinema Treasures,https://cinematreasures.org/theaters/4080,9/15/26,,,,,high,,,,,,,,,,,,,,
8049,Windsor Theatre,,"315 E. Kingsbridge Road, Bronx, NY 10458",Bronx,40.862601,-73.893595,https://photos.cinematreasures.org/production/photos/55851/1348090704/large.jpg?1348090704,theater_images/8049.jpg,1920,unknown,,Closed,1,Cinema Treasures,https://cinematreasures.org/theaters/8049,9/15/26,,,,,low,"Opening year is approximate (1920). Not stated on source page: closing year. Current-address audit found no confirmed continuation of this theater; it is closed, but the closing year is unknown.",Match,Exact,"315 E KINGSBRIDGE RD, BRONX, NY, 10458",40.86284789,-73.89405713,East Kingsbridge Road,highway,secondary,closed_unknown_date,medium,U.S. Census Geocoder; OpenStreetMap via Photon and Overpass,9/16/26,No matching current theater was found at the geocoded address. Closing date remains unknown.
13551,Windsor Theatre,New Windsor Theatre,"412 Grand Street, New York, NY 10002",Manhattan,40.7157751,-73.9861031,https://photos.cinematreasures.org/production/photos/165192/1461098089/large.jpg?1461098089,theater_images/13551.jpg,,unknown,,Closed,1,Cinema Treasures,https://cinematreasures.org/theaters/13551,9/15/26,,,,,medium,"Not stated on source page: opening year, closing year. Current-address audit found no confirmed continuation of this theater; it is closed, but the closing year is unknown.",Match,Exact,"412 GRAND ST, NEW YORK, NY, 10002",40.71595112,-73.98650407,Rite Aid,amenity,pharmacy,closed_unknown_date,medium,U.S. Census Geocoder; OpenStreetMap via Photon and Overpass,9/16/26,No matching current theater was found at the geocoded address. Closing date remains unknown.
13523,Winston Theatre,Palestine Theatre,"11 Clinton Street, New York, NY 10002",Manhattan,40.7209579,-73.9841335,https://photos.cinematreasures.org/production/photos/243407/1526802151/large.jpg?1526802151,theater_images/13523.jpg,1926,unknown,,Closed,1,Cinema Treasures,https://cinematreasures.org/theaters/13523,9/15/26,,,,,medium,"Not stated on source page: closing year. Current-address audit found no confirmed continuation of this theater; it is closed, but the closing year is unknown.",Match,Exact,"11 CLINTON ST, NEW YORK, NY, 10002",40.72106219,-73.98412062,9,place,house,closed_unknown_date,medium,U.S. Census Geocoder; OpenStreetMap via Photon and Overpass,9/16/26,No matching current theater was found at the geocoded address. Closing date remains unknown.
839,Winter Garden Theatre,"Warner Bros. Winter Garden Theatre, Cadillac Winter Garden Theatre","1634 Broadway, New York, NY 10019",Manhattan,40.7613897,-73.9831795,https://photos.cinematreasures.org/production/photos/92149/1389540537/large.jpg?1389540537,theater_images/839.jpg,1911,,2001,Open,1,Cinema Treasures,https://cinematreasures.org/theaters/839,9/15/26,,,,,high,,,,,,,,,,,,,,
8421,Winthrop Theater,,"135 Driggs Avenue, Brooklyn, NY 11222",Brooklyn,40.7230854,-73.944035,https://photos.cinematreasures.org/production/photos/7975/1309287788/large.jpg?1309287788,theater_images/8421.jpg,1923,1959,,Closed,1,Cinema Treasures,https://cinematreasures.org/theaters/8421,9/15/26,,,,,high,,,,,,,,,,,,,,
16274,Wonderland Theatre,,"1520 Broadway, New York, NY 10036",Manhattan,40.7574389,-73.9858069,,,,unknown,,Closed,1,Cinema Treasures,https://cinematreasures.org/theaters/16274,9/15/26,,,,,medium,"Not stated on source page: opening year, closing year, image. Current-address audit found no confirmed continuation of this theater; it is closed, but the closing year is unknown.",Match,Exact,"1520 BROADWAY, NEW YORK, NY, 10036",40.75752129,-73.98564239,Broadway,highway,pedestrian,closed_unknown_date,medium,U.S. Census Geocoder; OpenStreetMap via Photon and Overpass,9/16/26,No matching current theater was found at the geocoded address. Closing date remains unknown.
13473,Woodrow Theater,"Decatur Theater, Woodrow Wilson Theater","610 Wilson Avenue, Brooklyn, NY 11207",Brooklyn,40.6895049,-73.906593,,,,unknown,,Closed,1,Cinema Treasures,https://cinematreasures.org/theaters/13473,9/15/26,,,,,medium,"Not stated on source page: opening year, closing year, image. Current-address audit found no confirmed continuation of this theater; it is closed, but the closing year is unknown.",Match,Exact,"610 WILSON AVE, BROOKLYN, NY, 11207",40.68971247,-73.90653052,610,building,yes,closed_unknown_date,medium,U.S. Census Geocoder; OpenStreetMap via Photon and Overpass,9/16/26,No matching current theater was found at the geocoded address. Closing date remains unknown.
7934,Wyckoff Theatre,,"247 Wyckoff Avenue, Brooklyn, NY 11237",Brooklyn,40.7014853,-73.9145704,https://photos.cinematreasures.org/production/photos/1887/1307035401/large.jpg?1307035401,theater_images/7934.jpg,1915,1951,,Closed,1,Cinema Treasures,https://cinematreasures.org/theaters/7934,9/15/26,,,,,high,,,,,,,,,,,,,,
8709,York Theatre,"Victor Theatre, East End Theatre","1187 1st Avenue, New York, NY 10065",Manhattan,40.7628376,-73.9597895,https://photos.cinematreasures.org/production/photos/266885/1552003127/large.jpg?1552003127,theater_images/8709.jpg,1964,1964,,Closed,1,Cinema Treasures,https://cinematreasures.org/theaters/8709,9/15/26,,,,,high,,,,,,,,,,,,,,
6026,Zenith Theatre,,"14 W. 170th Street, Bronx, NY 10452",Bronx,40.8404759,-73.9184031,https://photos.cinematreasures.org/production/photos/263828/1547661703/large.gif?1547661703,theater_images/6026.gif,,unknown,,Closed,1,Cinema Treasures,https://cinematreasures.org/theaters/6026,9/15/26,,,,,medium,"Not stated on source page: opening year, closing year. Current-address audit found no confirmed continuation of this theater; it is closed, but the closing year is unknown.",Match,Exact,"14 W 170TH ST, BRONX, NY, 10452",40.84057621,-73.91896796,Citi Bike - Inwood Ave & W 170 St,amenity,bicycle_rental,closed_unknown_date,medium,U.S. Census Geocoder; OpenStreetMap via Photon and Overpass,9/16/26,No matching current theater was found at the geocoded address. Closing date remains unknown.
12,Ziegfeld Theatre,,"141 W. 54th Street, New York, NY 10019",Manhattan,40.763154,-73.979809,https://photos.cinematreasures.org/production/photos/2870/1307392323/large.jpg?1307392323,theater_images/12.jpg,1969,2017,2017,Closed,1,Cinema Treasures,https://cinematreasures.org/theaters/12,9/15/26,,,,,low,Most recent stated closing year retained.,,,,,,,,,,,,,
2251,Ziegfeld Theatre,Loew's Ziegfeld Theatre,"1341-47 6th Avenue, New York, NY 10105",Manhattan,40.7623979,-73.978658,https://photos.cinematreasures.org/production/photos/495519/1757996431/large.jpg?1757996431,theater_images/2251.jpg,1969,2016,,Closed,1,Cinema Treasures,https://cinematreasures.org/theaters/2251,9/15/26,,,,,low,Most recent stated closing year retained.,,,,,,,,,,,,,